no	1606515
a	1167740
na	960536
so	784968
me	758634
ne	734190
mu	442442
ho	346387
wo	331839
twi	197234
mo	183327
saa	177928
to	171170
bi	170231
yi	154908
de	147766
nyinaa	145120
ma	140442
nea	132563
nso	120600
se	112602
in	107807
of	106996
n	101825
ka	98663
da	97991
bere	93104
nanso	88569
ase	87065
nnipa	84698
biara	83346
m	82397
awurade	81158
anaa	77037
nti	72708
ani	70609
i	66735
us	65727
w	64908
enti	63494
t	61994
ba	59489
ama	56676
be	56633
mma	55744
di	55306
obi	54328
akan	51873
ye	49934
s	49253
te	49233
maa	48958
la	48482
fa	48054
asase	47366
adwuma	45535
ni	45308
home	42673
fi	42408
obiara	41961
nni	39730
adi	39261
paa	38821
woman	38733
nsa	38565
ade	38112
kwan	37320
akyi	35878
pa	35122
agya	35059
we	34526
aba	34497
ano	34058
at	33721
nkwa	32269
e	32185
gye	32181
baa	32037
wiase	31369
anim	31158
too	30660
aka	30381
daa	29876
tumi	29745
kasa	28750
nokware	28036
mpo	27776
baako	27699
more	27588
o	27424
on	27399
bo	26986
kan	26094
ko	25978
koraa	25822
sen	25771
den	25678
from	25403
or	25140
kae	25082
kaa	24854
site	24418
do	24138
nka	23594
mmara	23463
biribi	23220
ankasa	23177
ha	23082
as	22764
re	22531
wu	22347
am	22069
adwene	21675
biribiara	21599
mmom	21481
fie	20860
is	20468
mede	20426
afi	20400
yohane	20148
papa	20143
an	19924
sika	19549
momma	19323
nko	19306
he	19288
mose	19014
anka	18938
share	18921
nu	18801
hu	18610
oh	18488
mi	18336
baabi	17911
nna	17847
nhoma	17810
ti	17554
go	17396
ah	16900
man	16658
edi	16475
koro	16175
soro	15995
abusua	15959
mmoa	15920
time	15809
it	15719
won	15675
mmienu	15586
si	15488
wanna	15175
ansa	15142
anu	14997
bisaa	14890
aware	14721
gyidi	14487
adam	14320
asante	14172
wa	14132
efi	13916
afoforo	13746
ntam	13717
ahenni	13648
awie	13618
koma	13608
nya	13430
akyiri	13393
mom	13330
bae	13276
wode	12991
som	12897
kronkron	12641
mpae	12631
kakra	12566
aboa	12421
woo	12195
san	12109
anya	12062
p	11924
betumi	11842
d	11779
maame	11630
tu	11624
nyame	11594
nam	11584
aman	11504
b	11496
awesome	11445
sukuu	11396
tie	11272
du	11195
firi	11183
bie	11092
oo	11079
y	11055
aa	10988
sua	10888
f	10871
sa	10845
biako	10821
wan	10786
agye	10744
nsu	10612
mmarima	10387
boa	10278
mfa	10247
anuanom	10124
po	10031
u	9939
wubetumi	9922
anuonyam	9915
nnwuma	9840
ok	9823
baanu	9816
aduan	9793
mmofra	9717
men	9716
nuanom	9709
nua	9706
dua	9680
noko	9668
between	9432
nye	9422
buaa	9089
bra	9057
fo	9002
adinkra	8932
afa	8909
aso	8832
name	8829
owu	8766
nim	8736
asa	8716
ampa	8680
abien	8663
some	8619
asu	8591
asomdwoe	8550
nne	8455
gu	8338
wura	8322
bu	8204
nnye	8176
nhyira	8170
ntumi	8118
nsam	8053
ban	8029
yare	7954
aw	7940
nyansa	7879
aban	7879
asetena	7869
dan	7838
adanse	7747
meka	7725
adu	7681
mpem	7664
ato	7655
gyina	7572
nana	7542
ada	7483
su	7477
mere	7453
daakye	7412
nyaa	7357
wodi	7342
ati	7339
wi	7326
gyima	7265
adesua	7229
tw	7212
mene	7158
mfi	7129
ason	7126
ofi	7111
ya	7099
afiase	7097
aye	7077
mama	7060
waa	7026
satan	6891
k	6879
bisa	6871
tete	6834
ana	6784
aho	6781
yo	6730
anan	6701
nwoma	6696
maria	6674
huu	6637
wom	6622
akwan	6620
gyinae	6557
momfa	6552
abo	6527
afiri	6526
abofra	6520
mme	6516
babarima	6471
kofi	6404
akoma	6399
hwan	6363
naa	6347
meda	6335
baabiara	6286
mmaa	6276
mmea	6264
odi	6262
nhyiam	6243
kuro	6241
mode	6223
tia	6156
amma	6078
mmuae	6004
kunu	5988
krataa	5978
apam	5961
nnim	5943
mmere	5903
nnwom	5885
mfaso	5865
mantam	5739
nwonwa	5707
panyin	5642
tebea	5626
apem	5621
wadi	5618
asoo	5612
nkonim	5603
mr	5572
awia	5563
taa	5561
nipa	5556
nipadua	5554
mmra	5521
dea	5508
wikipedia	5504
nw	5489
amanaman	5487
c	5467
anni	5465
akosua	5373
honam	5324
akwaaba	5290
mete	5285
nie	5265
season	5238
nkutoo	5201
were	5193
luka	5045
aduane	5032
gyi	5001
win	4978
yam	4960
kwa	4937
nkoa	4929
wui	4885
hyia	4870
nsuo	4868
awu	4858
kra	4853
l	4843
bosome	4792
anidaso	4767
sum	4739
wonni	4724
wote	4710
ra	4698
h	4688
akoa	4686
mm	4647
ogya	4631
mae	4554
nte	4545
anime	4538
gonna	4515
ahyia	4487
nson	4473
made	4450
kenkan	4426
wunim	4418
obetumi	4406
owura	4398
debie	4394
atwam	4389
noa	4339
adom	4335
tiaa	4333
gya	4331
enni	4307
wofi	4297
nwa	4286
ki	4263
hokwan	4260
sunsum	4238
nkuran	4225
kurom	4208
ke	4193
bia	4192
atwa	4170
nom	4149
anum	4144
kakraa	4142
benya	4117
ad	4113
nnansa	4109
mframa	4105
bedi	4055
ayi	4049
amane	4041
buae	4033
suban	4028
pe	4018
boni	4015
asia	4010
make	3999
true	3994
ate	3991
atia	3986
nnan	3974
edin	3966
tenten	3960
aduonu	3954
v	3944
mereka	3941
nnya	3929
sene	3909
hui	3898
j	3870
mprempren	3810
ogye	3806
been	3786
dr	3768
tenaa	3766
adan	3740
mfiase	3734
g	3727
maka	3691
agyanom	3689
yaa	3662
nsia	3640
somaa	3634
abu	3623
wonim	3596
owusu	3567
anwonwade	3551
ketewa	3546
katie	3546
owia	3546
mfiri	3545
twa	3543
kare	3541
soronko	3539
aha	3521
tirim	3507
r	3504
tum	3502
tena	3497
eh	3480
atoro	3478
asaase	3459
nto	3449
ak	3440
akasa	3431
nnamdi	3427
aduanan	3351
nnua	3346
ahem	3345
owe	3332
yosua	3326
wone	3293
agyina	3283
women	3281
dabi	3276
ahennie	3257
woka	3239
binom	3234
metumi	3225
paradise	3222
etwa	3216
kwame	3208
twe	3205
amaa	3199
afrika	3181
bom	3150
menim	3144
akenkan	3138
adaka	3133
agyenkwa	3130
mmabarima	3123
babea	3116
pon	3113
nyi	3108
ako	3098
obu	3091
munnim	3088
tan	3085
sare	3083
kokoro	3071
wontumi	3070
wonya	3067
ewiase	3065
ayam	3064
anom	3058
ewiade	3039
botae	3038
sara	3033
wotumi	3026
nsoromma	3023
baasa	3011
asua	3011
aduasa	3004
li	2991
bara	2967
nsakrae	2965
hom	2964
oyi	2960
atena	2953
gyamfi	2953
nsuro	2915
akyire	2905
bite	2899
suro	2893
munim	2864
wim	2851
kum	2851
non	2841
madi	2818
nkron	2812
koto	2799
ware	2786
munni	2778
tone	2777
dae	2774
media	2771
anyame	2765
bua	2764
nhia	2753
yahoo	2749
team	2744
aduonum	2731
gyae	2722
akatua	2719
agyapade	2712
manya	2712
poro	2704
wokum	2703
mote	2698
asom	2698
boro	2692
en	2688
owuo	2685
medi	2673
simon	2672
ntena	2663
dumien	2639
dare	2635
homeda	2632
bonne	2630
asem	2626
wafa	2620
nyina	2615
antumi	2615
mfonini	2607
buu	2594
bieko	2574
atemmu	2572
asetra	2565
sane	2556
ben	2551
hunu	2551
ntease	2535
mese	2523
ahenkuro	2519
barima	2513
panin	2489
nk	2478
mpanyin	2473
x	2472
tom	2471
gyidie	2470
bike	2468
ta	2453
nnum	2452
anwummere	2447
hunuu	2439
akyirikyiri	2434
amansan	2427
wie	2426
mmirika	2416
kurukuruwa	2414
wonnim	2407
et	2401
menya	2380
nyinara	2380
asesa	2368
dede	2366
duru	2358
wubenya	2345
nokwarem	2339
edu	2338
efie	2334
obisaa	2334
ee	2326
asotwe	2322
tease	2322
gyinaa	2306
asantewaa	2305
ananse	2298
baanan	2298
trade	2289
anwuma	2288
akyinnye	2284
adwoa	2274
bon	2272
asan	2272
asiane	2271
hye	2264
mmaratuo	2253
nnyina	2243
mmusua	2240
atua	2240
tense	2238
tuu	2234
ananmu	2223
mpa	2221
sora	2217
ow	2210
adidi	2209
woadi	2194
akuapem	2187
aseda	2187
animuonyam	2187
sie	2176
beae	2173
naka	2156
ntia	2154
ahemman	2151
hoo	2145
fe	2143
muni	2143
menyaa	2142
ahotoso	2139
mmammarima	2134
benkum	2134
nyamesom	2131
wanya	2130
mpempem	2121
owui	2115
mmabea	2114
nnomaa	2110
hi	2109
antwi	2103
bisae	2098
monka	2091
ahankron	2075
adwenem	2071
mmu	2069
mamma	2068
ose	2067
soon	2061
kane	2060
oguammaa	2055
nwane	2055
wama	2054
ntade	2053
atumi	2051
osu	2051
aberante	2050
nt	2048
amerika	2047
meri	2038
kuo	2018
ahene	2011
soo	2011
tua	2007
nn	2005
komam	2002
mmaako	2002
mate	1996
mean	1992
boaa	1987
simma	1985
mpoano	1979
aduru	1971
nnwan	1966
el	1960
okyere	1958
hyiadan	1954
ntamadan	1945
nyan	1943
ntama	1937
same	1937
baba	1935
mmeae	1932
mekae	1927
woanya	1926
koo	1924
amfa	1916
mfatoho	1915
benyamin	1910
nude	1909
twaa	1907
oye	1903
aniwa	1900
ntoatoaso	1899
hwe	1896
afie	1888
sini	1884
fitaa	1881
woa	1875
nketewa	1874
hare	1869
gyaa	1859
nani	1857
tere	1832
akokoduru	1828
baason	1825
asetenam	1824
tim	1823
nkae	1820
woma	1808
sea	1807
nkasa	1801
asian	1799
nnafua	1784
nidi	1784
kanaan	1783
turo	1782
mono	1781
obenya	1777
ahofadi	1775
twam	1768
asen	1755
awa	1754
atwe	1750
abufuo	1748
adesamma	1748
amfi	1733
mprenu	1728
enye	1724
nho	1723
nuabea	1722
duma	1719
sam	1716
wawu	1710
naam	1710
mebae	1707
kenya	1702
gyata	1697
nkuro	1694
kuruwa	1694
ku	1689
toaa	1689
dada	1675
soma	1674
obedi	1673
dream	1673
nhomasua	1669
mema	1669
nwomasua	1659
wonka	1659
etumi	1659
adwumaden	1655
amakye	1655
ru	1652
num	1651
nuabarima	1650
aduosia	1648
fine	1644
egyina	1642
nananom	1639
waka	1639
annye	1636
woho	1636
biase	1633
kwabena	1632
abam	1627
nyarewa	1619
mudi	1616
abi	1609
kumaa	1607
un	1605
nnamfonom	1601
susu	1599
wonnye	1599
munnye	1597
adepa	1590
note	1586
kama	1585
yan	1575
ken	1575
munnsuro	1574
abosome	1573
bem	1571
atade	1563
mame	1557
hawa	1556
mfitiase	1553
kanea	1551
akuma	1551
z	1548
atom	1547
suru	1545
osuani	1541
aduro	1540
tiri	1535
nsase	1531
adaa	1524
komm	1523
toto	1520
future	1520
akwampae	1518
tiawa	1516
sesa	1514
mekaa	1512
nkrataa	1509
mam	1506
ae	1505
menka	1504
meme	1501
mfinimfini	1500
lu	1497
adesoa	1495
yona	1493
nkyene	1491
anna	1491
nwu	1489
kura	1481
kara	1474
akum	1471
ahonya	1471
bin	1470
monkae	1469
obaa	1458
gone	1458
mfie	1457
edidi	1455
nkoaa	1451
memfa	1449
abodin	1449
ahome	1449
kwaku	1448
q	1446
ep	1443
nkabom	1443
ayaresabea	1442
kasam	1441
buronya	1441
moka	1440
mehia	1438
ab	1437
ed	1436
ayera	1435
menni	1432
kokoram	1427
nyimpa	1426
hua	1423
mmabaa	1419
mon	1414
abena	1413
abono	1412
ogyina	1411
mommfa	1408
sue	1395
ene	1394
sin	1393
bea	1390
bone	1387
hana	1387
seetan	1385
denam	1374
demo	1374
akontaa	1367
ode	1365
obiaa	1365
dam	1364
bewu	1361
nsom	1358
woda	1356
akwahosan	1354
abarimaa	1350
haa	1341
wada	1338
awe	1338
ketewaa	1338
mubedi	1335
wudi	1334
yoo	1331
meba	1326
sui	1321
mmofraase	1321
nyin	1316
ntie	1315
woate	1313
mebaa	1310
moda	1309
boom	1308
nkumaa	1308
akodi	1306
twin	1305
paanoo	1300
take	1296
akua	1293
kumase	1292
hate	1291
abodoo	1289
nwanwa	1287
woyi	1285
abom	1279
ahoni	1277
osuro	1277
egya	1271
dadwen	1267
mfimfini	1262
ahia	1258
siesie	1255
hyiae	1253
wubedi	1252
hyiraa	1251
nsem	1249
abotare	1245
ayaresa	1243
muntie	1243
wokae	1242
lua	1241
monni	1241
bue	1237
etoro	1236
ame	1235
swim	1233
akwa	1233
desu	1232
awura	1231
anata	1229
babaa	1225
akye	1222
mori	1221
wonnya	1221
nyam	1220
wunnim	1214
amen	1214
afeha	1212
apon	1211
nkyem	1206
daabi	1204
ntoaso	1202
asie	1201
none	1200
kam	1195
afua	1195
nhyia	1192
abue	1192
ahohora	1181
anyin	1174
nnuan	1173
mmae	1171
edwuma	1171
mommra	1171
ek	1169
mentumi	1166
bamaa	1162
abedi	1162
akyere	1162
duu	1161
seen	1159
bokura	1158
tin	1157
atenae	1154
eden	1151
kaesare	1151
asakura	1149
kanu	1145
akwaa	1144
ny	1141
nhyiamu	1140
ababaa	1139
wosuro	1138
wuu	1137
adwen	1133
ahohia	1132
mubetumi	1131
wine	1131
abua	1124
fu	1119
ankorankoro	1119
koe	1114
mansini	1114
pono	1113
parade	1112
bare	1112
akumaa	1112
mmerante	1109
wayi	1108
biri	1106
nokwaredi	1106
ante	1106
basabasa	1105
kase	1105
bibi	1103
poma	1100
aduokron	1100
suaa	1100
kunkum	1100
woaka	1100
mua	1099
dennen	1093
mepa	1091
nyia	1090
koko	1088
tra	1086
bane	1085
uk	1085
kora	1084
luusua	1084
anyinam	1083
nsen	1082
mawu	1077
abuse	1076
boo	1075
anwu	1069
karen	1067
boakye	1067
akron	1065
abaa	1062
neho	1062
enum	1056
makedonia	1056
son	1056
ntwa	1055
mpofirim	1054
gyinabea	1054
tenabea	1054
wohia	1050
samaria	1050
nketenkete	1049
mensuro	1049
merentumi	1048
mpataa	1046
ntini	1046
mewu	1046
wotie	1043
nsonsonoe	1043
tokyo	1040
adehye	1039
kese	1038
nkitaho	1033
adaduanan	1028
nyane	1028
wutumi	1027
wofa	1025
moanya	1025
mente	1024
nkran	1022
nkunim	1022
oguan	1021
open	1017
wufi	1014
moma	1013
subane	1013
hon	1011
toa	1010
osetie	1010
woduu	1003
ntomadan	1003
asiesie	1000
mennim	999
yafunu	999
owi	996
asantehene	994
akasakasa	993
mmarimaa	993
yonatan	992
akuraa	991
kelaese	991
turodoo	989
apa	989
dem	989
bre	989
meho	988
aku	988
kodi	988
mera	987
owari	985
wamma	983
siane	982
nniso	981
ntaban	981
sabi	980
bam	978
obia	977
afoa	977
hyiaa	976
okunu	976
egye	975
sere	973
af	973
nsie	973
enyi	972
mpaboa	971
nsonoe	970
eduu	970
afia	968
memaa	968
kasasua	967
anye	964
maba	963
montie	962
mum	959
mapa	959
manka	959
wusua	955
mone	954
ahonyade	954
dedi	953
mekenkan	952
ofie	952
kata	952
nkan	951
teri	950
tea	950
amanne	945
wunya	944
nnam	943
amu	942
ahohiahia	941
basaa	939
agyede	933
human	931
um	930
papaapa	929
akra	928
abisa	927
adaemone	926
annya	925
mansin	924
babu	922
es	921
subete	921
awotwe	920
tuntum	919
wonyaa	919
nyoro	917
abosom	916
im	916
nnu	915
wuo	915
ata	914
mona	914
sae	914
menu	910
nhom	908
pam	908
wunni	905
duruu	905
mayi	905
mesan	904
nowa	903
moate	903
adware	902
sweetie	901
woatumi	898
sore	898
sodom	895
aboro	894
tabi	893
wuram	892
nnanu	890
toom	889
ro	886
sakaria	886
woama	885
efiri	885
paapa	885
nhwiren	884
pan	883
mesia	882
nnom	879
makoma	879
oko	878
nwosu	878
ntoma	877
koni	876
aberewa	875
kwasida	874
baboa	872
bata	872
pae	869
nante	867
ten	866
biaa	865
nkakrankakra	864
wuhia	862
abusuakuo	862
tuo	860
menam	860
woke	858
nneka	856
montena	855
moa	854
dabiara	851
wantie	850
anyone	849
nnianim	848
mpaebo	847
teen	847
atie	846
ri	844
kaneadua	843
abere	843
honoo	843
mesua	842
waba	838
ay	836
bebu	836
luke	836
manase	835
amra	835
keka	834
okum	833
ahantan	832
wani	832
anon	831
nen	830
atra	830
memeneda	830
anantwi	828
kasae	827
adwumam	826
mumfi	825
nienwu	823
oba	823
awuwu	822
mumu	822
monte	819
em	817
odwen	812
fida	810
nuabarimanom	809
anibere	808
ahanu	807
antie	805
mawie	804
ham	804
akoda	803
batumi	803
bro	801
afura	798
amena	798
asuo	797
mosom	796
sekyere	794
bonsu	793
akwaba	791
han	789
nkra	789
aniwu	789
wae	788
baanum	788
morentumi	788
woro	787
kolaa	787
ahennwa	787
korakora	786
nnome	786
mmoawa	786
om	784
wonam	784
koduu	784
abakan	783
suna	783
abura	782
naaso	782
ahye	781
afanan	781
ampene	780
worentumi	780
meto	780
nnuru	779
ankra	778
wotwa	777
afra	777
dubaako	777
sian	776
mpesua	775
mamfa	774
mano	774
oka	772
wuwui	771
mason	771
enya	770
busuani	768
side	768
nwanwane	767
baasakoro	767
tekiti	767
boka	764
edom	764
wokunkum	761
wose	761
betena	760
nkrante	760
nno	760
toma	760
nae	759
kraa	758
musume	757
sure	756
mokyekye	756
due	756
woto	756
kratafa	755
kono	755
haha	754
tema	752
titire	749
mea	748
dawuru	747
wotan	747
akode	745
nkontompo	744
motra	744
ie	743
nnedi	743
id	742
sweden	740
apataa	739
yoru	739
hyira	738
bosea	738
sono	735
anika	734
fire	732
mmuada	731
nano	731
mfoni	730
atrae	729
ammu	729
agyae	728
mante	727
yoon	727
titiri	727
ahonim	726
watan	725
wosomaa	725
wotaa	724
ewim	724
awoda	723
mmo	723
amoa	723
asaman	721
oduu	721
para	720
nkwammoaa	719
baho	719
nantwi	718
date	717
efeso	716
nkoasom	715
monsom	715
ar	715
nware	714
wanka	713
kuru	713
ayayade	712
kununom	708
poo	705
nse	705
daadaa	704
mase	704
ewu	701
badwa	701
kete	701
database	700
ahode	700
keteke	698
aya	698
akanea	698
nnyi	696
metenaa	696
marie	696
duaa	696
fuu	696
pro	696
tui	695
asoma	695
moon	694
woantwitwi	694
akwadaa	693
awuraa	693
akyem	692
kokoam	691
hora	691
afenaa	691
hohoro	690
ennye	685
ue	685
adwumakuo	685
mmiensa	683
dw	682
ataa	681
wayera	680
mp	680
anomaa	679
amonom	678
luna	678
nusu	676
nnanson	675
sikakorabea	675
hoahoa	675
koyi	674
wakasa	673
wontie	672
mui	672
adie	671
franse	670
mmisa	668
awuranom	668
nha	668
md	668
mani	667
moto	666
modi	666
haran	666
tam	666
woso	665
beba	664
abode	663
wate	663
ea	663
sesae	663
tumidi	660
akontaabu	659
abansoro	658
aduoson	658
akokoaa	658
asare	656
kraman	655
mmfa	655
susan	655
wosan	655
mpaa	655
data	654
anso	654
agua	653
drama	651
aseni	651
botan	649
anto	648
monsan	648
gyan	647
adane	647
akonnwa	647
dum	646
noho	645
mmfi	645
adwempa	642
sesaa	641
asuade	641
mako	640
twetia	640
sakra	639
medame	639
obama	638
wosua	638
noo	634
pasaa	634
nkwadaa	633
memma	633
atemmuo	633
nufusu	633
moannya	632
eno	632
kwae	631
nwi	628
wen	628
aduaba	628
wofiri	627
shiawase	626
muntumi	626
aden	626
boku	623
mmoroso	623
abia	622
moro	622
nyamekye	622
kuma	622
waan	621
soso	620
nnommum	620
ntaa	617
sorosoro	617
obuaa	617
wabi	617
os	616
fri	616
sakura	614
ahemfie	612
tenteenten	611
osebo	610
adwenade	609
aguadi	608
asiedu	607
base	607
medaa	606
mf	605
afidie	604
akofena	603
baka	602
menwu	602
wubebisa	601
nnera	601
nsesa	599
korea	599
wia	598
pre	598
nwura	598
nnuane	596
tera	595
anyanwu	594
kwasea	593
mfiridwuma	593
moremfa	592
nkata	592
woye	592
kunini	591
tito	591
anyan	590
anantwie	590
hw	589
kon	588
metena	587
nenanom	587
mekasa	587
okura	587
wotuu	587
mediema	587
nine	586
matumi	586
adwensakra	585
agyeman	584
afuo	584
amo	584
sense	583
anokwa	583
luku	583
obebu	582
woayi	582
metaa	582
tae	580
beware	579
kana	579
adasamma	578
femme	577
nsan	577
nuabaa	577
dane	576
nnka	576
abaawa	575
bikini	575
nin	575
dendeenden	574
sasa	574
dude	574
adoma	573
wise	572
wokenkan	572
wuntumi	571
adamfofa	571
ennu	569
brian	568
ahemfi	568
odwan	568
sia	568
akodu	567
awake	566
wotwaa	566
wannya	566
drum	565
nkotodwe	564
anti	564
sanaa	563
asasesin	562
apo	562
kom	561
ntua	561
nkaedi	561
bodane	561
agyan	560
tempo	560
osua	559
ahyiae	559
soa	559
aforo	559
nkitahodi	558
obaapa	557
suu	556
nnaa	555
watumi	555
nohoa	555
abadiakyiri	555
ankonam	554
ahanan	553
annan	551
nyaatwom	550
amfiri	549
bonsam	549
abon	549
adwinnwen	549
nku	548
mutie	548
akram	548
wienyi	548
ky	548
etwaam	547
tiro	547
oda	547
betania	546
nkonimdi	546
woreka	546
tue	546
nkyen	545
gyama	545
monnsuro	544
atuu	544
monim	544
nnui	543
mubisa	542
monnim	542
basa	542
dunum	542
ahasa	542
nnyae	542
annie	541
ahwe	541
nia	540
eni	539
oforisuo	539
baha	539
anania	538
akwantuo	537
nneema	537
mmusuakuo	536
nsuu	536
kabea	536
ahyira	535
behia	535
akwakoraa	534
moo	532
nkuraa	532
mpanin	532
dunan	531
baaba	531
atenka	531
atim	530
ahiade	530
adoro	530
susume	528
mubenya	528
bete	528
ammo	527
meboa	526
kore	526
mune	525
etia	524
aguaman	523
ns	523
adore	522
kari	522
sem	521
nsateaa	521
mpasua	521
hum	521
shame	521
afasu	521
amankwaa	521
apue	520
nsane	520
nnyinaso	520
nnuro	520
wua	519
nabi	519
ninkunu	519
fr	518
dui	518
nwe	518
okununom	517
monnsom	517
nnansia	517
opoku	516
akwannya	515
nisuo	515
nwini	514
sidon	514
ayia	514
nnuaba	514
wunnye	513
mufi	513
bien	511
ua	511
baye	510
obua	510
kokye	510
nipasu	509
binti	509
adansedi	508
nehemia	508
soe	508
adidibea	508
kr	508
ahansia	507
akoten	507
tintim	507
kua	507
atete	507
sraadi	506
monkenkan	505
adeebeba	504
kaesarea	504
monnye	504
mmamu	504
asene	503
watena	503
wuse	503
adannandi	502
bui	501
funu	501
adedi	501
mesom	497
abubu	497
amansin	496
atwima	496
nkate	496
kw	495
abeawa	495
woamfa	494
wana	494
nkuruwa	494
hoa	493
akyene	492
moaka	492
mana	491
toro	491
wokurakura	491
abaayewa	490
nkyi	490
nkaa	489
ahanum	486
boroo	486
nyae	485
ntra	485
denden	485
osoro	484
obisae	484
watase	484
hama	483
oku	483
adwa	482
merema	482
asam	481
napa	481
adwumawura	481
manoa	481
nwonane	480
adehyeman	480
nkekaho	480
ahiru	478
afurum	478
yosia	477
akae	477
hota	476
asuasua	476
bebisa	474
kumi	474
mumua	474
nwie	473
ahokyere	473
afeto	473
sekan	471
anwonyia	471
mada	470
wanom	470
badu	470
meresoma	468
sran	467
mahama	467
kato	467
baaye	467
sanofi	466
ofori	466
wasua	466
mmerewa	465
ol	465
betwa	465
wake	465
nature	465
nnepa	464
mesu	464
edwin	464
bosom	462
mpena	462
bono	461
ahosodi	461
mereba	460
medwene	460
asennua	460
nkokoaa	460
nnue	460
adowa	459
samariani	459
apono	458
babi	458
konim	458
wamfa	457
dasu	456
obisa	455
abebu	455
afotuo	455
wohyia	454
wade	454
abotan	454
wufoo	453
ahwere	453
benin	453
afum	452
tare	452
mature	452
tara	452
sukoa	452
nkoroo	451
adana	450
bisabisaa	450
wakare	449
osuboni	449
afu	449
mata	449
woaa	449
dumienu	448
ademude	448
ahaban	448
botum	447
mena	445
ane	445
konya	445
ntom	444
adua	443
suani	442
nkwakoraa	442
oa	441
adewumi	441
nkwan	441
beni	440
amammui	440
monto	440
seba	440
wubu	440
akyekye	439
mare	439
waye	439
monya	438
nnidi	438
tene	437
aguan	437
wantumi	437
mpaapaemu	437
mpue	437
fra	436
obewu	436
yoma	436
nkuraase	436
abantenten	435
nwom	435
ntem	435
naaman	435
efa	434
wanko	434
kente	434
maan	434
gyemise	434
asane	432
sayin	429
obuu	429
nd	429
tina	428
ami	428
setie	428
ewie	428
ena	427
dansu	427
agyata	427
poem	427
asiria	427
nkum	426
beduu	426
kakye	426
mpata	425
akoko	425
ahom	425
beam	425
monam	425
siria	424
daapem	423
wunnya	423
enka	422
osuo	422
nantwie	422
obekum	422
bayi	422
er	421
ahemadakye	420
eda	419
tabea	419
merennya	419
masua	418
moatumi	417
awabi	417
lumua	417
kate	417
sim	416
betua	415
munya	414
apae	414
wasan	414
mmabunu	414
wosu	414
mari	414
fre	414
sekem	413
akyekyere	413
nyini	412
akorade	412
adesae	412
mfidie	412
adwennwene	412
nseku	412
wannye	411
kwata	410
womaa	410
nena	410
okyeame	409
ap	409
wakum	409
obese	408
nkraman	407
moe	406
wam	406
nenam	406
sima	405
woe	405
agyekum	405
gyedie	405
ntoo	404
wanyin	404
montwe	403
nono	403
akwasidae	403
abandonware	403
bena	403
odwammaa	403
ansu	403
mpan	403
titenani	402
anyi	402
ofosu	401
batwoman	401
osuaa	401
nkwadua	401
natan	401
maso	401
wudwen	400
ntoto	400
mummedi	400
kasamu	399
meremma	399
sraa	398
adaadaa	398
ede	397
nkye	397
wonnyaa	397
sra	397
nh	396
awi	396
adeda	396
woaware	396
masa	395
nhwi	395
yara	395
debora	393
akraman	393
owusuaa	393
oduduu	393
anomu	393
baafi	391
semi	391
moade	391
nkanea	391
wetin	391
wabu	391
wubewu	390
waakye	390
maman	390
honda	390
mesomaa	389
ewiem	389
mfaa	389
kuni	389
traa	387
nnkame	387
korinto	387
kasaa	387
gosen	387
eto	387
serene	387
ahora	387
medaase	386
woana	386
atoto	386
nwunu	386
nyianu	386
enyim	386
abara	385
akata	385
monna	385
nsoa	385
ntotoho	385
betwam	385
metua	385
beta	384
takyi	384
awosu	384
ntakra	384
nane	383
kotoko	383
totoo	383
wide	383
wodidi	383
nsua	383
turom	382
nnanna	382
amantam	382
wommu	382
koso	382
teteete	381
akoto	381
adani	381
akono	381
nkyekyere	380
sidi	380
wuwu	379
nuu	379
prison	378
naan	378
gomora	378
abosonsom	377
harem	377
mommoaboa	377
munsiesie	376
abisade	376
mmabaawa	376
obuae	375
hwa	375
mmeranteberem	375
uw	375
sedekia	375
toronto	375
adae	375
wumi	374
mannye	374
hwene	373
twum	371
bebisaa	371
meko	371
wubehia	371
ofiwura	371
muse	371
apete	371
beto	371
worekenkan	370
awudi	370
dani	370
meni	370
akora	369
pu	369
op	369
adum	369
agyare	368
biribiri	368
nhomakorabea	368
bubuu	368
mmusu	368
woom	367
kanyan	367
aforosiane	367
bikin	367
sr	367
mununkum	366
obiako	366
kokoa	366
mfuturo	366
nkorabata	366
paano	366
nnwinnade	365
anokye	365
ot	364
wore	364
afasuo	364
nkyekyem	363
wanni	363
sakraman	363
sama	363
mummisa	363
obuo	363
ahannum	362
mannya	362
natumi	362
kotoku	361
og	361
nhini	361
ahanson	361
nkyekye	361
karu	361
adewunmi	361
mane	361
akansie	360
nhye	360
anne	360
wudu	360
mfutuma	360
ia	360
nanka	359
sononko	359
munnya	358
haman	358
mprako	358
pata	358
atenten	358
okyinnsoromma	357
abibiman	357
asaa	357
dade	357
nsunsuanso	357
anwummeduan	357
yawe	356
benada	356
hoye	356
ewe	355
sikanibere	355
obo	355
mommisa	353
woredi	353
woaba	353
suasua	352
apene	352
manu	352
kodu	352
atoa	351
mewie	351
merekoyi	351
patapaa	351
nnti	351
wankum	350
mman	350
kataa	350
nkyia	350
fufuo	350
ew	350
tune	349
meremfa	349
tame	349
wonsa	349
oya	348
kro	348
nkwasea	348
mafa	347
ahaa	347
abira	347
manso	347
moamfa	347
behyia	346
baraba	345
mafi	345
owen	344
nhomawa	344
hoyi	344
nikodemo	344
mmoro	344
ahodoo	343
kano	343
afunu	343
munyi	342
nonsense	342
meso	342
wowu	342
mpemnum	342
mmera	342
taboo	341
nkyirimma	341
mekan	341
sahene	341
woabua	340
danso	340
kamfoo	340
bruu	340
kaam	339
ntwe	339
ntonto	339
woronko	338
ton	338
wotua	337
behyira	337
keda	336
bewafa	336
enyin	336
nkyere	336
baare	335
woapa	335
amammuo	335
bari	335
weapon	335
osikani	335
nansa	335
kekaa	335
nufu	335
hy	334
bebia	334
mmi	334
nyantakyi	334
felike	334
mebisa	333
bewie	333
woamma	333
ennum	333
nm	333
tutumi	333
momo	333
wubesua	332
asese	332
monnya	332
wodwen	331
danseni	331
denare	330
wafaa	330
nkwanta	330
mfem	330
ahannu	329
baan	329
masan	329
boahemaa	329
ankara	328
nnipakuo	328
anidie	327
menyia	327
nnyaa	327
goo	327
twere	327
kwu	327
wodin	326
boaboaa	326
nta	326
mennye	325
wanwan	325
sosua	325
makoto	325
neko	324
nnidiso	324
anwea	323
dean	323
sw	323
bataa	322
akura	322
senya	322
atitire	321
mereko	321
nwene	321
afono	321
amnon	321
hwete	321
akari	321
adamoa	320
kosua	320
yonko	320
gyere	320
ankaa	319
ananmusini	319
dummienu	319
wonte	319
asafohene	318
feature	318
tenae	317
twaka	317
hoho	317
mensa	316
nsene	315
mompem	315
basafa	315
mmoaboa	315
uh	315
mmaayewa	314
dunsia	314
goro	313
amano	313
agyirae	313
hyehye	313
mmata	312
mesa	312
aprannaa	312
madwoman	312
awan	312
saanso	312
hote	312
tem	311
ayaa	311
dakoro	311
womfa	311
okita	311
watra	311
momfiri	311
bako	311
bene	310
ansaana	310
bedu	310
woresua	309
menso	309
meta	309
okyena	309
wuranom	309
nkoko	308
makri	308
wubi	308
mannaka	308
ayie	308
nhaban	308
nokore	307
deda	307
ahonu	307
yahia	307
owusua	307
ogyaa	306
seese	306
ahokeka	306
odum	306
wuraa	306
ammua	306
afro	306
gyimi	306
ahannan	306
merempa	306
mmoadabi	305
nkitahodie	304
dankwa	304
nnipakan	304
konadu	304
asakra	304
asiriahene	303
wowie	303
ahoa	303
ataade	303
abenaa	303
woatwe	303
kaba	303
marina	302
antena	302
dadwene	302
womfi	302
kaakyire	301
sisera	301
nara	301
sraban	301
atorosom	300
wiram	300
nkotoku	300
tori	300
ammaa	300
nkasanoma	299
ag	299
nkonya	299
worente	299
atintim	298
oguamma	298
anko	298
eguu	298
akete	297
adwendwen	297
amon	297
nsaano	296
nyisaa	296
woabisa	296
kenka	296
soda	296
koete	296
ahomaso	295
ahosiesie	295
afunumu	295
mato	295
amoako	294
mummua	294
akomam	294
aserewa	294
menko	294
fidaa	294
bonnie	293
nsaa	293
ur	293
awiase	293
nkenkan	293
afonso	292
mmuruburu	292
wukuada	292
anoyi	291
ntontom	291
toe	291
mummu	290
woantumi	290
mudwinnwen	290
monom	290
kaka	290
teaam	290
moannye	290
waware	289
sanso	289
sha	289
wodaa	289
sho	289
kuadwuma	288
mfata	288
ahinime	288
manni	288
ahonen	287
nkana	287
wasa	287
meno	286
akokoakoko	285
dere	285
siam	285
bikye	285
nwansena	284
kuu	284
nkontaa	283
awasete	283
okuru	283
mmoadoma	282
wase	282
nuabeanom	282
nwera	282
behyiaa	282
wodwene	282
twitwa	282
nnamani	282
bibiara	281
asetram	281
mantumi	281
annua	281
wubisa	281
woakenkan	280
kwon	280
nnwen	280
wosom	280
seem	280
mmiako	279
wonkunkum	279
afehyia	279
dekode	279
wokaa	279
maturi	279
maware	279
ninewe	278
goa	278
munsua	278
kowie	277
tiara	277
atoko	277
uu	277
tintin	277
mmirekyi	277
obubuo	277
nasa	276
srade	276
kusuu	276
mmarato	276
saka	276
mamoru	276
akodie	276
aponto	276
wanim	276
nkoro	275
ahoma	275
ahomaa	275
ennwuma	275
kwakye	275
pasa	275
wafi	274
naku	274
nnenna	274
ete	274
agumadi	274
agyaa	274
efiade	274
antia	273
moayi	273
ahaasa	273
soto	273
wotintim	272
pr	272
atentam	271
pose	271
kawa	271
pawaa	271
anyia	271
ahofama	270
boayikuo	270
wutie	270
dawuro	270
fraa	270
od	270
kohyiaa	269
ahwete	269
moamma	269
wakyi	269
enam	268
buo	268
twene	268
yoda	268
kami	268
adwinni	268
nyanko	268
nnewi	268
akwansin	267
wasesa	267
oso	266
hwannom	266
safohene	266
nabari	266
wokura	266
anini	266
nsakra	266
tuna	266
iw	266
amapa	265
nada	265
mofra	265
meresua	264
moabisa	263
bore	263
akon	263
maye	263
senkan	263
medina	263
mariam	263
matena	263
ahennea	263
annom	262
worennya	262
wantan	262
homo	262
merenka	262
betie	261
nketia	261
sudan	261
abotane	261
demon	261
sanku	261
nkurafoa	261
twetiatwa	260
entumi	260
mubewu	260
ntentan	259
ababaawa	259
nkura	259
kusabi	259
awesom	259
namoro	259
ewurade	258
wunsuro	258
tuaa	258
ogyinaa	258
atene	258
ahyiam	258
anoa	258
shin	257
taken	257
wanda	257
hotarubi	257
kade	256
adem	256
noaa	256
makora	255
nnesoa	255
niniwe	255
woretwe	254
mmamaa	254
amm	254
nimfomanka	254
ui	254
korankye	253
fitafitaa	253
sanam	253
oe	253
saara	253
teresa	253
asodi	253
wowuwu	252
twaam	252
mfuo	252
teta	252
adomako	252
nkomo	252
hwehwe	251
anoma	251
nyera	251
kako	251
nkakra	251
nene	250
kurotia	250
aniwuo	250
bede	249
soko	249
tutuu	249
susie	249
obue	249
mofa	249
nyansam	249
akunkum	249
mmofraberem	249
bahia	249
ahofadie	248
nsiesie	248
awuo	248
woasua	247
obetie	247
bokan	247
meamaa	247
womma	247
aben	247
osian	246
sakrae	246
munnyae	246
nwuma	246
okwan	246
yama	246
kaede	246
paani	246
amamere	246
anno	245
anaase	245
bunkam	245
nasareni	245
woaboaboa	245
br	244
akinwumi	244
nhohoro	244
mfon	244
sano	244
muda	244
asomdwie	244
woremma	243
wowuwui	243
afam	243
fufu	243
nsono	243
mmakan	243
sri	243
fete	243
anibu	243
akuo	242
mabu	242
saba	242
hata	242
aburoo	242
hae	241
fui	241
hosea	241
woankanyan	241
bide	241
abandon	241
nantwinini	241
homeware	240
bekyere	240
ammoa	239
duro	239
maya	239
mn	239
okra	239
aburo	239
amene	238
koda	238
bubu	238
opanin	238
antwiwaa	238
mmarimma	238
awuraadwoa	237
woko	237
afira	237
soaa	237
ammisa	237
menye	236
teaa	236
sukuuni	236
munsuro	236
wukum	236
mokaa	236
ahenman	235
mowuamra	235
numeri	235
obinim	235
waboa	235
nnwu	235
siri	235
eti	234
mmerantebere	234
mende	234
woatie	234
nose	234
adanne	234
frankaa	234
wosuroe	233
kwankwaso	233
wonna	233
baam	233
nanabarima	233
wasoma	233
asuka	232
woware	232
abonsam	232
gyidini	232
gyimie	232
mara	232
ofiri	232
mesuro	232
nem	231
baabaa	230
wareware	230
worebisa	230
afena	230
momoa	230
hanabi	230
mmusuo	229
nsutire	229
kabi	229
nuan	229
ankame	229
kwati	228
agyinamoa	228
tano	228
homa	228
ennya	228
ahooden	228
musua	228
metie	228
anwoma	228
sean	228
moaa	228
hose	227
mebanyia	227
sonya	227
awotwaa	227
akorae	226
wowoo	226
woara	226
dase	225
moatena	225
akwati	225
makum	225
mebo	225
atwene	225
akyaa	224
tre	224
mubu	224
ahohoahoa	224
kwasiada	224
moore	224
ntokuru	224
mekakye	224
wokyi	223
memfata	223
ahoo	223
ntim	223
dakota	223
akwanside	223
asanom	222
nnie	222
adura	222
apomuden	222
tente	222
sakyi	222
nnadewa	222
nnkotum	221
menkae	221
makyi	221
menna	221
mami	221
kokom	221
monyi	221
okasa	221
merensuro	221
nanabea	221
nnwumakuo	220
anita	220
wakaba	220
paaye	220
akosie	220
sese	219
woabu	219
suroe	219
akotowaa	219
munnsu	219
pra	219
morente	218
noon	218
efua	218
abadomaa	218
ahenemma	218
node	218
sunyani	218
mpataayi	218
mpene	217
saman	217
wohyiaa	217
metoo	217
makasa	217
aduhwam	217
krom	217
anyini	217
wotena	217
namae	216
aniwam	216
kwatani	216
basan	216
nuammarimanom	216
huan	216
fere	216
deen	216
bankye	216
koye	216
masu	215
tumm	215
tase	215
atwetwe	215
mehyia	215
adesina	215
sonna	215
woafi	215
mebaboda	215
mmisaa	214
akiko	214
anyanka	214
nnwankuo	214
wuhyia	214
ogyaframa	214
asaawa	214
wannyina	214
okyerema	213
motwe	213
paso	213
mekyea	213
efunu	213
fua	213
adwaman	213
eg	213
kapaa	213
menom	213
akaa	212
nwonwaso	212
wasane	212
obon	212
adanko	212
akin	212
woyare	211
ahen	211
mebisaa	211
nnaemeka	211
nkaedum	211
swede	211
nkyekyemu	211
afera	210
monko	210
annyia	210
nnwoma	210
gyekye	209
wosiesie	209
senea	209
akaneadua	209
asoko	209
wotwe	209
fin	209
kumm	209
obofuo	209
ntotoe	208
edikan	208
nkonimdie	208
koran	208
wubetie	208
ankum	208
behyiam	208
nokia	208
odeduani	208
ewa	208
wonkum	208
mfunumu	207
memo	207
brandi	207
adame	207
nike	207
ntweneduro	207
nuru	207
munnyaa	206
futari	206
benyan	206
wusuro	206
ahosuo	206
adwane	206
hosiana	206
metra	206
wasom	206
mmeaemmeae	205
kanada	205
promise	205
antaa	205
tadua	205
beda	205
nipaban	205
baru	205
awukudae	205
takoradi	205
hoon	204
monnka	204
mpuran	204
abebisa	204
beso	204
mansa	204
mompae	203
woohoo	203
nturo	203
sraani	203
wowui	203
antonini	202
nkosua	202
hoti	201
sasu	201
podi	201
bema	201
mpakye	201
afuru	200
sahara	200
nkrabea	200
twetwe	200
abibirem	200
hyi	200
watie	200
sera	200
twae	200
beko	199
modem	199
obibini	199
boforo	199
anantwinini	199
mutumi	199
dadu	199
awuransua	199
prose	198
paare	198
wawa	198
adwensakyera	198
anam	198
mommom	197
akim	197
betwaa	197
poa	197
etua	196
wante	196
fiti	196
titi	196
wire	196
ob	196
medea	196
kakyi	196
awuke	196
kerubim	196
muntwa	196
abedu	196
kaabi	196
sofi	196
wasiesie	195
enso	195
asinasin	195
sukui	195
motie	195
montumi	195
kotae	195
boaboa	195
adiema	194
mebaboa	194
mofiri	194
kunkumm	194
akeka	194
adwennwen	194
nnyin	193
busua	193
muhyia	193
adansedie	193
moaba	193
soho	193
nkwanna	193
sida	193
twitwaa	192
asahene	192
mmua	192
merentwa	192
atuo	192
shite	191
badwam	191
odwennini	191
boadu	191
asura	191
kaye	191
babiara	191
samina	191
asantehemaa	191
wokasa	191
akwanya	191
wonyan	191
akyea	191
mennya	190
noma	190
amuse	190
wonom	190
wapa	190
kokroko	190
kwaa	190
tri	190
hodin	190
ntontan	190
dame	190
anansesem	190
wayare	190
ogyatannaa	190
nakoma	190
adwadie	190
nyim	190
owie	189
ketekete	189
ntikuma	189
nerae	189
tanya	189
anwonwakwan	189
ahenkron	189
asodie	189
yon	189
wonyae	189
somm	189
babae	188
nuammarima	188
paapaa	188
obarima	188
afesia	188
enna	187
ayowa	187
mfra	187
woafa	187
hyiam	187
akonta	187
ampadu	187
antua	187
britania	187
bum	187
adedoyin	187
ntamu	187
ahonisom	187
boahen	186
hwie	186
wako	186
monnyina	186
awase	186
asenso	186
obadia	186
afom	186
nsuaa	186
wande	186
promo	185
wabue	185
winneba	185
hwi	185
wusu	185
nnwonto	185
ayame	184
ntan	184
aduana	184
taataa	184
nnareka	184
woasiesie	184
obesiesie	184
adama	184
banwu	184
nanya	184
fekuo	183
asomani	183
yome	183
krataafa	183
maae	183
ntoa	183
bade	183
sona	182
hari	182
anse	182
kasakoa	182
asuti	182
bese	182
wue	182
tweetie	182
meresan	182
musuro	181
beside	181
asore	181
gyese	181
nkuku	181
yae	181
buku	181
enne	180
frafraa	180
yoko	180
woatena	180
siba	180
asuten	180
abata	180
afram	180
wonsuro	180
honi	180
bohye	180
suboni	179
dunkron	179
woato	179
menkasa	179
nwui	179
wuaa	179
nnwomasua	179
metwa	179
ahemaa	179
owuu	179
moredidi	179
mantra	179
mmeawa	179
warui	178
amankwa	178
samma	178
enwu	178
meware	178
mpemnan	178
toaso	178
yami	178
kakraka	177
hona	177
mmoawammoawa	177
twen	177
saae	177
kokoo	177
ponyo	177
timi	177
anda	177
ip	177
nitan	176
hwere	176
kron	176
safoa	176
munnyina	176
abomfiaa	176
wunmi	176
abotiri	175
mukum	175
shen	175
haru	175
mpaemuka	175
moredi	175
nwoo	175
annyae	175
beka	175
kronkronni	175
woanni	175
akam	174
opera	174
asusu	174
tire	174
moantumi	174
ahoahoa	174
beebi	174
sato	173
nkratafa	173
adehwere	173
nkame	173
mohia	173
atwitwa	173
abasa	173
asuro	173
nnanum	173
naawuni	173
biko	173
wampene	172
gyaade	172
awuduru	172
kuraa	172
hannu	172
wosuasuaa	172
madu	172
saaho	172
annu	172
wato	172
apampam	172
osoo	172
ammere	172
saraa	172
ake	172
paan	172
ik	171
sakaa	171
kaha	171
annyina	171
okoye	171
sekondi	171
banana	171
tese	170
mokae	170
kokuroo	170
merennye	170
pamoo	170
nanabaa	170
woanka	170
musubi	170
etude	170
ayare	170
wofata	170
afamu	169
nkatabo	169
nadia	169
nwoko	169
nnumre	169
kasumi	169
brantuo	169
tr	169
masane	168
pom	168
tokuro	168
asono	168
boahene	168
ntasu	168
fuse	168
anyaa	168
musa	168
moho	168
howa	168
teateaa	168
maremma	168
hako	168
abide	168
mmeamudua	168
nsensan	167
hoe	167
daso	167
makan	167
nnto	167
wami	167
gyedi	167
bekum	167
akuru	167
akwatia	167
madam	167
dedaa	167
nyo	166
manwere	166
damoa	166
mesesa	166
nsesae	166
amia	166
tawa	166
kasadwini	166
mmanana	166
wonwoo	166
hono	166
akase	166
mensan	166
banyia	166
moammu	166
woankanyane	166
maake	166
motumi	166
annaa	165
podaa	165
mfikyiri	165
godwin	165
obonini	165
akasanoma	165
amerikaman	165
panama	165
honamdua	165
berea	165
kosuaa	165
moantie	165
denneenen	165
akyenabi	165
mmoatia	165
asamoa	164
motena	164
worentua	164
huaa	164
nantin	164
twu	164
nkodi	164
tian	164
hanson	164
mmemme	164
wawie	164
wunu	164
hohwini	164
mmerantewaa	164
mfenaa	164
nkoda	164
besua	163
moanni	163
mpoo	163
okan	163
ande	163
kaan	163
merekasa	163
honto	163
bian	163
denkyira	163
wukuda	163
antra	163
anohyeto	163
nkwasiasem	163
kapentani	163
nkonwa	162
futuro	162
wosesa	162
okunkum	162
muu	162
twosome	162
oware	162
akwidaa	162
besu	162
busia	162
mfu	162
wolaa	162
monyaa	162
nkete	161
nkontabuo	161
boae	161
dedae	161
wowoe	161
asoa	161
koforidua	161
ewia	161
afieboa	161
nkekae	161
sani	160
kwaadu	160
adea	160
sunsuma	160
behwim	160
amemene	160
ahoyera	160
gyakyi	160
hokuto	160
ahoroa	160
apaan	160
wasabi	160
duruduru	159
antweri	159
andi	159
wontwa	159
akokoa	159
awoo	159
kankan	159
anene	159
obetwa	159
tomato	159
nwona	158
antenna	158
mabanua	158
wisie	158
mpontuo	158
dabida	158
mabebu	158
duan	158
shoe	158
owiaa	158
wonnwen	158
hohoroo	157
nnora	157
akowaa	157
okase	157
susuu	157
monsane	157
animia	157
nadine	157
adesanya	157
hotori	157
afanaa	157
muna	157
horo	157
dunson	157
berekum	157
sumina	157
atem	157
kanye	157
nyinaam	157
edinnsiananmu	157
mem	156
etum	156
pare	156
nyamaa	156
wano	156
wubebue	156
adamena	156
amanenya	156
nanti	156
agyimi	156
titre	156
nnko	156
momfaa	156
fim	156
meredi	156
buruburoo	156
ankye	156
ahina	156
ahohoro	155
nsatea	155
sankuo	155
ahwie	155
metwe	155
wonyi	155
mfurum	155
gyamena	155
ahwease	155
tren	155
anua	155
ntraso	155
teateaam	155
nkrofuo	154
anyane	154
nnte	154
metro	154
obusuani	154
merento	154
goose	154
atama	154
muwie	154
wumfi	154
mmerantewa	153
ntweri	153
namibia	153
awui	153
nnyinamoa	153
nkyea	153
kwadwom	153
enyimnyam	153
wukuo	153
maho	153
masoma	153
woaboa	153
mpomma	152
boasiako	152
akwamma	152
mosuro	152
hoka	152
tiberia	152
afolabi	152
paye	152
wampa	152
akanyan	152
awensem	152
wunyaa	152
merennom	152
munaa	152
adwiri	152
ansana	152
konnua	151
wohoahoa	151
haan	151
ahomeka	151
ntanka	151
yawa	151
mpon	151
moadi	151
samasu	151
ntiaso	151
afata	151
wokoma	151
kasatia	151
mpensa	151
mekum	151
wuro	151
mmabanin	151
wofaaso	151
gyaan	150
mayo	150
mennaa	150
makura	150
sansom	150
mora	150
marine	150
nkasae	150
ahoto	150
abaya	150
mabua	150
manna	150
nenni	149
nnooma	149
kansa	149
besiesie	149
momaa	149
adwendwene	149
birim	149
kuti	149
merenni	148
wodua	148
wannan	148
ntoso	148
kwasafoman	148
kwanwoma	148
sewaa	148
woahwere	148
agyi	148
mudu	148
treasure	147
akoyi	147
wubebua	147
boadi	147
adwini	147
abuakwa	147
bim	147
wanwu	147
abodan	147
mensoma	147
anabaa	147
mapo	147
meriba	146
neeman	146
asum	146
mmirekyie	146
freedom	146
braa	146
woada	146
morenom	146
nsekuro	146
munyaa	146
nwanye	146
meti	146
afuredasu	146
mpoma	146
sanko	146
asokwa	146
sram	146
akuakuo	146
yoruba	146
bibiani	145
obotum	145
munsu	145
odu	145
gyinamoa	145
etim	145
asaria	145
femi	145
gomen	145
nyameba	145
masiesie	145
monsiesie	145
akwaboa	145
akonwa	145
nsenom	145
afuom	145
nukumori	144
entire	144
maata	144
korean	144
aniso	144
adidie	144
adwelie	144
abotire	144
nammon	144
aguade	143
matwa	143
yabin	143
munnwen	143
wunyae	143
mandarin	143
trae	143
mmaawa	143
sukuudan	143
naman	143
bataye	143
seesaa	143
kwantenten	143
huram	143
babua	143
baraa	143
nnsan	143
mankasa	143
mebu	143
okoo	142
nakyi	142
biro	142
transom	142
adunni	142
korabea	142
morennya	142
kotokuo	142
babanyin	142
serena	142
odidi	142
watwa	142
prime	142
ntuanoni	142
kreta	142
maam	141
hone	141
suroo	141
nawome	141
asomudwoe	141
nsuhen	141
akaso	141
debi	141
shine	141
nsusu	141
nkanyan	141
wantin	140
tofu	140
tomoru	140
makye	140
womi	140
awune	140
katrina	140
nnae	140
koonwu	140
fidie	140
bebuu	140
measure	140
akasaka	139
monsa	139
wakan	139
troa	139
nkannare	139
mmebu	139
habibi	139
entwine	139
haase	139
wowa	139
anofanu	139
okraman	139
nkonta	139
apata	139
nina	139
ensure	138
wuiwui	138
akontabuo	138
berebi	138
woapo	138
wea	138
kwadu	138
niko	138
atum	138
katia	138
asantewa	138
nnipadua	137
ahinanan	137
batakari	137
wanto	137
medie	137
ntira	137
mfehaha	137
nnuhwam	137
ahoro	137
luu	137
mfum	137
eb	137
hosanna	137
nease	136
sedona	136
wonsiesie	136
kasoa	136
odekuro	136
tata	136
shwe	136
brada	136
manim	136
karada	136
nsamu	136
nkoto	136
nhome	136
wubehyia	136
mute	136
bedidi	136
nnana	135
moawu	135
adare	135
ampem	135
fiada	135
mamfi	135
sankofa	135
pantofi	135
bera	135
wakye	135
kode	134
hanania	134
nnanan	134
obete	134
okoro	134
meditate	134
aboaboa	134
baaho	134
memmra	134
afahye	134
susudua	134
anwonwa	134
afide	134
anyare	134
tru	134
asasetam	134
akyidi	134
kome	133
menntumi	133
ofa	133
edan	133
takasa	133
monsoa	133
mensu	133
saku	133
hahaaha	133
medan	133
bebue	133
oduro	133
yawoada	132
tiatia	132
sufi	132
wotutuu	132
obehyira	132
nnommumfa	132
baasia	132
mmafa	132
hue	132
poku	132
wonde	132
mfonyin	132
kwasia	132
dabeni	132
susukoraa	132
sureba	132
abosede	132
paayi	132
wosusu	132
akyen	132
akisikuru	132
apere	132
kantanka	131
duam	131
kumawu	131
kodua	131
bayaa	131
kwinsu	131
wodware	131
moti	131
keena	131
kotodwe	131
anane	131
fura	131
wuntua	131
nsuka	130
kesua	130
nade	130
mmre	130
nwono	130
oguaa	130
woti	130
mehwie	130
monkyekyere	130
wasakra	130
biafra	130
enuanom	130
saan	130
kookoo	129
huam	129
eta	129
kasasin	129
ntwene	129
furu	129
tinwi	129
nwotwe	129
nkyemu	129
nsapan	129
lui	129
nnda	129
nipaduam	129
munsuasua	129
nsuasua	129
dareka	129
mebamaa	129
wontua	129
adapaa	129
mepaa	129
sofie	129
moron	129
winnie	129
nayi	129
shiru	129
boori	129
nebi	129
biba	129
fune	128
gomoa	128
bise	128
ut	128
wosoo	128
wira	128
abosomdin	128
adawu	128
nnante	128
noara	128
akane	128
adantam	127
kakrakaa	127
ir	127
asikyire	127
akwamu	127
nkoma	127
merino	127
kumiko	127
nwomakorabea	127
meraa	127
komunyakaa	127
afari	127
nkom	127
wannidi	127
asanteman	126
adesuabea	126
pani	126
banda	126
entre	126
etire	126
atorodi	126
pataku	126
namida	126
akyiwade	126
wonyin	126
wubebu	126
dene	126
komayare	126
ahinta	126
mubedidi	126
dadaada	126
moatwe	126
nwen	126
etui	126
bean	125
taka	125
baesekre	125
wahyira	125
nawa	125
deduani	125
bewafaa	125
nnannan	125
sasori	125
wanyi	125
okae	125
obubuu	125
nnyanka	125
anwonwadwuma	125
baabia	124
mpapo	124
nkon	124
pode	124
moaboa	124
kaban	124
amore	124
awowa	124
atutena	124
naana	124
wowom	124
nanmusini	124
dema	124
ntanta	124
ahodwira	124
sosoo	124
bediako	124
nnaka	124
monkye	123
ampo	123
sunni	123
brandon	123
agyiri	123
merekenkan	123
animu	123
bamo	123
akuu	123
nsuom	123
bebo	123
nsoso	123
aside	123
wanwanwan	123
nkeka	123
kumo	123
naanyo	123
wonko	123
akuro	123
atan	123
adedie	123
sewa	123
abofono	123
kaho	123
nsaase	122
bunu	122
nkwati	122
wotoo	122
mubi	122
fibea	122
amam	122
sina	122
mafia	122
kramoni	122
bayere	122
danke	122
senaka	122
aboo	122
denim	122
afea	122
bootie	122
mediani	122
abibitumi	122
mesuaa	122
sodie	122
okyiaa	122
kanon	121
obere	121
anase	121
mudwen	121
sonia	121
tamaa	121
woni	121
wiem	121
hohoemi	121
awotwi	121
dabiaa	121
benyin	121
dake	121
mahwere	121
danse	121
meese	121
menua	121
muito	121
mmaka	121
kweku	120
ahyi	120
mabi	120
moko	120
masom	120
bruno	120
adwe	120
dannye	120
asemfua	120
kwanso	120
pride	120
nsawam	120
asin	120
obonin	120
atese	120
mewura	119
afri	119
nsemfua	119
moama	119
kame	119
boto	119
osa	119
maku	119
hotaa	119
demi	119
safari	119
koman	119
nyamewaa	119
kunabea	119
woturu	119
kesie	119
musu	119
monnu	118
oy	118
baso	118
nhoahoa	118
sre	118
akyaka	118
tiboa	118
menyan	118
adamo	118
yamato	118
saaware	118
wohin	118
denyin	118
efrata	118
homebea	118
timna	118
wofaa	118
wammua	118
ahabammono	118
adenim	118
bantama	118
huru	118
tikya	118
kena	118
nisan	117
naso	117
ninkuntwe	117
enim	117
aponkye	117
moan	117
mewoo	117
tonya	117
kene	117
nham	117
bebi	117
honya	117
dabere	117
bokiti	117
mpere	117
wutwa	116
nimo	116
abeba	116
anima	116
awaawaa	116
sayense	116
kwansin	116
sirakusa	116
odehye	116
akano	116
wubue	116
nsuwansuwa	116
awaa	116
fikra	116
melanie	116
karan	116
akyia	116
seafoam	116
obenyan	115
ahasia	115
ntin	115
menie	115
mesen	115
beenu	115
nkekaboa	115
odwinnwen	115
ntete	115
dandan	115
morenwie	115
hwim	115
tenatenaa	115
kwantum	115
adadamu	115
namo	115
nabaa	115
ananya	115
eduru	115
wata	115
woatwa	115
ogyae	115
woantie	114
akowa	114
sempre	114
mumma	114
nero	114
medaka	114
woabetumi	114
atweaatam	114
wankasa	114
adanwomase	114
moose	114
woannya	114
wanton	114
ntakraboa	114
adwan	114
prako	114
nnade	114
naru	114
mfididwuma	114
nimfa	114
wosuaa	114
motete	114
anwie	114
sansa	113
ayo	113
oboo	113
agyesoa	113
kwantempon	113
ennim	113
konaa	113
mubewuwu	113
tenetene	113
kanaanni	113
mpam	113
nsanyare	113
bebua	113
wuntie	113
kamo	113
ahodwirie	113
wuda	113
awudie	113
yari	113
nanna	113
boho	112
momentum	112
nhyehye	112
moreka	112
suka	112
hanaa	112
susumu	112
musuu	112
paran	112
debate	112
nneduaban	112
damena	112
kakraabi	112
wonan	112
brennan	112
wunna	112
taan	112
maaka	112
nunu	112
panini	112
koa	112
adanna	112
nkontaabu	112
nuke	112
wokoduu	112
kaso	111
tween	111
naama	111
osibisa	111
ayitoma	111
adwennini	111
maroon	111
mabo	111
bride	111
enea	111
akanni	111
osaka	111
okaa	111
mpoa	111
nnane	111
asade	111
agude	111
weku	111
shyam	110
noe	110
gomaa	110
wunnin	110
katoliko	110
nato	110
shita	110
asabea	110
nhan	110
waku	110
ediban	110
anofafa	110
kuku	110
awam	110
twan	110
boran	110
huhaa	110
ansesa	110
momman	110
kakuu	110
amante	109
boasipem	109
mpataku	109
asubura	109
watua	109
kapere	109
wiredu	109
woakum	109
atare	109
dramani	109
opanyin	109
tweatibo	109
profi	109
bronya	109
bikram	109
kanya	109
akasuna	109
baku	109
mekyi	109
ntaade	109
susa	109
adasa	109
adekye	109
mmoden	109
tirinwi	109
ahim	108
opue	108
bueno	108
tempura	108
tenkuu	108
fransua	108
ahenkan	108
gore	108
berebere	108
nkesua	108
nanni	108
naayeri	108
morem	108
momoko	108
boase	108
woyaa	108
noam	108
abiram	108
ennyina	108
monnue	108
awiabere	108
morennye	107
butubutuu	107
monnwene	107
munnue	107
tuatua	107
ntasuo	107
nkonyaa	107
nisu	107
fuufu	107
anonne	107
pradada	107
mmati	107
mehyira	107
amanmuo	107
monate	107
mabedi	107
suntidua	107
odua	107
broke	107
nnawotwe	107
obetua	107
meboaa	106
anwummeduane	106
bepue	106
akosiesie	106
konna	106
kaafi	106
wudini	106
entra	106
woankasa	106
obosu	106
duko	106
mpete	106
agyanka	106
bana	106
metooye	106
opo	106
atam	105
amerikani	105
mantan	105
shika	105
ntotoso	105
waben	105
okunini	105
boapa	105
kurae	105
nsana	105
nase	105
sh	105
mukae	105
tro	105
mewe	105
ayase	105
matia	105
nnia	105
nadaa	105
neaa	105
furi	105
abone	105
measom	105
okyi	104
desire	104
towa	104
kotoo	104
apaawa	104
nsamanwa	104
monde	104
twue	104
akohyia	104
korona	104
suite	104
odin	104
denwa	104
mfrafrae	104
awodadi	104
moatwa	104
tratraa	104
mease	104
ahwan	104
tokoro	104
kanom	104
obedidi	104
sikani	104
nkoara	104
mehwe	104
egyanom	103
yanwa	103
menkaa	103
nnaanu	103
hara	103
nona	103
woadwen	103
mpaepaemu	103
nome	103
tentene	103
obosom	103
nanom	103
edison	103
ntimi	103
adansie	103
wabisa	103
dabia	103
asonse	103
nsuwa	103
atwere	103
swan	103
monnom	103
amammere	103
mepere	103
nhem	103
okosu	103
abadwakuo	103
bribi	103
entendi	103
aham	103
nsuti	103
moni	103
ntese	103
dayi	102
apansam	102
fema	102
woadu	102
mpuntuo	102
ofiewura	102
nkoadwuma	102
nhwe	102
besuro	102
wuna	102
woforo	102
asehwe	102
asaabo	102
biana	102
wari	102
buru	102
bayie	102
wadu	102
nkramosom	102
posena	102
mukura	102
muite	102
wanwisa	102
obebisa	101
nyaman	101
ponko	101
atuahene	101
broni	101
mmire	101
abediakyire	101
atarimae	101
broken	101
wafom	101
efiada	101
bira	101
ababa	101
padi	101
mpemnson	101
bina	101
menea	101
mmuadadi	101
adwammaa	101
amasia	101
demokratie	101
saya	101
medu	101
nnwene	100
wosoa	100
hyem	100
abirekyie	100
nwia	100
kasia	100
keren	100
fuandi	100
saawan	100
nsohwe	100
soyinka	100
monkata	100
adaeso	100
dasani	100
adewa	100
asean	100
netease	100
gyabuaa	100
makyia	100
hyen	100
keen	100
wooden	100
wosuroo	100
monsuro	100
ahyeta	100
aniwude	100
mommoa	100
yani	100
munkum	100
kasakasae	100
ef	99
akumfi	99
buukuu	99
gyare	99
kurakura	99
paara	99
gyamfua	99
adin	99
wabisabi	99
amanda	99
odomankoma	99
aten	99
asunto	99
kaya	99
ayawaso	99
karim	99
kuruma	99
saanware	99
badwani	99
kodomo	99
osorosoroni	99
nhwehwemu	99
datan	99
bosoom	99
adansekurum	98
tane	98
apoo	98
asomdwe	98
huri	98
nkwaseasem	98
nakuru	98
korosu	98
awoman	98
bibia	98
wakaru	98
ayin	98
wadaadaa	98
wahwere	98
beti	98
mentena	98
kaakae	98
moahyia	98
adesuwa	98
ntwamutam	98
maede	98
hasu	98
nufosuo	98
ntum	98
ahanta	97
nhama	97
tribute	97
manwerehene	97
ahodwiri	97
hanam	97
asera	97
mukaase	97
wakoma	97
yoro	97
moyeraa	97
adwu	97
ahere	97
mariko	97
numa	97
neden	97
komete	97
edem	97
mabara	97
seruia	97
antom	97
babia	97
ewura	97
adamu	97
nten	96
awua	96
paya	96
tatoo	96
entin	96
wenni	96
kaapo	96
maboa	96
sanka	96
wudwinnwen	96
karina	96
adaware	96
maru	96
kamen	96
katare	96
marino	96
totoro	96
bitumi	96
buna	96
nkurenkuru	96
gon	96
kodidi	96
akuraase	96
amande	96
berenyi	96
banyin	95
anin	95
etuo	95
sibea	95
mpenu	95
abaso	95
mompere	95
babara	95
kayafase	95
maako	95
matie	95
nwononwono	95
gyebi	95
wokan	95
awoko	95
asebea	95
metease	95
asumaa	95
siren	95
enyiwa	95
baate	95
haato	95
woananom	95
abosonnan	95
owaru	95
tokuru	95
afurika	95
obesua	95
nyamesuro	95
aboduaba	95
etwam	95
afrafra	95
adanya	95
gyaframa	95
bosu	94
ntiaa	94
sutesari	94
obiri	94
anoyie	94
nama	94
awoke	94
watete	94
wanu	94
anie	94
tiafi	94
pokuaa	94
nntua	94
saye	94
nsere	94
moresom	94
wotia	94
woahyira	94
nyamesu	94
munnyi	94
awurama	94
akotene	93
abannwa	93
obaatan	93
nkruma	93
nkonnwa	93
meku	93
gyam	93
anato	93
ntintan	93
aheman	93
ammom	93
honamduam	93
sena	93
efia	93
amin	93
dadaa	93
woawu	93
demmire	93
mmeresanten	93
duke	93
ntawantawa	93
wukyi	93
dena	93
apepepem	92
kwatibea	92
gy	92
gyawu	92
kwamena	92
anyam	92
promote	92
biribiaa	92
bitaa	92
nite	92
ketura	92
muitoo	92
nkokyinkyin	92
mansotwe	92
hanya	92
nyoma	92
akyide	92
amono	92
mmadi	92
nkosie	92
ogyatanaa	92
serum	92
fikri	92
karima	92
santa	92
maakye	91
brae	91
behwe	91
hanani	91
motenaa	91
asuwa	91
woyere	91
brenda	91
madwane	91
mebaha	91
sakasaka	91
abae	91
huboa	91
fia	91
adwinsa	91
abea	91
adabi	91
ayisaa	91
sine	91
keto	91
amfra	91
asuna	91
akebi	91
maana	91
honua	91
nari	91
feelin	91
yane	91
nkommo	91
agyinabea	91
wusoo	91
adwumadie	91
wanta	91
brite	91
timote	91
aforosian	90
prepare	90
akasam	90
krakye	90
asere	90
ayano	90
yaadon	90
nnwinnwen	90
pokye	90
woansan	90
preko	90
ntayaa	90
deere	90
ensuro	90
kowase	90
awoka	90
hanna	90
mmammea	90
nyantekyi	90
bota	90
nkyiakyia	90
nntia	90
behyiae	90
mansusu	90
panda	90
meretumi	89
mfom	89
nkekaa	89
merebebu	89
simone	89
awuku	89
edwa	89
aworo	89
mayare	89
nyida	89
nidome	89
asisie	89
sawa	89
manyin	89
papua	89
akontaabuo	89
mfonin	89
bine	89
awuduro	89
neame	88
drone	88
ahahan	88
okom	88
yaara	88
adeban	88
seene	88
kwatima	88
owa	88
ahwehwe	88
wonsom	88
toraware	88
oke	88
madame	88
sabia	88
sana	88
yotam	88
antwa	88
sukooko	88
mandi	88
wonntumi	88
moabu	88
senni	88
mmuso	88
tibetan	87
trofimo	87
kanko	87
woresu	87
ahenkwaa	87
asebu	87
atenetene	87
wadwene	87
kradin	87
mmrante	87
merenkae	87
munso	87
mutwa	87
aniwaa	87
bakra	87
akowie	87
nhyiraba	87
woremfa	87
mamamoo	87
nota	87
ahon	87
woayare	86
payin	86
nwea	86
nyansakwan	86
edeen	86
basin	86
adenya	86
fran	86
mmfiri	86
sanda	86
pari	86
bataya	86
woon	86
wiaa	86
dano	86
efiewura	86
nkowia	86
ahenkro	86
tide	86
adade	86
tiatira	86
ntwam	86
watwe	86
akodaa	86
suo	86
wawuo	86
bisabisa	86
ayere	86
makin	85
wammedi	85
ahama	85
solitude	85
mekoe	85
nkuto	85
woatua	85
wanyini	85
bawu	85
bison	85
adekoradan	85
waso	85
akutia	85
wabo	85
woasan	85
mekura	85
abedin	85
enyaa	85
baakron	85
finimfin	85
mati	85
kafra	85
amaba	85
nebo	85
mmura	85
okuma	85
watoo	84
kratasin	84
ntoro	84
nsuta	84
nnwanten	84
nnwane	84
bosoome	84
obinna	84
meena	84
asendua	84
sakre	84
moanka	84
mennom	84
anyiwa	84
terasu	84
womam	84
oyin	84
manson	84
bome	84
owusuwaa	84
abonne	84
akyiaa	84
saasu	84
kubi	84
asoaso	84
asafomma	84
adwenesakra	84
woahyia	84
abekum	84
okuani	84
selina	84
naamam	84
yokan	84
ansan	83
banka	83
nami	83
nnuu	83
aguadibea	83
yoho	83
yoanni	83
mmum	83
awae	83
niwa	83
nsonso	83
abirekyi	83
akosa	83
merennyae	83
susua	83
wikimedia	83
amdanom	83
anyae	83
mmadwoa	83
kromanti	83
mmue	83
beebiara	83
wede	83
nweatam	83
nsato	83
wubekum	83
ntiantia	83
medidi	83
afutuo	83
sansan	83
wannyae	83
titan	83
wonkoaa	83
wenyin	83
dedin	83
dakara	83
apaa	83
bomu	82
wakunkum	82
akoo	82
wonnu	82
owuda	82
akomaden	82
mesuae	82
wodwinnwen	82
aponnwa	82
akasamu	82
operate	82
suma	82
boatemaa	82
uo	82
bemma	82
suan	82
nokoru	82
banku	82
berani	82
sosa	82
mfataho	82
nonono	82
kafi	82
sikora	82
yako	82
afere	82
afre	82
mpampam	82
bosuo	82
hane	82
odan	82
opare	82
mammisa	82
okoto	82
obonsam	81
mamo	81
aburi	81
kuroko	81
odikuro	81
asubonten	81
suae	81
monsutaa	81
mapae	81
makenkan	81
meremmu	81
wonsem	81
hwam	81
mmaabunu	81
nwon	81
nkoraa	81
woofie	81
nikon	81
wude	81
nnyim	81
masakra	81
namunamu	81
koraani	81
ntwen	81
antoa	81
kwadaso	81
duraa	81
ayiri	81
nkonkonsa	81
merebisa	81
akinwunmi	81
kantankrankyi	81
enaam	81
agyapa	81
dasum	81
nyen	81
safira	81
aketa	81
nnaaseda	81
akukudam	81
awosika	81
adonko	80
worebu	80
annidi	80
wokata	80
madwen	80
ntene	80
efata	80
wane	80
boye	80
shan	80
oduruu	80
kwansini	80
nkwam	80
okatakyie	80
boon	80
sura	80
koti	80
oben	80
dufie	80
wonne	80
abannennen	80
anyen	80
nyonya	80
kwabenya	80
binaa	80
nnedimma	80
daakyehene	80
kaae	80
anamusini	80
makasete	80
akokwa	79
nyare	79
buke	79
sumi	79
abie	79
fea	79
afikyiri	79
bawumia	79
moadu	79
tada	79
wum	79
asumi	79
kori	79
ahote	79
kayi	79
treneeni	79
nnwiri	79
nkasaa	79
worekasa	79
moada	79
mpaso	79
kasasu	79
apom	79
kasafidie	79
wonkoa	79
enwonwu	79
branson	79
pakomaa	79
akyinkyin	79
wubedu	79
wentwiwentwi	79
sofia	78
obeduu	78
antwe	78
sawere	78
nkonyaayi	78
poe	78
mennwu	78
nsoroma	78
kankabi	78
asanti	78
worenya	78
adaworoma	78
monye	78
hwane	78
odenkyem	78
oduae	78
nhene	78
turu	78
tote	78
abasiriwa	78
obede	78
katae	78
aguare	78
anwene	78
komo	78
nnadi	78
amaama	78
nkwadaaberem	78
birabiara	78
baden	78
nwokoye	78
kasu	78
oduamadi	78
payi	78
sekyi	78
kooko	78
tebi	78
buena	78
bakwan	78
tweakware	78
dre	78
odia	78
wesoa	78
seri	78
basia	77
ahyehye	77
anwa	77
asete	77
kui	77
bebere	77
tabo	77
aduowotwe	77
etwaa	77
nhina	77
wabua	77
baatan	77
hohoe	77
kotonimma	77
hotaru	77
barimanom	77
wawe	77
wati	77
meanyia	77
wonyim	77
ansoa	77
muka	77
nora	77
atebubu	77
dapaa	77
duku	77
atumpan	77
mmrane	77
woafata	77
kroko	77
moannane	77
tumidie	77
funnye	77
bekoe	77
anyera	77
muri	77
sennen	77
mebubu	77
hunni	77
etapa	77
marin	77
dadowa	76
gyo	76
naye	76
mpanimfie	76
yakubu	76
kona	76
sada	76
mesoma	76
awom	76
basu	76
bekyiaa	76
aberantewa	76
fem	76
homene	76
benson	76
wohyira	76
keta	76
botom	76
aburokyire	76
monnto	76
adaba	76
moasan	76
kenan	76
sorasu	76
neede	76
mutua	76
dari	76
susanne	76
wonsuaa	76
worehyia	76
etie	76
okoduu	76
nhahan	76
mebue	76
bekunkum	76
anante	75
separate	75
butuu	75
edwom	75
hunoo	75
kofa	75
memmisa	75
merekum	75
nyiane	75
adwenkoro	75
atoam	75
mennsuro	75
bibire	75
katakyie	75
ente	75
serem	75
wannwene	75
amammu	75
ahaha	75
nyaka	75
anwua	75
yoram	75
atin	75
tirimu	75
ensa	75
nonni	75
ntwemu	75
anisoade	75
awere	75
bura	75
abinoam	75
monkan	75
wamfie	75
howe	75
adutwum	75
weese	75
nkyinkyim	75
mpofirimu	75
antete	74
maama	74
berenike	74
bri	74
twabere	74
adebisa	74
nnyawa	74
oyo	74
muwi	74
nkem	74
woataa	74
sonni	74
nyaan	74
bosate	74
bawa	74
owoo	74
enan	74
atenase	74
homan	74
hwanyan	74
wasurete	74
afure	74
amarinya	74
antwine	74
wumia	74
afikyire	74
adanson	74
haabi	74
adwaa	74
awuradwoa	73
femdom	73
sede	73
mammu	73
nonton	73
shaman	73
moampene	73
womu	73
wuwie	73
baawa	73
wakata	73
anonim	73
edwina	73
suede	73
nyem	73
nini	73
enaa	73
madonna	73
aburokyiri	73
nantwinam	73
nimfomane	73
finde	73
woadwene	73
monsakra	73
nndi	73
baae	73
ntwetwe	73
karo	73
mubebisa	73
nsae	73
mekra	72
babuaa	72
dewi	72
siapo	72
fuwa	72
muhia	72
praa	72
tosa	72
ntweaso	72
honne	72
wudidi	72
efron	72
anafi	72
mesie	72
akyeame	72
agyanan	72
adaban	72
frame	72
swe	72
kere	72
aperepere	72
kratawa	72
akunini	72
nankasa	72
karate	72
ahyease	72
nwomaba	72
anakin	72
muaa	72
desani	72
atemmuda	72
adidipon	72
nkaneadua	72
meha	72
mmadwemma	72
bewura	72
akansa	72
dannan	72
adwumaye	71
mmubui	71
dubiako	71
ahosan	71
saana	71
naanaana	71
mekasae	71
moroni	71
badie	71
mekakyi	71
nsasesin	71
saare	71
kudi	71
betim	71
sase	71
sumo	71
okuraa	71
shade	71
waya	71
kabaa	71
gyaaman	71
wonsua	71
amana	71
prem	71
monnantenante	71
abonyi	71
nyansabunu	71
saanu	71
mompa	71
dabaa	71
manaa	71
showa	71
mawari	71
mamore	71
sanoo	71
saaye	71
wommedi	71
ahwiesa	71
dewa	71
kwakwa	70
anapa	70
mmosea	70
wadan	70
abonten	70
nika	70
odaa	70
afumduan	70
bona	70
atrapoe	70
sade	70
sori	70
ture	70
hwu	70
fro	70
akom	70
nsawe	70
mebua	70
nntwe	70
ntare	70
akwahoma	70
wubenyin	70
masem	70
nenkan	70
ntwea	70
wonua	70
yaye	70
animuanimu	70
okwahoma	70
betaabi	70
woatete	70
wummu	70
kaabo	70
nkyerase	70
ansusu	70
memu	70
trate	70
wohoo	70
bahaa	70
yori	70
boakyewaa	70
kwanyin	70
aguo	69
dubaa	69
wannaa	69
kaakyiri	69
anyaman	69
gyakie	69
motoro	69
asempa	69
sari	69
ntwi	69
nue	69
modwene	69
nntumi	69
amfora	69
osama	69
afoakwa	69
mfinimfin	69
kwofie	69
kebede	69
owufoo	69
wakae	69
wanaa	69
munntie	69
mmate	69
awenade	69
masesa	69
mmubu	69
mepae	69
pasapasa	69
agyaadwotwa	69
mmamma	69
kose	69
denkye	69
adesa	69
nsemmisa	69
ayesem	69
bonwire	69
nkaka	69
nkanka	69
potato	69
konkonsa	69
kanade	69
bianka	69
kru	69
karam	69
nkratawa	68
subedi	68
mampue	68
berebiara	68
sirikyitam	68
anyina	68
duo	68
woaye	68
oburoni	68
owakare	68
kokuu	68
nadi	68
akwankyere	68
biwi	68
wabubu	68
adesokan	68
nhyiaeso	68
kadi	68
kankam	68
dasuo	68
akita	68
anyidoho	68
teatea	68
mpase	68
nkyerekyeremu	68
wammu	68
adesuade	68
wannom	68
woakasa	68
ntokwa	68
fita	68
beduru	68
bose	68
menda	68
homemade	68
sumase	68
badwakuo	68
kwansaa	68
biam	68
prima	68
aduma	68
yosemite	68
beete	68
modaa	68
kamisama	67
nteamu	67
neso	67
neha	67
subon	67
ogura	67
sabaa	67
ntahera	67
korokorowa	67
mmaranim	67
oyewumi	67
menidaso	67
akatakyie	67
abofoo	67
sodi	67
duaba	67
wahoo	67
osunsuan	67
hanataba	67
korekara	67
bamanankan	67
enkaa	67
bapa	67
katoro	67
nenye	67
panko	67
sasete	67
nyamebekyere	67
ampere	67
asennibea	67
meen	67
nnem	67
metwaa	67
womo	67
busiama	67
adididaka	67
mennyaa	67
ayan	67
maamenom	67
tiatiaa	67
haye	67
bosaa	67
barabea	67
mokyekyere	67
enyinnaya	66
makae	66
tenkan	66
mmira	66
wanyan	66
abandono	66
nyinaso	66
monkasa	66
saweetie	66
adaduasa	66
moasoma	66
wuui	66
obenyaa	66
ahohwi	66
hwenem	66
mmadu	66
kommentare	66
nkono	66
simri	66
huntuma	66
wanyane	66
moanyin	66
nsaanodwuma	66
monntwintwane	66
ampaara	66
tirana	66
abera	66
nkora	66
homam	66
afara	66
asinasini	66
monnwane	66
treason	66
adwin	66
adanmude	66
adwinnade	66
kue	66
uf	66
gyeene	66
asona	66
mpen	66
kera	65
makayi	65
mampanyin	65
hyetaa	65
wowuwuu	65
nuam	65
botwe	65
gyen	65
nkukuo	65
nafi	65
mmedidi	65
ansaa	65
watonwan	65
babo	65
yoa	65
fika	65
wokitakita	65
mewuo	65
fiewura	65
moansakra	65
nsoe	65
tumim	65
moapa	65
worensuro	65
mebanwu	65
anson	65
obibi	65
kure	65
kram	65
poan	65
nkane	65
nhin	65
mosusu	65
moyi	65
osiesie	65
asutene	65
sronko	65
okontomponi	65
ansie	65
osono	65
mahwe	65
mebadua	65
mabea	64
sumaseba	64
womanwoman	64
haapa	64
mosan	64
monntumi	64
daan	64
asuma	64
nkwakwanuase	64
sikasem	64
ahona	64
amerikano	64
nkohyia	64
noose	64
nkataanim	64
akwankwa	64
toatoa	64
darewa	64
hakase	64
todoku	64
anoko	64
kasemi	64
ayako	64
toyota	64
biribia	64
munnidi	64
akumu	64
montra	64
mesukoa	64
wosankofa	64
oguamaa	64
odikan	64
makeba	64
wosen	64
nsianimu	64
wonye	64
mfuturu	64
adebayo	64
sofa	64
akokonini	64
monnwe	64
noso	64
nhabamma	64
antwere	64
bubui	64
woaso	64
wubetwa	64
broom	64
bofuo	64
bowie	63
adanni	63
badua	63
mofi	63
obidi	63
nwenenwene	63
kusa	63
medwen	63
medin	63
ntiantiaa	63
manyara	63
yamaha	63
adaam	63
naba	63
monnyi	63
wohwie	63
kwaakwaadabi	63
akataso	63
moasakra	63
merensesa	63
tome	63
ahemmaa	63
nedi	63
bani	63
madwene	63
afiti	63
nkekammoa	63
makwan	63
wosie	63
mekanyia	63
wufu	63
nasu	63
yonni	63
kosan	63
goaso	63
monkyekye	63
santen	63
enko	63
atiko	63
neem	63
ahan	63
afon	63
trim	63
gyaba	63
abusuapanin	63
mmane	63
nkuruma	62
abibitumu	62
marianne	62
bidi	62
nnsusu	62
amirika	62
kota	62
fen	62
asoe	62
biasa	62
hawaa	62
gyoo	62
kwara	62
keken	62
osuae	62
afanu	62
nnyinaa	62
yonkoma	62
kaku	62
fede	62
wonti	62
afraa	62
sadaa	62
ahemm	62
manwu	62
aberaham	62
abehia	62
moakasa	62
akwapem	62
tweneboa	62
dementia	62
hatano	62
shake	62
akyin	62
bokoo	62
obesere	62
afeem	61
gyenyame	61
nowusua	61
shameka	61
safan	61
woasesa	61
sufre	61
debian	61
amfam	61
nanim	61
wohohoro	61
moabedi	61
pru	61
munkotwa	61
wonnidi	61
nnuammarimanom	61
odase	61
karabara	61
yafumma	61
nsenia	61
etwie	61
wutua	61
ayim	61
nke	61
finite	61
lute	61
abiesa	61
mmataho	61
nnianimu	61
srane	61
mafiri	61
anibue	61
nui	61
sinto	61
nwosa	61
ahomakye	61
aframomum	61
edubiase	61
nkwammoa	61
prampram	61
munnkum	61
howie	61
wara	61
nnuraho	61
afesie	61
honkan	61
nate	61
entum	61
makam	61
apantan	60
neason	60
efri	60
sabaku	60
metin	60
aduannuru	60
nandi	60
wiko	60
denso	60
nwabisa	60
makra	60
woako	60
mpaemu	60
ayaase	60
ntoatoa	60
oyere	60
abusude	60
odwira	60
pase	60
nubia	60
asaba	60
nimpa	60
mpemdu	60
sonsono	60
aboda	60
fren	60
nkwakoraabere	60
makafui	60
sewu	60
baakan	60
sende	60
munkyi	60
fum	60
yayaaya	60
marika	60
mendwen	60
terebi	60
kandi	60
woden	60
mpesoa	60
kwi	60
suman	60
kwawu	60
fuo	60
ofaa	60
kokofu	60
abofuo	60
beku	60
nsano	60
nton	60
prapra	60
marime	59
moman	59
wosian	59
asomfena	59
wona	59
wommetie	59
wimu	59
moakyi	59
ntuboa	59
woammisa	59
obedu	59
asikre	59
twoo	59
annabi	59
hwana	59
abiasa	59
eduro	59
asea	59
nsuomnam	59
polisini	59
susukora	59
sisa	59
hohoho	59
fipam	59
wonsam	59
ayekoo	59
akrade	59
agyakwa	59
hani	59
egyae	59
nnware	59
bini	59
mesane	59
apepa	59
manto	59
babaso	59
mento	59
fransa	59
bati	59
goran	59
nemuru	59
suasuaa	59
hadi	59
semua	59
kanokwan	59
kuta	59
saron	59
titrani	59
amoakohene	59
wansa	59
woanna	59
atinka	59
banaa	59
merempam	59
akira	59
musuo	59
ahiam	59
kwase	59
sutaa	59
ayinaa	59
tipo	59
braden	59
nkutahodie	58
sedie	58
adinkrahene	58
merenkasa	58
mprensa	58
kareem	58
wansu	58
newu	58
demokratia	58
katon	58
watoro	58
nsoma	58
nkoekoemmoa	58
monnwennwene	58
ahempoma	58
afiafi	58
frafra	58
winni	58
nsusui	58
sibere	58
abate	58
sanya	58
poso	58
kani	58
asano	58
senso	58
meade	58
neto	58
kenyan	58
dammam	58
afire	58
wonnyi	58
woewuwu	58
moasu	58
abantentene	58
teman	58
padua	58
owino	58
kawari	58
powaa	58
biakoye	58
dra	58
behiae	58
fufufu	58
neato	58
asumadu	58
adamawa	58
ahoada	58
adwubi	58
siriahene	58
koom	58
mmako	58
nineteen	58
oyare	58
akonno	58
wesam	58
wanita	58
kwamankese	58
momu	57
akwammisa	57
woresesa	57
kokum	57
meru	57
hoda	57
wataru	57
haruka	57
nkunimdie	57
nsaden	57
maduro	57
shampoo	57
toraete	57
obeba	57
beduruu	57
osaman	57
kenten	57
shia	57
makase	57
wokora	57
mensen	57
naani	57
tiam	57
hyena	57
kokora	57
nkotokuo	57
nkaribo	57
ofui	57
luan	57
apasa	57
mfoa	57
nnema	57
mpepa	57
wewe	57
kontromfi	57
koowaa	57
tien	57
mummetie	57
aketeaba	57
nanaa	57
kohyia	57
agyakoo	57
afuu	57
sakebi	57
hoto	57
nian	56
mmanya	56
nanu	56
bewuwu	56
wodu	56
motwam	56
samoa	56
atentene	56
mohoahoa	56
menahem	56
mpaka	56
sintike	56
okyia	56
menyi	56
binyamin	56
neen	56
ameba	56
eduonu	56
obiaraeri	56
nema	56
papabi	56
senka	56
sitewide	56
kati	56
wedi	56
neapolitan	56
baato	56
akiba	56
wasure	56
nhon	56
nibi	56
bonini	56
mfikyire	56
oyoko	56
fidua	56
metuu	56
mmanoma	56
medua	56
etoo	56
papanom	56
aketewa	56
patron	56
asae	56
amim	56
funuma	56
sakyera	56
korede	56
anwan	56
demokrase	56
afrikani	56
owurayere	56
daye	56
nkyenkyen	56
apakye	56
kakyere	56
ania	55
eduasa	55
efu	55
sansaa	55
wansui	55
nkramo	55
nyari	55
toyin	55
montoro	55
anwanwa	55
masaa	55
wanti	55
pataa	55
tran	55
nsumnam	55
abehyia	55
mentua	55
wahwe	55
nyiano	55
pri	55
yaya	55
suku	55
ampam	55
wubua	55
nsania	55
hooman	55
ogyahye	55
obehia	55
asanka	55
tware	55
apentema	55
abona	55
kwadum	55
agyinam	55
ib	55
ankura	55
trotro	55
mmaatan	55
wonso	55
bosia	55
nnadaa	55
nanda	55
param	55
mponua	55
kaboom	55
asahina	55
sosu	55
koronka	55
adansonia	55
nnwammuo	55
nnoo	55
waha	54
mantie	54
ntenaa	54
sete	54
manom	54
nkasakasa	54
meeda	54
danne	54
kataru	54
safaa	54
kowasu	54
atwi	54
nemuri	54
dekyi	54
wuntwa	54
asadua	54
kusie	54
kaade	54
saharan	54
sikyi	54
goru	54
pron	54
freakin	54
nawaa	54
tipae	54
besie	54
monnane	54
nwonoo	54
waduru	54
kumaabi	54
nnkan	54
munntwintwan	54
munyin	54
wuhyiaa	54
woremmua	54
kuaa	54
moafa	54
munnsuasua	54
apaapae	54
ansua	54
momento	54
tiaatwa	54
moduru	54
akonyan	54
amonni	54
nsakyiamoa	54
nhaa	54
osuroe	54
mumi	54
duuma	54
summa	54
atwan	54
pasu	54
manda	54
gyaman	53
ateaa	53
meanubaka	53
wadome	53
modan	53
nkyeremu	53
trabea	53
takyiwaa	53
ankama	53
amansie	53
wofre	53
anku	53
meduru	53
bukyia	53
anton	53
mampon	53
nkwaa	53
asawu	53
saakwa	53
eduokron	53
baforo	53
paapae	53
antum	53
masomdwoe	53
motomete	53
nhien	53
teaseawu	53
makui	53
adome	53
mfoniri	53
murunntum	53
wanne	53
abana	53
sensu	53
waho	53
merennyina	53
hotie	53
amfibi	53
konto	53
biru	53
aferim	53
wisam	53
amoo	53
haaye	53
sosaa	53
badi	53
mubehyia	53
tamam	53
funko	53
nwokoro	53
bekyem	53
boafoda	53
akara	53
menkosie	53
andwae	53
nasua	53
sawan	53
kake	53
awaam	53
karem	53
noni	53
honoka	53
wuhan	53
sibi	53
ayaan	52
nyamfowa	52
kokuin	52
mpumi	52
mekuru	52
kasanete	52
bitwise	52
asabere	52
opanka	52
tiene	52
ahea	52
baabu	52
akrofi	52
wubo	52
ntetemu	52
feminine	52
oforo	52
adenen	52
nkwantia	52
awereho	52
sante	52
woroo	52
mfasoo	52
opon	52
mommu	52
manyo	52
mentaa	52
dense	52
gyabaa	52
shea	52
okwasea	52
yanni	52
madina	52
nnowa	52
wonda	52
nyama	52
moamoa	52
enu	52
nkurofoo	52
asami	52
nkutadie	52
ahohoahoade	52
okadi	52
wusuae	52
wohyiae	52
nntra	52
mebuaa	52
krasin	52
nuammeanom	52
wosane	52
nnuannuru	52
matua	52
mmabaabere	52
shania	52
ansuro	52
antipatri	52
dansa	52
anuforo	52
moretie	52
akwabaa	52
ananyaa	52
okano	52
yamu	52
bakari	52
benyaa	51
mmpa	51
tuan	51
obubui	51
akame	51
afedie	51
monkura	51
asim	51
nnamfofa	51
meaa	51
betaa	51
etam	51
asaworam	51
hafi	51
mehoahoa	51
animonyam	51
atoo	51
agyin	51
hame	51
konan	51
afaa	51
sindi	51
asokoro	51
akyenkyennuro	51
hanan	51
yamete	51
atari	51
abandona	51
nwin	51
woteam	51
merodi	51
badwemma	51
brim	51
mekye	51
adoroo	51
weare	51
homma	51
kanaa	51
wowi	51
maduforo	51
huro	51
wesa	51
edwie	51
ewan	51
bibini	51
saam	51
kukuo	51
afeni	51
wohye	51
abeam	51
adawura	51
muo	51
pampam	51
abubuo	51
okusie	51
nsian	51
fira	51
sisia	51
okasamu	51
awosome	51
masumi	51
ampaa	50
karikari	50
mentie	50
oboa	50
nsim	50
mforo	50
sone	50
maha	50
anware	50
obeso	50
nemo	50
tumu	50
aboabo	50
somi	50
opumpuni	50
poto	50
ento	50
karasu	50
wofiti	50
moremmisa	50
worema	50
nwisiaa	50
hahaha	50
anyinyin	50
mmerane	50
anweatam	50
yamm	50
nufusuo	50
takyiman	50
monkyere	50
munna	50
wokohyiaa	50
waawaa	50
ntokuro	50
woannye	50
dudu	50
wohyiam	50
amame	50
woan	50
adannandie	50
kawen	50
kuan	50
yaan	50
yason	50
sisire	50
meaboa	50
anaaso	50
asako	50
anokoro	50
medinaa	50
soyi	50
woredwane	50
wonu	50
kabimamenkabi	50
atiwa	50
akwanmisa	50
yoyo	50
adara	50
warae	50
enuma	50
ahyaa	50
adeakye	50
warera	50
asunmaa	50
mamu	50
serie	50
gode	50
wakoda	50
mentwa	50
fuan	50
mantamu	50
karaa	50
nuaa	50
needa	50
yabu	50
badwan	50
nidaa	49
nakute	49
daban	49
montwa	49
nteateam	49
annyan	49
badwu	49
kwampa	49
agyiba	49
awen	49
monkyiri	49
kada	49
moasiesie	49
trodoo	49
anyidaso	49
kofie	49
bekasa	49
waboro	49
oguu	49
kukuru	49
wammue	49
bepo	49
kokyin	49
abaduaba	49
madison	49
ahane	49
asawa	49
yaba	49
sukuruwa	49
kosa	49
tamasese	49
pada	49
ahikam	49
enda	49
twamu	49
dansoman	49
ponto	49
nkwaboaa	49
seru	49
luanda	49
ennuie	49
nwowa	49
yanwira	49
yarewa	49
etomi	49
nsuaem	49
bataan	49
moduruu	49
woadaadaa	49
ennso	49
aniara	49
duebien	49
ankan	49
saban	49
antonia	49
duae	49
hada	49
edina	49
neda	49
frema	49
ahoraa	49
komenda	49
nhabannuru	49
amani	49
sake	49
kre	49
wonnuu	49
munnkyia	49
token	48
denkyera	48
yade	48
kotwaa	48
bru	48
mmeammea	48
wommaa	48
mempa	48
aduba	48
mummue	48
mmenia	48
mensesa	48
wakyere	48
kokosakyi	48
shoo	48
mfidinnwuma	48
monante	48
afuro	48
wosa	48
nkoso	48
adoe	48
anibiannaso	48
neba	48
asokore	48
bimi	48
moria	48
dennin	48
sandi	48
notre	48
naade	48
fufufufu	48
nkrofoo	48
fransuaa	48
nsisie	48
oyasumi	48
kasafua	48
annwene	48
yaman	48
afienya	48
abadiakyire	48
komfi	48
tomo	48
adedaabo	48
yadi	48
mahyira	48
sinti	48
wekyi	48
asomo	48
wuni	48
nsenkyerene	48
ameaa	48
funtum	48
dente	48
naya	48
temmu	48
demma	48
mawa	48
mukete	48
ahase	48
hunta	48
dete	48
pokemon	48
mmoaa	48
sikadam	48
nuka	48
anwomere	47
delaware	47
mepene	47
nadon	47
annoyin	47
adina	47
komma	47
koori	47
wien	47
goto	47
amara	47
yakata	47
agyinatuo	47
abiam	47
akuaa	47
ayaka	47
abusu	47
nntum	47
asuom	47
nkroma	47
swam	47
tutuo	47
mfre	47
ofuraa	47
okuno	47
nsiakyire	47
wokyere	47
woayera	47
mennka	47
fini	47
wonnyae	47
ankoma	47
pandora	47
bate	47
adomaa	47
nare	47
wora	47
konsa	47
akoekoeboa	47
sham	47
kaano	47
tama	47
ahoroo	47
nnuanennuro	47
yaro	47
adedamfikyiri	47
nketenkente	47
amino	47
saabi	47
wubetua	47
boko	47
ntenatena	47
daabia	47
ahosohyira	47
yaru	47
mekyekyere	47
wotum	47
abohomaan	47
woade	47
moani	47
ahaebien	47
akyenkyennuru	47
dru	47
swanson	47
samo	47
tawu	47
aboso	47
nkyerekyere	47
mannetaa	47
tweede	47
agyaaku	47
wuso	47
sitam	47
naruto	47
akuturuku	47
obiesie	47
samase	47
bebubuu	47
bran	47
moremmu	47
nayan	47
nsuten	47
nenea	47
bibiaa	47
asikuma	47
harika	47
mmedua	47
burofua	46
odumase	46
ofoase	46
katamanso	46
nkawie	46
karin	46
boyi	46
anisuo	46
kakari	46
nnonom	46
dana	46
anwenne	46
sekye	46
tikyani	46
dabodabo	46
mmarahye	46
dabone	46
nkabomu	46
tabu	46
amua	46
kuna	46
mafiti	46
kaase	46
amanam	46
obaye	46
monnte	46
kwankyere	46
yafunum	46
homebase	46
wenwu	46
ntwahonan	46
sunsuan	46
wome	46
wonnyim	46
siapa	46
bonna	46
agyapomaa	46
hoaa	46
mebi	46
nowe	46
ahwi	46
kanata	46
sayonara	46
praye	46
amforo	46
boda	46
hababam	46
nenabea	46
nimfoman	46
wowia	46
busa	46
nyimpadua	46
padu	46
awon	46
mohammadi	46
bebiaa	46
ntummoa	46
eforo	46
fram	46
pore	46
akakye	46
ahowa	46
sanni	46
tutui	46
nhomanim	46
mudidi	46
mmasia	46
enkowie	46
nehane	46
moasua	46
adelina	46
ntinkra	46
mannin	46
nakamura	46
ansane	46
obamamam	46
mmesoma	46
wike	46
dedua	46
kabam	46
tanto	46
sinno	45
okasan	45
wariesuru	45
fikadu	45
dedan	45
kanda	45
susanna	45
beatie	45
meeba	45
tabibito	45
makyin	45
sunaa	45
nononono	45
akokoduro	45
wofie	45
fite	45
ahasin	45
hoodie	45
yaanom	45
asennuam	45
abawi	45
wurawura	45
neni	45
konyaa	45
nkurase	45
medoro	45
sita	45
mmofrase	45
monnante	45
mmetie	45
wafiri	45
ninyinaa	45
siriani	45
meremmua	45
mpaninnie	45
annuru	45
okyem	45
osan	45
mmam	45
akware	45
bekae	45
kurotwiamansa	45
mayera	45
moamforo	45
ayowaa	45
wanware	45
mewa	45
adikan	45
maanu	45
oforiwaa	45
suso	45
biem	45
atiri	45
apan	45
mmuano	45
nemu	45
akwannuasa	45
munyae	45
bedwen	45
sinaa	45
nuri	45
mekonnen	45
annane	45
pade	45
obisabisaa	45
daeso	45
menenam	45
kedu	45
adwumawuranom	45
wahyia	45
adwumasono	45
kasanwa	45
tekoa	45
nsunoa	45
obewie	45
kramo	44
honammunyi	44
wotene	44
mennsakra	44
nteteebea	44
sakraa	44
monnyaa	44
manwia	44
wendi	44
wubedidi	44
taama	44
nnwia	44
ansom	44
wonntua	44
ahentade	44
aprodoo	44
mannu	44
nkowu	44
wuti	44
prakonam	44
ofata	44
bram	44
tontom	44
denne	44
nkanare	44
wusuaa	44
mofaa	44
mmuu	44
abotere	44
kodoo	44
botantim	44
asutire	44
mabie	44
sode	44
atuduro	44
moye	44
nsuano	44
pampan	44
odunsini	44
asekyere	44
moku	44
nsafoa	44
tate	44
aburukuwa	44
afrane	44
wono	44
oforikrom	44
yame	44
twitwi	44
wasureru	44
hamare	44
freda	44
adano	44
baade	44
kosam	44
yone	44
siempre	44
weesen	44
kansu	44
nwokoma	44
obuwie	44
denya	44
mubua	44
namfon	44
nteasie	44
nhema	44
monnie	44
asokan	44
adeline	44
mumuni	44
abaka	44
hwebea	44
furae	44
yonane	44
amuro	44
nahin	44
moasane	44
niro	44
bayanka	44
simona	44
osuna	44
nsonsono	44
wenwen	44
tonne	44
amadu	44
paane	44
wanie	44
koaa	44
musubu	43
watwam	43
tenka	43
monini	43
danni	43
kramu	43
kwin	43
pasoo	43
beene	43
wuma	43
ensesa	43
kosoo	43
adedapo	43
odori	43
semma	43
akurase	43
afin	43
medwane	43
nkowaa	43
baabo	43
wonnyina	43
wueni	43
woku	43
bedua	43
meteam	43
kroaa	43
fransu	43
adwumafie	43
baahon	43
wubesiesie	43
wonnwira	43
akasae	43
ansen	43
bratwa	43
sumasete	43
boredom	43
konnan	43
ahwaa	43
afeemi	43
numero	43
ankari	43
moaduru	43
tekyi	43
wodea	43
asikresiam	43
wunyan	43
atere	43
abodam	43
wadane	43
osomaa	43
osen	43
nkawa	43
akonnua	43
abeto	43
memento	43
kukuom	43
enie	43
apron	43
anidaho	43
waaba	43
menewa	43
moante	43
ahono	43
wofom	43
abankwa	43
konko	43
anoo	43
mabisa	43
mehyiaa	43
mekoo	43
amina	43
wahwie	43
obea	43
fiaa	43
mentra	43
wubisaa	43
makasae	43
komano	43
amasa	43
timo	43
nworoso	43
kowasa	43
bafan	43
wuhyira	43
mekunu	43
annwu	43
nkyenenkyene	43
apaam	43
hanafi	43
ahinasa	42
ntokontrama	42
tratra	42
anidane	42
wabedi	42
wohwe	42
nnsa	42
safi	42
nnaase	42
monsu	42
sewaanom	42
abusuani	42
nsanom	42
teba	42
ahoe	42
medeba	42
nimi	42
afore	42
bama	42
mmiri	42
nwapa	42
wadom	42
nnete	42
edanna	42
afika	42
mmari	42
mumfie	42
mota	42
wotuaa	42
wuwuu	42
woase	42
momforo	42
beren	42
paapam	42
nuansa	42
shona	42
nebusaradan	42
enyan	42
tawanom	42
kwede	42
amanone	42
bada	42
fuku	42
monsie	42
dawuda	42
awudu	42
banko	42
kwam	42
sro	42
sikaa	42
nkataano	42
funka	42
baban	42
nnaan	42
yoso	42
tante	42
haruna	42
awaken	42
mfin	42
obedaa	42
mmedi	42
asuanu	42
atekye	42
tekrema	42
monnyae	42
mubekunkum	42
awareware	42
ankunkum	42
wumu	42
awuni	42
suba	42
wonnie	42
adante	42
nuo	42
woati	42
mpuna	42
odeneho	42
afureru	42
nkwabi	42
sabea	42
hayari	42
oyako	42
nosete	42
gosu	42
nnamnnam	42
sira	42
serenya	42
benware	42
atosode	42
okware	41
homme	41
mepono	41
akunndan	41
woowoo	41
maren	41
anaafuo	41
meredwene	41
awurawa	41
wondwosen	41
matania	41
suno	41
menem	41
nnoma	41
osum	41
amuna	41
akwantum	41
obubu	41
woreda	41
naase	41
wame	41
nkita	41
okwa	41
asawase	41
amoakwa	41
mekoto	41
egua	41
worenni	41
maaha	41
abetwa	41
mankani	41
baebae	41
wafu	41
kakuma	41
abui	41
hayi	41
aniani	41
dabea	41
adepam	41
abuebue	41
ankyere	41
opete	41
sunsummunyi	41
mewua	41
wototo	41
nkabi	41
ntuaa	41
kuso	41
tansu	41
nannini	41
awuma	41
nsoro	41
dabo	41
toase	41
harare	41
moawuwu	41
ewui	41
atraso	41
meredwen	41
anke	41
wunen	41
mempere	41
mmeduu	41
nansu	41
dadi	41
denni	41
awasom	41
kamon	41
akwu	41
pori	41
paradiso	41
nyamewa	41
ataban	41
tabita	41
atamuda	41
nekomata	41
asue	41
beanie	41
tanomu	41
mosen	41
homie	41
beru	41
merari	41
sutete	41
yasui	41
moakan	41
wonnwuma	41
aduandi	41
mmpue	41
mosane	41
okosuaa	41
merebedi	41
maradona	41
nsonsom	41
mpea	41
beranda	40
krowehyia	40
sinitwa	40
nandom	40
nusumu	40
nonna	40
konkuro	40
wuapaa	40
nenaa	40
furansu	40
nonso	40
mekasaa	40
samui	40
amidu	40
tesoro	40
saaraa	40
ahwiaa	40
nwoye	40
enkasa	40
mfemfem	40
kwatikwan	40
asama	40
nkakuho	40
pampaso	40
ahin	40
wuru	40
kankye	40
mpamden	40
sasabonsam	40
nanse	40
aburuburo	40
nanase	40
mohohoro	40
antwetwe	40
prayin	40
ennyi	40
bode	40
abomu	40
tweneduro	40
agyen	40
awode	40
kwami	40
sowa	40
nnwa	40
etwe	40
bodi	40
ammonia	40
manman	40
nonini	40
wuba	40
asuhina	40
bonni	40
adia	40
sweeten	40
somafoa	40
dataa	40
mfam	40
woansuro	40
brasua	40
saminya	40
wokyia	40
akodidi	40
ansoo	40
woretete	40
adubada	40
betoa	40
tuutuuni	40
kedi	40
ankenkan	40
gonnaa	40
kuum	40
awada	40
gyenkwa	40
ahaebiasa	40
kuse	40
mfantoho	40
baaha	40
wudua	40
nammu	40
wawaa	40
gokan	40
lusua	40
mundi	40
meke	40
adiabo	40
nkyiri	40
mmofrabere	40
broo	40
melanoma	40
mamme	40
susuka	40
wakuwaku	40
amare	40
yokohama	40
apanaa	40
awin	40
mmia	39
twom	39
kote	39
sienima	39
ogyidini	39
watoa	39
enema	39
menoa	39
ababawa	39
nkoyi	39
sebo	39
soom	39
hyeren	39
huni	39
opuro	39
manyan	39
keke	39
asome	39
mokenkan	39
biti	39
sire	39
pamm	39
sikan	39
afaafa	39
woreko	39
aduonan	39
bekaa	39
meresane	39
ntorowa	39
motaa	39
kwe	39
adiebeba	39
ahiasem	39
ud	39
pomaa	39
atakora	39
motoo	39
ofra	39
mmen	39
ntina	39
baanabase	39
nekoda	39
worentwa	39
frieda	39
ampue	39
mura	39
amintim	39
komasa	39
hwani	39
apereapere	39
desuka	39
moraemasen	39
ntoantoaso	39
moatoto	39
masen	39
wosum	39
efiti	39
susoo	39
yarie	39
ntwaa	39
meresu	39
mapam	39
sukuma	39
ammaron	39
dadom	39
nokosu	39
motua	39
kosie	39
sabo	39
aboano	39
toko	39
nekaa	39
wanua	39
edomni	39
depadua	39
antwuan	39
eduonum	39
sanware	39
kafa	39
afadum	39
kenni	39
madane	39
hase	39
wotrim	39
memoria	39
yareba	39
kumamoto	39
subin	39
atomu	39
lunaa	39
sukue	39
mfoninitwa	39
nedaa	39
wosunsum	39
sunamni	39
badwi	39
toru	39
kanso	39
obebue	39
nteam	39
sesamu	38
ahemanakye	38
ataru	38
tantra	38
asekose	38
afoma	38
atoka	38
ahoniemi	38
kaden	38
ahore	38
enyo	38
mawaru	38
sonu	38
wuden	38
amantin	38
godi	38
monku	38
tuto	38
timoti	38
wawae	38
matwe	38
weawea	38
ntiense	38
bakru	38
yafunukeka	38
ahaanu	38
sinitwani	38
osufoo	38
nnuadewa	38
abedua	38
odoo	38
twie	38
aweredi	38
fremfrem	38
ennyae	38
kowia	38
besom	38
buro	38
anta	38
mataa	38
dawa	38
kwaem	38
agyapon	38
adwoaa	38
somu	38
naadu	38
kwaaman	38
pane	38
hyiaam	38
pone	38
karera	38
mebaye	38
moretwa	38
wukura	38
animo	38
mesoo	38
obebubu	38
konyan	38
moresan	38
mempoo	38
nyiniannabi	38
danedane	38
atwaa	38
nnkasa	38
munnyin	38
mfewano	38
abayewa	38
namie	38
susuhama	38
okonyaa	38
naane	38
wankae	38
maadwoa	38
mehakye	38
adoniram	38
wumda	38
ahetoo	38
woreboa	38
wasem	38
mafom	38
atuatua	38
baaware	38
funkware	38
bita	38
nisa	38
sikapa	38
teda	38
mennda	38
awodi	38
benim	38
abosam	38
baboo	38
memebase	38
egyin	38
abosomfie	38
mommata	38
adubea	37
kusu	37
abufu	37
ahyem	37
amankwatia	37
boha	37
anadwofa	37
firim	37
bonto	37
wayo	37
dako	37
obako	37
akofa	37
goroo	37
odende	37
ammfa	37
apakan	37
nsafufuo	37
ayem	37
nnano	37
abakosem	37
motwa	37
nwira	37
osui	37
woannyaa	37
sata	37
mpapahwekwa	37
egyaade	37
wubesie	37
aduto	37
mesakra	37
ennwu	37
nonom	37
nnsuro	37
dutan	37
beri	37
koku	37
frenkyemm	37
sabu	37
mentum	37
saayi	37
moahwie	37
bewiaa	37
entie	37
wapene	37
kakrabaabi	37
wosika	37
denkyem	37
daboya	37
saawua	37
abora	37
abirem	37
yaawa	37
wonkaa	37
asoro	37
agumadibea	37
ofu	37
bandi	37
akomatuo	37
yahwe	37
woakae	37
osiakwan	37
anwen	37
anoden	37
mfia	37
hyaku	37
konni	37
woodenware	37
kayin	37
akoose	37
kumfi	37
taani	37
memme	37
adui	37
mokan	37
moabom	37
abati	37
meannwu	37
okyeso	37
ogyinae	37
sonnie	37
abokasam	37
sekania	37
wene	37
senate	37
anyo	37
marian	37
edubease	37
baana	37
fumiko	37
ahoaho	37
mmirikatuo	37
mmoakuo	37
okasasin	37
anusua	37
nafa	37
kadu	37
mabuta	37
abonnementen	37
fumi	37
sibo	37
tuutuu	37
enntum	37
gyakuten	36
bomfim	36
nkontimmaa	36
yano	36
wakura	36
afrakoma	36
wakwadare	36
semforo	36
nede	36
nhyemma	36
okasamufa	36
obofoo	36
yapan	36
semaforo	36
nasia	36
abonni	36
abonare	36
adamma	36
korinti	36
asinkrito	36
womusu	36
ninaa	36
aduna	36
mensua	36
yoye	36
wansana	36
sensen	36
okaye	36
abeduru	36
berewa	36
wahye	36
masie	36
osom	36
nkataho	36
feku	36
anidan	36
tipa	36
waakasa	36
afofanto	36
odwanten	36
yada	36
kontonkyi	36
wotiatia	36
tore	36
atone	36
adwumakase	36
suame	36
meara	36
ansoma	36
wokeka	36
asebaa	36
awufu	36
woredwen	36
ammene	36
asande	36
wosuasua	36
mepo	36
kuromni	36
worempo	36
nsukom	36
odoom	36
gyin	36
krakra	36
ween	36
nhoa	36
nakano	36
kekae	36
amaamuo	36
takuu	36
mpanyinni	36
mfiti	36
wodan	36
mfuwe	36
soan	36
asaasesin	36
moadeda	36
sansani	36
oyibo	36
woaboto	36
woansua	36
nakama	36
motomeru	36
teru	36
wamde	36
nomoro	36
monnaa	36
kokui	36
wanwa	36
agyinatukuo	36
nyasa	36
nhanoa	36
buhari	36
ankwa	36
adamfowa	36
paati	36
adoni	36
nimfomana	36
biria	36
nabu	36
biriba	36
mufasa	36
hotwire	36
ahonui	36
hade	36
korose	36
susum	36
kunim	36
yaburi	36
sisu	36
munkyia	36
wonuma	36
mekaekae	36
mosono	35
hyire	35
tono	35
memmo	35
bebubu	35
bodua	35
wonsu	35
watwitwa	35
pamoe	35
bakama	35
mesusuu	35
frae	35
nyise	35
wommisaa	35
worennom	35
atoatoa	35
baani	35
kakraba	35
poke	35
nkatanimu	35
mokum	35
nsutene	35
atiafoa	35
sotie	35
funnaka	35
aninyanne	35
kuturuku	35
anikan	35
ntamabamma	35
tibi	35
mmerewabere	35
atoe	35
aboto	35
sirikyi	35
nennam	35
nsiane	35
osewa	35
ewi	35
anem	35
trabere	35
mmotafowa	35
tini	35
nkoo	35
wommisa	35
oponko	35
swore	35
mankata	35
makodi	35
wadidi	35
monsua	35
twero	35
anwumere	35
kri	35
nnoa	35
moremma	35
aferikano	35
kokunkum	35
felisa	35
kawaru	35
nyinyi	35
takra	35
saade	35
nadwen	35
wansuro	35
monse	35
nhiaa	35
wonnsuro	35
menkoaa	35
anokyewaa	35
woekrukye	35
apaamu	35
muso	35
awoso	35
konka	35
feaa	35
ponkan	35
naha	35
nnabi	35
obenewaa	35
konu	35
parede	35
kokomu	35
nowu	35
nisaa	35
akakura	35
okotie	35
mawe	35
panam	35
entiende	35
akokyem	35
meremmue	35
memukan	35
homare	35
masum	35
deaa	35
nisam	35
nyami	35
nyonko	35
bolan	35
noone	35
berean	35
manwie	35
daaka	35
woahennie	35
yamamoto	35
bitinia	35
bufu	35
buhaari	35
worepere	35
dasanyi	35
futura	35
moafi	35
sinatra	35
tonari	35
owuro	35
antaatae	35
kokoamu	35
wentum	35
batam	35
manito	35
mariama	35
nkuru	35
neeson	35
kurayami	35
konkan	35
paaya	35
deewani	35
napaa	35
sakasete	35
bano	35
awosuo	35
nkosoo	35
nsaanini	35
awara	34
bebisae	34
baahia	34
sesia	34
saenae	34
mmanie	34
montete	34
kasim	34
tuma	34
menyim	34
moankyere	34
luton	34
kosu	34
honaa	34
amonnibea	34
nidie	34
anamde	34
saanse	34
atoaa	34
mabodam	34
hanamuke	34
okyinkyin	34
berenson	34
haramase	34
ntonu	34
mmasa	34
ahira	34
apaapaapa	34
atiatia	34
tweaa	34
abenkwan	34
yohanan	34
aduu	34
anisa	34
enkan	34
awesum	34
tereasa	34
datum	34
saware	34
mommaa	34
nori	34
tomi	34
nanson	34
wuho	34
kenaana	34
akyinim	34
benkyi	34
nannu	34
nsiakyibaa	34
obeka	34
dapa	34
akwakora	34
wofase	34
gyene	34
atadwe	34
nnuanom	34
mmoano	34
mekyere	34
nyeraa	34
endure	34
medware	34
asabi	34
nyiaa	34
kwaterekwa	34
odasani	34
bamma	34
pano	34
akwada	34
mfuamfua	34
nneduadan	34
moase	34
neti	34
wotwitwa	34
wotenaa	34
efirise	34
dasuom	34
behwanyan	34
serafim	34
nenya	34
tiae	34
mubotum	34
mferehyia	34
nhwete	34
nkya	34
teateam	34
mereti	34
bayia	34
wasureta	34
adwumapa	34
asomafodwuma	34
wosesaa	34
neama	34
mukenye	34
musunde	34
mmem	34
atease	34
wohwim	34
bebiara	34
asafokuo	34
bika	34
tinim	34
saelase	34
noda	34
ntrontron	34
koakuma	34
wokuu	34
korewa	34
narase	34
obaahemaa	34
oyasin	34
ensina	34
dunia	34
medeea	34
medwinnwen	33
senyo	33
obie	33
amem	33
konkoma	33
ahenkora	33
tunu	33
shani	33
woasom	33
mosua	33
waduro	33
morae	33
monnsusu	33
krabi	33
abuada	33
akuamoa	33
maduru	33
antimi	33
obeko	33
abase	33
haram	33
tumpan	33
ahya	33
adansekurumu	33
nonononono	33
adwamma	33
mahohoro	33
moadwene	33
papaa	33
wonyane	33
warum	33
kante	33
shada	33
parasite	33
nketekrakye	33
dura	33
asede	33
mfeano	33
meande	33
namdi	33
shima	33
yom	33
abubummabaa	33
sendiri	33
makuma	33
wohyiraa	33
weeaboo	33
adeeba	33
wubemia	33
monnkae	33
worennye	33
matim	33
mmaraa	33
mufuraa	33
nensa	33
bantumi	33
nita	33
woahantan	33
kannin	33
boatwoman	33
makram	33
nsansono	33
betiatia	33
katoa	33
kusuri	33
moankye	33
mero	33
sidim	33
matete	33
dennennen	33
kamera	33
treba	33
yakoma	33
frankye	33
banua	33
adon	33
marui	33
awone	33
medoo	33
dama	33
kakete	33
wandi	33
amakuru	33
sonkahiri	33
apasam	33
hosa	33
goma	33
suaman	33
mmakoma	33
obosuo	33
nkanu	33
sintim	33
nofi	33
kone	33
dansoa	33
nwantinti	33
hati	33
hontoo	33
mmoma	33
bato	33
besesa	33
nkotoo	33
pomade	33
deme	33
mesomae	33
boafoo	33
tiempo	33
setan	33
akwamufie	33
mpraeso	33
beheraa	33
hadano	33
metabo	33
tufi	33
seprewa	33
mampam	33
mpemaduonu	33
mpasuaso	33
adwumafa	33
aduo	33
ofoforo	33
akyena	33
abunkam	33
adwenedwene	33
banna	33
amnesia	33
atasomaaso	33
nyaako	33
bakoma	33
koasea	33
burundi	33
muntua	33
meahakye	33
beelam	33
moapo	33
mosiesie	33
pamo	33
busaa	33
hoko	33
yaresa	33
nsateakwaa	33
aguadidan	33
merenyin	33
bantamahene	33
aturukuku	33
pato	33
akasaa	33
sehwi	33
awisiaa	33
tipre	33
ntiamoa	33
ntemntem	33
akese	33
tine	32
dunnum	32
soni	32
nsum	32
wowe	32
nomu	32
wasuro	32
wammisa	32
gyataforo	32
asika	32
saako	32
kaeru	32
aboodi	32
nkyenam	32
akonya	32
woabubu	32
feri	32
yaha	32
drinkware	32
wota	32
samaa	32
ankyekye	32
morentie	32
mebetumi	32
fuumi	32
wotoro	32
tite	32
nosa	32
neka	32
monnkenkan	32
haare	32
nokori	32
mukoraati	32
asoreba	32
towe	32
wamfiri	32
abenya	32
yana	32
manti	32
feabo	32
bebon	32
awuradi	32
duka	32
webi	32
nhyi	32
anoano	32
nsakyeramu	32
nankan	32
wunmuan	32
hofi	32
kannu	32
ennin	32
wubisae	32
yatra	32
kaese	32
ende	32
enkanta	32
maremmano	32
okie	32
bikoro	32
dese	32
senna	32
nemui	32
lue	32
ewuradwoa	32
monsuasua	32
babam	32
owiae	32
sorowe	32
mantena	32
hwaa	32
kawu	32
nimfi	32
positano	32
wooten	32
asafotufiam	32
yonka	32
medawase	32
wueno	32
babie	32
dunya	32
tiramisu	32
hoose	32
metere	32
temmie	32
amamuo	32
bonya	32
tantan	32
woduru	32
mahyia	32
sinea	32
mabue	32
wansane	32
tabono	32
seam	32
tawia	32
bidie	32
asankuten	32
merentie	32
nodi	32
woadan	32
baboka	32
memmaa	32
mprapra	32
santene	32
anomabo	32
woenya	32
mankyiakyia	32
nwan	32
osuu	32
koron	32
mmeamu	32
krata	32
shama	32
wampo	32
mfeha	32
sapo	32
aprawa	31
gyakari	31
nkuma	31
afana	31
daha	31
kutawonsa	31
kwakuo	31
kekakeka	31
ayewohomumu	31
munda	31
ayen	31
bempa	31
amakom	31
tanoso	31
asafu	31
apereperedi	31
katakyi	31
bora	31
ampesie	31
nnosoa	31
nsayam	31
asemmisa	31
bake	31
nkam	31
ansam	31
osabarima	31
anyankonsem	31
edwam	31
ntwitwa	31
kwakyewaa	31
animate	31
mande	31
mensane	31
koka	31
manko	31
kokokyinaka	31
deliberate	31
anamon	31
obotan	31
winti	31
nufi	31
mokwati	31
wantena	31
ofura	31
wakaa	31
merete	31
nhinta	31
adada	31
mmoadan	31
kakae	31
nsiananmu	31
odwumayeni	31
nkyirinkyiri	31
asanku	31
kaete	31
afoofi	31
beenie	31
meandie	31
atoaso	31
opere	31
fieha	31
nwanwani	31
woatra	31
aboaso	31
amelia	31
merensan	31
moampo	31
ammubu	31
fiam	31
ahinko	31
hatin	31
oyetoro	31
annuane	31
adooso	31
kwanini	31
menaa	31
wuawua	31
binyam	31
mpenanom	31
paboa	31
gyaku	31
fuwafuwa	31
menkoa	31
nnemdi	31
tafi	31
moanwe	31
muke	31
bunka	31
mesum	31
moran	31
meboaboa	31
adiban	31
gonnae	31
afasebiri	31
wean	31
amoafowaa	31
asana	31
prom	31
awuade	31
amanamamuni	31
yoe	31
abebi	31
lumi	31
nkramoni	31
amadare	31
atatakasa	31
hanase	31
kokyiaa	31
adenta	31
horon	31
enmusubi	31
anoka	31
adaada	31
ewurama	31
narabete	31
nera	31
akwabi	31
akrofuom	31
yakusoku	31
abusuabo	31
muntaka	31
ahotosoo	31
nnabo	31
nwaa	31
deri	31
tonto	31
tunisia	31
maano	31
amanua	31
hohokum	31
prema	31
parada	31
gokuu	31
annso	31
hansen	31
amanyokuo	30
mmosia	30
ahenie	30
dunkwa	30
akwamuhene	30
akwankwaa	30
wokra	30
wotra	30
ahoohare	30
kasakasa	30
akekaboa	30
kokuroko	30
nwansana	30
huno	30
kwaboaso	30
ewom	30
mania	30
paepae	30
asomafoa	30
apapa	30
awerehoo	30
nwuram	30
mosomosoo	30
baawie	30
ninnu	30
buubuu	30
monnkasakasa	30
mmafra	30
gyabidie	30
etaa	30
wotuatua	30
monson	30
ampara	30
antipa	30
asonsono	30
kwaakye	30
edaa	30
mempo	30
paase	30
manante	30
mmirikaden	30
anndi	30
metwere	30
odom	30
woapam	30
akatawia	30
pram	30
adwinnan	30
nkuu	30
agyinamu	30
gyapade	30
daam	30
nturukuku	30
nkataa	30
yaade	30
nkrato	30
owuraa	30
nkoronko	30
abanyimfa	30
abanoma	30
bowu	30
mewom	30
wonwu	30
mehye	30
moawa	30
afandi	30
atetekwaa	30
saha	30
amoakoaa	30
woani	30
fuente	30
nwuna	30
adanim	30
nyinan	30
metronome	30
wadwen	30
suena	30
amediema	30
menyane	30
abowa	30
brien	30
bibu	30
tedi	30
mohohorohohoro	30
fumidasu	30
wansoo	30
hyakunen	30
mundoforo	30
nhwea	30
bisam	30
sheba	30
atoso	30
sawua	30
apen	30
odame	30
asianwoman	30
paradeaso	30
yowasa	30
ahinoam	30
medase	30
nemam	30
sekyedumase	30
yose	30
safa	30
pakwan	30
mehenni	30
manon	30
ahofra	30
babari	30
abohemaa	30
yaari	30
agyemfra	30
mababawi	30
nyaasu	30
kohen	30
hwui	30
hosam	30
sennin	30
ahonoora	30
aferin	30
nyamm	30
shaam	30
amasaman	30
nnase	30
wuramu	30
afikoman	30
nnaba	30
dakye	30
ewoo	30
makyekyere	30
mesusu	30
posa	30
woton	30
anma	30
wonkae	30
abibirim	30
odwadini	30
agyabi	30
mmoo	30
sebi	30
safowaa	30
nadin	30
ankoku	30
serenade	30
nyaba	30
brakwa	30
kankofa	30
patuo	30
meresom	29
deem	29
abato	29
besoo	29
tapa	29
wusuasua	29
mmebisa	29
totem	29
bosompem	29
gyamera	29
beposo	29
odompo	29
nansoaa	29
buba	29
nokoro	29
obeten	29
oburu	29
masere	29
oboe	29
mutum	29
mekamfoo	29
ntwatoso	29
ahintasem	29
kramosom	29
nkantom	29
manyamanya	29
akronkronne	29
sudaa	29
payam	29
boame	29
wanke	29
banaani	29
yaremmoawa	29
moawia	29
yato	29
sesiaa	29
kokode	29
monkeka	29
akameakame	29
nnwoo	29
moataa	29
kaansa	29
terase	29
kabia	29
asude	29
sintra	29
ahosu	29
melinda	29
nenu	29
makuu	29
annoni	29
toriko	29
nnuho	29
mannsan	29
wadaa	29
wubekura	29
wure	29
metoa	29
ogyiten	29
bayan	29
yaka	29
maeda	29
nkolaa	29
toatoaa	29
afiasenna	29
tafere	29
menma	29
katumi	29
shiteru	29
ahiahia	29
enkantaa	29
behwie	29
neasa	29
akraa	29
tenku	29
soraa	29
paraa	29
nenene	29
akubi	29
nutan	29
wantum	29
komorebi	29
posen	29
bisu	29
baduaa	29
moronae	29
enia	29
asasin	29
hansom	29
wawan	29
wandaa	29
nimmo	29
nnoe	29
nnaam	29
kwamma	29
kwanu	29
manyare	29
taba	29
mfoto	29
dumme	29
gonin	29
noona	29
kumu	29
mamam	29
motome	29
adanedane	29
kotoka	29
mamono	29
webisode	29
afurete	29
noro	29
asebi	29
waturu	29
adiepena	29
katra	29
biden	29
sanu	29
benyaminni	29
bantam	29
deka	29
kemme	29
nurasu	29
kukurantumi	29
nkontaabuo	29
tempane	29
osudoku	29
nkurowa	29
fimfi	29
somo	29
momonoto	29
sannin	29
pawan	29
asoebi	29
suke	29
akondwa	29
melina	29
tari	29
seperewa	29
sankuten	29
nkwantanan	29
weren	29
mpanimfoo	29
nnoama	29
waboaboa	29
morenwuwu	29
abaete	29
mommie	29
nsesaa	29
nyaatwomni	29
afundi	29
wotenetene	29
oguane	29
munkosua	29
mohammedan	29
oyoyo	29
susono	29
denta	29
oboro	29
ntume	29
tonton	29
watoto	29
bosabosaa	29
moansu	29
wasu	29
wonante	29
anaman	29
nkunimdi	29
asesaa	29
abayie	29
adwamaa	28
mmaratode	28
woreba	28
serafu	28
mepese	28
mumiaa	28
prin	28
kontam	28
nnwennwene	28
kwasaman	28
gyedua	28
abeka	28
obekoro	28
summon	28
ahwene	28
nnipaban	28
sukuru	28
wusiesie	28
fiene	28
simea	28
paadu	28
mummedidi	28
moso	28
abuso	28
womia	28
aprem	28
adaye	28
abasem	28
humanitarian	28
tanno	28
agyenkwanom	28
wubui	28
tahiti	28
amman	28
tinware	28
morena	28
afikra	28
wereko	28
wankan	28
akya	28
kuran	28
merennyaa	28
wompaa	28
deba	28
obui	28
nnabea	28
aprapra	28
wunumuu	28
mudan	28
beaa	28
amaradewa	28
matwen	28
koke	28
awoma	28
demoman	28
medeama	28
duduruu	28
mensae	28
motuu	28
matan	28
museke	28
andie	28
gyampantrudu	28
eduanan	28
anaemia	28
keno	28
gomasom	28
brianna	28
pokua	28
nnaae	28
amaka	28
gyamfuaa	28
kaakaa	28
aboaba	28
metia	28
awontoatoaso	28
moansua	28
nerede	28
mennini	28
gyem	28
abiti	28
obien	28
nsuonwunu	28
monkyi	28
saru	28
bumi	28
okuo	28
mmaranimni	28
yaho	28
kahaa	28
kodoku	28
bidon	28
asoso	28
monnwira	28
shannon	28
endura	28
kahani	28
hyo	28
manke	28
bukui	28
aperenkensema	28
somukete	28
tita	28
yonde	28
oweku	28
saada	28
gyaru	28
tomoko	28
tekyerema	28
nnammurata	28
ntampehoma	28
ahoranta	28
mmrantie	28
homenna	28
matra	28
fenaa	28
tibebu	28
lume	28
akwaboahene	28
oberima	28
saani	28
matam	28
bonkura	28
swa	28
abohene	28
ntekyere	28
toda	28
saso	28
tani	28
mmore	28
amanamanmuni	28
mammon	28
momono	28
tepa	28
komen	28
moanwu	28
banu	28
breman	28
odikro	28
fene	28
awofoo	28
buroni	28
mfua	28
ayonkofa	28
nnso	28
morenya	28
akronkron	28
tuatuaa	28
adwinnie	28
kontonkurowi	28
teaseenam	28
tako	28
besia	28
nkwatia	28
mmorosoo	27
abirimoro	27
menemu	27
awaremi	27
matin	27
mpatade	27
mpapa	27
akurakura	27
nsera	27
tetea	27
ahini	27
wisa	27
opa	27
monnsan	27
nimdie	27
besa	27
wabaa	27
moya	27
yoke	27
akwantemfi	27
nkyerease	27
pawa	27
nkunkum	27
mehohoroe	27
atuboa	27
neno	27
anyamesem	27
twakoto	27
dunsin	27
mebuu	27
anwini	27
frien	27
mfoso	27
moaman	27
abokyi	27
afrikan	27
mekohyiaa	27
numu	27
kufi	27
afeka	27
sabina	27
bisuro	27
ayewoho	27
osam	27
wokaekae	27
nhyame	27
daada	27
nyinaara	27
needin	27
mansuro	27
maaba	27
nkwaso	27
afoko	27
somon	27
odehyieba	27
aguaa	27
wowuraa	27
naesan	27
nsononsonoe	27
metan	27
berem	27
mehoa	27
sakebu	27
moresu	27
anteprima	27
katwe	27
waraeru	27
waewae	27
kadaa	27
okyakusama	27
gyedu	27
sote	27
kanna	27
yohana	27
sawako	27
atuam	27
yoaa	27
mannwene	27
musuko	27
yamma	27
ennaa	27
amoro	27
anone	27
kareena	27
enuonyam	27
mpasoa	27
kotonimaa	27
benni	27
amfufu	27
monokuro	27
amama	27
honka	27
munde	27
sonyaa	27
hato	27
okasu	27
nnike	27
fuusen	27
kotuu	27
wema	27
mmerepa	27
nere	27
hammam	27
kannada	27
prente	27
adediwura	27
marae	27
wuan	27
ahowaa	27
kokri	27
eduaba	27
ankita	27
trumu	27
afeera	27
winsome	27
sowutuom	27
shawaa	27
daaku	27
hataa	27
adelia	27
menkyo	27
nkrama	27
apraku	27
kokosowa	27
mmatiri	27
yoake	27
weam	27
hwammo	27
panni	27
taro	27
akaba	27
atwero	27
seaman	27
kwani	27
homasoni	27
nhohoa	27
ntehyeewa	27
yahaya	27
nore	27
amme	27
afudotwedotwe	27
deeben	27
okro	27
aketekyire	27
afididwuma	27
edua	27
ntui	27
awuraba	27
asaso	27
wasoa	27
menne	27
twea	27
asuboa	27
ntomaban	27
kantan	27
bento	27
seto	27
kafui	27
nwomama	27
okokroko	27
nyamedua	27
efere	27
dendenden	27
asantrofie	26
broniwewu	26
kampese	26
adwumayeni	26
ahankono	26
amparubo	26
swine	26
gyentia	26
aduwa	26
momfira	26
aberekyi	26
woretwa	26
proto	26
ananta	26
mmedie	26
nkodaa	26
fera	26
daka	26
afirim	26
wasim	26
nnkye	26
wontaa	26
monnan	26
wowiaa	26
momfi	26
maban	26
paradada	26
ense	26
nokwa	26
abusuafuo	26
bekye	26
enanom	26
asankuo	26
wodwendwene	26
horohoro	26
ayeware	26
odede	26
ofosua	26
monsusu	26
amatie	26
apre	26
ayon	26
woedum	26
baboon	26
nipakuo	26
abunu	26
edweso	26
nnaano	26
afiaso	26
ayaayaade	26
kunnom	26
woamuna	26
mantwea	26
anwanwadwuma	26
betia	26
buebue	26
nnare	26
abotre	26
memmfa	26
wosere	26
siberia	26
mototoo	26
sorosoroo	26
kuhaa	26
patara	26
mereboa	26
enibere	26
nntena	26
mmoroo	26
amadi	26
ahweaa	26
adehyemaa	26
sasaa	26
medewi	26
sikye	26
okinawa	26
dawidi	26
maeka	26
awerekyekyere	26
nhennwa	26
afituo	26
mpare	26
horaa	26
nsoasoa	26
ntaayaa	26
wena	26
santoro	26
moatim	26
kootaa	26
mabaan	26
afirika	26
yayami	26
etwetwe	26
nonno	26
wotiri	26
mendi	26
merennkae	26
odon	26
meam	26
edema	26
asiaa	26
melaa	26
memmu	26
atiaa	26
ayato	26
menno	26
bakare	26
nonnie	26
wufa	26
anyinyini	26
wontwaa	26
manoo	26
kureru	26
pati	26
moanto	26
owon	26
hanni	26
ammirika	26
adisua	26
koware	26
yahya	26
enamoro	26
beata	26
annwen	26
kurikaesu	26
afeku	26
adwedaa	26
woammfa	26
ahintabea	26
yasa	26
tede	26
yoan	26
siento	26
nima	26
mmpere	26
annaba	26
nwantiti	26
fianko	26
wabusua	26
masoom	26
woesiesie	26
haakaa	26
mawasu	26
gotoku	26
menina	26
afede	26
akere	26
amfori	26
odoru	26
monsuru	26
habiba	26
kanto	26
yoona	26
ofuro	26
asadweam	26
furuwasete	26
agyinae	26
nnammurato	26
ahota	26
ammon	26
nutri	26
ntwonoo	26
twoforone	26
yomi	26
freeware	26
nute	26
luta	26
owudini	26
wantoro	26
amoatia	26
freho	26
nwokedi	26
kaaba	26
yoni	26
sasae	26
tute	26
mekano	26
animono	26
tweri	26
woresom	26
nwatiri	26
mpampa	26
kwabi	26
beaten	26
nwiadowa	26
gyase	26
densu	26
duruduro	25
mpatuo	25
opepon	25
odeepua	25
dato	25
hunnie	25
hori	25
bidasoa	25
awaseru	25
monnini	25
mafu	25
sodan	25
kute	25
hannaa	25
wakasu	25
aburokyiman	25
baanodani	25
abofodwom	25
sankore	25
sute	25
adim	25
adadaa	25
tanin	25
okyiri	25
daben	25
asanteni	25
woawie	25
kwaakwaa	25
yanya	25
wanwura	25
santaase	25
boaten	25
kwansa	25
adubiri	25
nkyereso	25
trom	25
mennko	25
saworowa	25
mediate	25
brane	25
amanie	25
ofre	25
wunwu	25
wommo	25
wanye	25
abete	25
abamu	25
nkwaseade	25
menti	25
abonniabonnie	25
kapem	25
ewuo	25
enyini	25
wabenya	25
tora	25
abafoa	25
menkenkan	25
mowe	25
daho	25
okuafoo	25
manyini	25
nnwontene	25
akomea	25
munntwitwa	25
enua	25
murano	25
kosui	25
nuammaanom	25
pate	25
obebua	25
obetiatia	25
wodwane	25
amaron	25
edimu	25
nufuo	25
asonani	25
mmebusem	25
ntweaban	25
etwi	25
medaso	25
seseaa	25
taso	25
moreba	25
akrasia	25
montase	25
mennan	25
babease	25
akotia	25
merewura	25
mmene	25
monyina	25
baabae	25
briana	25
nhyiren	25
watim	25
haba	25
adwotwa	25
momade	25
siamoo	25
owode	25
mubetwa	25
habana	25
meanwu	25
akyim	25
akyekyede	25
aberantewaa	25
mennyi	25
somete	25
dankora	25
nkodu	25
worekan	25
babama	25
seetaa	25
samena	25
tinni	25
muku	25
mempene	25
nwae	25
apuu	25
mpaapaamu	25
karite	25
notoro	25
mabubu	25
konyim	25
waseda	25
meretwe	25
obaana	25
amunu	25
honokaa	25
afeam	25
etoa	25
biere	25
nande	25
ataata	25
maanam	25
mennte	25
masoabi	25
siro	25
mediaa	25
nakwan	25
neare	25
agyisan	25
samia	25
beere	25
buforowa	25
hankra	25
amari	25
owasa	25
nanayaa	25
barakia	25
wonkoye	25
kanaeru	25
samu	25
okare	25
tunwomaa	25
biaso	25
asieduwaa	25
ntewusu	25
naboo	25
naabu	25
suroto	25
kukurubin	25
timon	25
nsese	25
owolabi	25
wedisua	25
asamankese	25
motokare	25
siare	25
aduanaba	25
animanim	24
kotie	24
nnuadua	24
praso	24
nnanko	24
adesuadan	24
amponsaa	24
mmayewa	24
nyansapo	24
efise	24
prada	24
dubako	24
huruu	24
adeeakye	24
ahohwie	24
sike	24
sokoto	24
asomafoo	24
waada	24
twitwiri	24
ntuu	24
yadon	24
yafunumma	24
apamo	24
dumua	24
dedaada	24
nakye	24
wabemuamua	24
ahinam	24
siade	24
abandennen	24
mokeka	24
wodum	24
woadom	24
wonntum	24
wananaa	24
afriani	24
meretwa	24
betete	24
preterite	24
obae	24
akwansini	24
monkum	24
ntwere	24
saasa	24
wonnte	24
teneneeni	24
nwanwade	24
wuen	24
bune	24
kurumi	24
wuri	24
watare	24
adwera	24
obata	24
swansea	24
gyaasehene	24
brute	24
andwu	24
wonntwa	24
biribiribiri	24
mepue	24
atiboa	24
teraa	24
yaaba	24
kaaye	24
nasom	24
furaa	24
brasa	24
sapa	24
nsusuie	24
wommfa	24
yaaya	24
wanante	24
tinto	24
wunda	24
badoo	24
wubenu	24
nwanne	24
nsonwu	24
okure	24
karenni	24
ayiti	24
bukuu	24
mateba	24
woahwe	24
moakum	24
nweweboa	24
bibinyi	24
mekyiri	24
suapon	24
simi	24
gyeme	24
paradeese	24
anandi	24
asui	24
abonniere	24
abanwa	24
siamese	24
asoto	24
seti	24
woadane	24
munnsua	24
asiakwa	24
mamm	24
kasian	24
egyaa	24
tofi	24
shiba	24
ahwa	24
sate	24
haseen	24
nnanabu	24
sunu	24
akisame	24
nhyiamudie	24
akereba	24
manma	24
animdua	24
kodie	24
takusan	24
motometeru	24
daawa	24
papo	24
branom	24
baami	24
nnani	24
daaduam	24
nnena	24
yasin	24
okere	24
okoe	24
nankwaasere	24
kapan	24
godin	24
womanoo	24
niase	24
hananusubito	24
fekyiri	24
mokasa	24
asaasetraa	24
maamaa	24
powu	24
katoo	24
sose	24
amae	24
habitude	24
nkentensoo	24
adwanneema	24
afelia	24
paawan	24
numfon	24
oyiwan	24
koama	24
ahowu	24
satie	24
antwan	24
hano	24
mure	24
maforo	24
abubakari	24
wonnua	24
abewia	24
memfiri	24
kuka	24
nsakramu	24
aboawa	24
nyinam	24
adekorabea	24
dantaban	24
ogyam	24
edie	24
nsuomunam	24
sikadwa	24
sanaahene	24
nkrawiri	24
kankane	24
nkansa	24
dawadawa	24
waati	23
anitra	23
kuira	23
bonwono	23
mfonni	23
woyome	23
binduri	23
asonaba	23
akokooduro	23
sreso	23
taare	23
kakera	23
nakya	23
koroye	23
kerosene	23
haban	23
firempon	23
nansoa	23
hwidiem	23
nnawuro	23
wankyi	23
notaa	23
eware	23
memfaa	23
nsabuo	23
konta	23
osumanni	23
satin	23
osorosoro	23
tinnye	23
awose	23
krokro	23
sianka	23
nseso	23
nnabu	23
tima	23
akyiridie	23
obibiara	23
wommehyia	23
mereso	23
kasua	23
dawara	23
ahonuo	23
ahonidie	23
brenya	23
akama	23
mpre	23
wakwan	23
wofoo	23
wonton	23
menyin	23
aboakyere	23
nnono	23
panana	23
abiri	23
awea	23
anasa	23
huwa	23
wakyekye	23
abidan	23
bibiri	23
denise	23
gyosuwa	23
monsunsuane	23
nwam	23
powa	23
oyonko	23
boman	23
ntori	23
metwi	23
akusa	23
mmota	23
froe	23
ntetekwaam	23
odehyie	23
kem	23
atuhoama	23
payaso	23
ammi	23
kokyinkyin	23
aperedie	23
waapa	23
modane	23
etena	23
nsedie	23
anafofi	23
obewia	23
titiribi	23
dante	23
aporibaa	23
yokoyama	23
nnyan	23
mamman	23
woanyini	23
awasome	23
korasu	23
afrikaa	23
wudinyi	23
hannin	23
nhankare	23
nanankansowa	23
nkrakra	23
afoto	23
maasia	23
shoko	23
nnwennini	23
brapa	23
ntraantraa	23
asawuram	23
wuwia	23
kuwure	23
montua	23
apanan	23
tuase	23
yabure	23
niti	23
okoampa	23
kween	23
abibiduro	23
amom	23
mome	23
bria	23
wosuu	23
kamakama	23
meremem	23
neate	23
wotanin	23
premiere	23
bonde	23
konusu	23
munsie	23
nkyeakyea	23
ataabo	23
okodie	23
twimukye	23
ahwenepa	23
wadwuma	23
bisikin	23
antoni	23
naabien	23
metoto	23
summ	23
ntro	23
mebahomo	23
adukuro	23
kenken	23
kennya	23
nwanyi	23
nepa	23
daaya	23
neam	23
nnadu	23
soonu	23
kudaa	23
hunda	23
nnmm	23
tabete	23
twehwe	23
dekiru	23
nyantakyiwaa	23
boano	23
afate	23
britwum	23
wafie	23
asawako	23
prete	23
tiko	23
kunnin	23
dakwa	23
obiaato	23
makuru	23
owotumi	23
komaeda	23
hadaka	23
abunyewa	23
kahin	23
manyi	23
wowura	23
mmonnua	23
wurawuraa	23
ensida	23
akosu	23
kawan	23
beason	23
furuwasu	23
amoakua	23
matwitwa	23
kusabue	23
baapa	23
sukueru	23
komaro	23
gomi	23
nese	23
mommfiri	23
sonko	23
nwuramu	23
kareha	23
baaton	23
sayoowam	23
sataa	23
wenkan	23
samotrake	23
ponnamma	23
annonse	23
kanae	23
nnse	23
sarika	23
kammu	23
nhommua	23
saaka	23
noname	23
pakyaa	23
weasua	23
nyameka	23
monsummano	23
horini	23
anison	23
abisaa	23
anyatonwu	23
santana	23
tetra	23
netra	23
deese	23
susuo	23
etene	23
apra	23
mmena	23
ntiatia	23
kuno	23
duom	23
yanom	23
edieben	23
maritime	23
komame	23
shoma	23
baton	23
naaba	23
biwaa	23
nkaho	23
afete	23
nawe	23
waru	23
sadi	23
bron	23
enkanka	23
aduosa	23
semen	23
mmaabo	23
abatoo	23
okaasan	23
nnanmusini	22
nnwontoni	22
kowaa	22
ateba	22
netania	22
bofoakwa	22
baara	22
amammra	22
kakeru	22
prakonini	22
odwannini	22
anyankuku	22
yaren	22
furui	22
dease	22
afonya	22
tannin	22
buem	22
berekia	22
kabom	22
osere	22
agum	22
mmowere	22
akoradan	22
pokuase	22
okasakasa	22
ntetea	22
wera	22
amponsa	22
sumantete	22
akenten	22
sanne	22
nkukuadwe	22
wanoa	22
okyen	22
aborosan	22
nkari	22
taban	22
nitiri	22
mafon	22
bekoro	22
kurukyire	22
odim	22
efuo	22
tetare	22
framfram	22
sako	22
daba	22
nyinyanyinya	22
atiben	22
ahotua	22
nkokora	22
morenni	22
hwahwa	22
nwuwu	22
nsoo	22
niam	22
asotire	22
bosua	22
tweapon	22
hwen	22
annka	22
woafiri	22
amantuo	22
akanman	22
adema	22
asuasu	22
mpennu	22
abosiami	22
wokyiri	22
mahwete	22
ntimu	22
atesem	22
atirim	22
bentoa	22
kusum	22
mansesa	22
mesesaa	22
durui	22
asende	22
keenama	22
meretie	22
wonaa	22
sisie	22
oderi	22
bonsua	22
pororo	22
mfura	22
makokyinkyin	22
biebie	22
meredwane	22
motan	22
annem	22
boane	22
ofuo	22
madura	22
merenna	22
babiaa	22
daku	22
ninkunutwe	22
mmase	22
benewaa	22
akyinkyim	22
mosoa	22
mondi	22
entraa	22
motwaa	22
meawie	22
okyeman	22
yaraa	22
ennua	22
woremmu	22
nkannyan	22
dedikodu	22
komu	22
koliko	22
owuso	22
mukwano	22
dabaabi	22
sonare	22
abenkum	22
afora	22
poko	22
owarasete	22
nkonka	22
manibie	22
mennimu	22
nawan	22
taya	22
munnwira	22
adaku	22
nnuanu	22
awari	22
aboye	22
komaba	22
mankum	22
bintiweabi	22
mabam	22
nyiamu	22
entia	22
amfufua	22
nhyina	22
afufu	22
meabusua	22
ahenawada	22
sinni	22
oyom	22
mekyikyi	22
akuko	22
wokabomu	22
kowareta	22
medama	22
momin	22
memenda	22
nyira	22
amorini	22
mamoa	22
makasama	22
karute	22
anine	22
nwannem	22
fufufufufu	22
wonkasa	22
eduroam	22
edwene	22
morosui	22
susana	22
tapaa	22
oparebea	22
abano	22
mmim	22
nokwaredie	22
wino	22
wute	22
dewu	22
huraa	22
makaa	22
masakraa	22
okurimono	22
waweru	22
nkurusa	22
bandana	22
waraeba	22
bohyo	22
enyinna	22
anyara	22
friti	22
narasu	22
abiara	22
sohia	22
nkoya	22
timaa	22
nkondwa	22
munnyan	22
patri	22
moreno	22
moasem	22
adwowa	22
oyama	22
oyera	22
nata	22
kowareru	22
nontonnya	22
munne	22
nkransem	22
yoman	22
nabikasete	22
koraseba	22
adena	22
asinti	22
saanson	22
amewu	22
memen	22
bibere	22
nwoke	22
afeta	22
abatie	22
bonnye	22
budokan	22
wonkyen	22
akisui	22
mfasowu	22
tiede	22
santo	22
poran	22
kwaheri	22
oguama	22
tokye	22
kwasa	22
mfahodie	22
enonom	22
badoe	22
amankuo	22
samata	22
tade	21
nahanaha	21
aseresem	21
berekuo	21
gyasehene	21
tenaam	21
dende	21
odwane	21
apraa	21
osansa	21
soye	21
mmeko	21
seresere	21
mfimfimmea	21
mmosa	21
metuaa	21
webutante	21
mubetiatia	21
mebubuu	21
ogyadum	21
mubenyin	21
wotete	21
priase	21
ntwaho	21
sesame	21
demise	21
adwira	21
nsensene	21
woannyina	21
akabom	21
oyinkanade	21
adenyinaa	21
afuaman	21
pakoda	21
atemuda	21
wampue	21
ofipam	21
montaa	21
monkanyan	21
wamaa	21
manea	21
wabeka	21
nnikae	21
sumu	21
bebisabisaa	21
bedui	21
memmamaa	21
bronyi	21
nnaanan	21
wandafuru	21
monntena	21
bahakyi	21
obiwan	21
nanoni	21
adapaade	21
adansede	21
mmofran	21
abusuadin	21
gyataburuwa	21
nteateamu	21
wodui	21
tabata	21
yabibi	21
muhammadu	21
godina	21
atraa	21
muntintim	21
wataya	21
benyadu	21
editora	21
bannim	21
nandanwa	21
tron	21
sami	21
mekyin	21
wapue	21
owumi	21
dunno	21
taae	21
nketewaa	21
aduanema	21
kemo	21
hahaa	21
asetenade	21
menan	21
tweete	21
shadi	21
ampua	21
mebikye	21
mariana	21
batie	21
muhyiam	21
babedi	21
ahohom	21
shabana	21
abayi	21
mummfi	21
nyere	21
frase	21
asuu	21
manin	21
meate	21
okuri	21
ntwaam	21
abenkumma	21
annto	21
morensom	21
mankeka	21
nenyia	21
mankyi	21
nsesoo	21
mfumu	21
ankora	21
obedui	21
gomorahene	21
amirikatuo	21
abatete	21
mpaakyiri	21
mamoreru	21
ansehen	21
sohwe	21
huren	21
meesa	21
tintinto	21
golayate	21
subi	21
munu	21
ennui	21
odoyewu	21
annika	21
bonyari	21
wahine	21
akemi	21
mayie	21
monsanto	21
meadu	21
tataa	21
goode	21
ayakayakade	21
adaani	21
ahosodie	21
mmda	21
aborokye	21
tiwaa	21
tonka	21
shaaban	21
fintie	21
tokui	21
danno	21
soru	21
amato	21
deprem	21
amfie	21
kannaa	21
okoa	21
katwoman	21
tura	21
tatum	21
tanko	21
poda	21
duduudu	21
nnebedum	21
gyemfi	21
keene	21
tirohene	21
nkano	21
yameru	21
yawada	21
koyo	21
nkyirima	21
binyan	21
kenkare	21
padan	21
enin	21
wenna	21
tebukuro	21
hanasu	21
awaba	21
habari	21
asuinmaa	21
akintunde	21
ketua	21
nanabanyin	21
hakuraa	21
ninkyi	21
teto	21
sunan	21
kamu	21
pakan	21
nyoman	21
mantia	21
moano	21
fuwafuru	21
masae	21
gom	21
enwom	21
nutra	21
abim	21
mmanwu	21
potwin	21
siko	21
sebebi	21
kawano	21
monika	21
mfidi	21
amanman	21
akyiripo	21
obenem	21
nsemdenden	21
susuanso	21
akroso	21
moredan	21
ayirebi	21
nsankuo	21
efosa	21
nuako	21
awokanka	21
kaabu	21
nnin	21
okronkron	21
bahen	21
agyaade	21
woode	21
monntie	21
mamede	21
katakyire	21
menkabi	21
abadiekyire	21
neru	21
seni	21
enamore	21
maemo	21
woodi	21
saakyan	21
besian	21
tino	21
kaen	21
ntwitwie	21
opurohemaa	21
owoahene	21
pompono	21
tuae	21
bida	21
woabue	21
woakyekyere	21
osahene	21
nnini	21
nunum	21
tram	21
berima	21
wakodi	21
kanni	21
wakra	21
merenya	21
denote	21
mmon	21
furo	21
aduannoa	21
nhwesoo	21
subuana	21
maseda	21
nwoso	21
daakyi	21
merehyia	21
kasapa	21
woyinom	21
asuon	21
mpasa	21
woadome	21
kakum	21
akyidie	21
mponuahene	20
kohwie	20
monoforo	20
nkekamu	20
abonnua	20
ahoyi	20
tiade	20
mpumpunnya	20
adere	20
nkara	20
toso	20
buruwa	20
sensene	20
tutuwaa	20
ntwaamu	20
mfasoa	20
pramire	20
mankodi	20
kokokoko	20
nyiri	20
nokwafoo	20
daankwamma	20
akoraa	20
bahye	20
wapo	20
akyerekyere	20
mowa	20
okye	20
ahaboa	20
akyenkyen	20
mawere	20
moderate	20
dehye	20
osusu	20
adwinne	20
sohori	20
awatiri	20
nkodua	20
asonson	20
mepam	20
koahweabane	20
nebu	20
wondue	20
obowu	20
treneedwuma	20
nkonyim	20
atantanne	20
asoredan	20
furafura	20
femfam	20
nnawa	20
anwia	20
hoyaa	20
mmabu	20
nantwika	20
munnso	20
kodiawu	20
nadwuma	20
awiso	20
sankudwom	20
nsusuwi	20
anwura	20
nnomum	20
akwadworo	20
asakyiri	20
owam	20
nhenkwaa	20
worennyae	20
atawodi	20
atwamu	20
nnsie	20
awanwa	20
kenkrea	20
baahere	20
mmamm	20
aboaa	20
mentenatena	20
sunem	20
aduasia	20
obenyin	20
biribie	20
awerehoa	20
woyera	20
moremmua	20
anaafoo	20
anyonyam	20
madwendwen	20
wantwe	20
akwiwu	20
anwuna	20
mehwim	20
woasie	20
bandu	20
waade	20
ateatea	20
nwenweenwen	20
harehare	20
asaseta	20
papaya	20
wapaa	20
agyankabea	20
amonaeha	20
semete	20
newim	20
woadidi	20
wumman	20
abuburo	20
benne	20
naho	20
obubuani	20
fieba	20
mmubomu	20
meboaboaa	20
sampa	20
hoso	20
akui	20
hotoke	20
nsonoma	20
goan	20
ammunkam	20
barato	20
tasa	20
nonko	20
wiwi	20
okada	20
witam	20
furuu	20
tankwa	20
mpaye	20
moatoa	20
morebisa	20
abosoom	20
afeso	20
manam	20
kraaka	20
fendi	20
noosa	20
daena	20
neekaa	20
okusoko	20
nwunyem	20
nhyiamuu	20
mosam	20
mosese	20
memnan	20
worenwu	20
atwintwam	20
odiase	20
atiemo	20
komi	20
luminaa	20
nkwammoawa	20
samedi	20
neene	20
dewan	20
siti	20
tubi	20
kurui	20
yaesu	20
marisa	20
wonwe	20
yosoro	20
annwane	20
beria	20
fina	20
nkasafua	20
wori	20
okose	20
dabehene	20
binim	20
wooman	20
kenna	20
soti	20
wenya	20
sumika	20
bende	20
obewui	20
aninye	20
somdwoe	20
nete	20
funda	20
wommua	20
babatunde	20
mankan	20
nnyedua	20
efesoni	20
tanu	20
sapere	20
moasom	20
anitaa	20
beden	20
betwe	20
kuroo	20
apampamu	20
menkyen	20
kakusu	20
koromo	20
adukrom	20
monsoon	20
tuum	20
abesua	20
awaremu	20
pora	20
nandaa	20
bakufu	20
nnunu	20
yoakum	20
sien	20
ananda	20
nanea	20
lumia	20
asaan	20
agyie	20
nnea	20
adaman	20
bedaa	20
monti	20
hunde	20
pomona	20
odore	20
wuiwuiwuiwui	20
sempoa	20
yati	20
takoma	20
samaritan	20
aditi	20
efiso	20
wamena	20
amram	20
akokono	20
ankwanoma	20
somanya	20
yakye	20
agudie	20
adwoman	20
nnteen	20
tianyin	20
mandira	20
kumam	20
wuta	20
produto	20
asumani	20
odoriko	20
awosanya	20
susutoa	20
nsonkuronsuo	20
ayeasie	20
habae	20
akasamfonini	20
ahannsia	20
kasamfoni	20
amputate	20
tatumi	20
hohoemu	20
daase	20
kenda	20
funnkye	20
egyapa	20
nammono	20
agyenim	20
kapadokia	20
naanaa	20
hansu	20
aneka	20
toote	20
kotori	20
abirabo	20
amaria	20
atamoada	20
shito	20
numi	20
tenatena	20
nnkyere	20
annyi	20
adeekye	20
akwam	20
akuku	20
komaa	20
nantie	20
nkonsonkonson	20
kontomire	20
nnonwotwe	20
ahomete	20
bafua	20
okomfoo	20
akabu	20
boaman	20
abonua	20
suane	20
ntotroso	20
akwaada	20
yore	20
odonko	20
woahye	20
presume	20
twerotoho	19
anomdwa	19
akekaduro	19
manatam	19
honni	19
brabo	19
abonnieren	19
saseru	19
koduru	19
asoromaso	19
senti	19
tabiri	19
humane	19
atakoraa	19
mpra	19
aduonkron	19
nekyia	19
banni	19
kasama	19
moam	19
sunyi	19
kentenwene	19
goka	19
mmasuo	19
kwatakye	19
okwawu	19
tunde	19
susuhoma	19
haka	19
feline	19
mumin	19
mubesiesie	19
obuase	19
monyae	19
teem	19
edwadie	19
nnonsia	19
beton	19
betiaa	19
kuntukurunku	19
korono	19
abene	19
wafre	19
boama	19
bomo	19
obema	19
basabasaye	19
mansere	19
mansu	19
akisa	19
annoa	19
woanom	19
akroma	19
aboatia	19
ayerayera	19
woreware	19
ahone	19
kontompo	19
mommue	19
tatoeba	19
munkita	19
monso	19
tendaa	19
nyannyan	19
mansan	19
ahotie	19
bretuo	19
kuduo	19
amankum	19
anitan	19
mempaa	19
moahome	19
morebedi	19
obedwen	19
afite	19
winona	19
sradeduan	19
merenwe	19
watintim	19
manwoman	19
nantwimma	19
wonkoro	19
debase	19
asenka	19
asenni	19
korani	19
neako	19
nabana	19
wowofie	19
edwen	19
efuru	19
toni	19
amansini	19
ahoden	19
asorohemaa	19
niesaa	19
habaa	19
akunda	19
wadie	19
wakenkan	19
woyo	19
moanim	19
kanyane	19
woduaa	19
bonnaroo	19
mekoda	19
montana	19
kawin	19
afosua	19
wakora	19
entwaam	19
nesa	19
meretua	19
tenda	19
ansiesie	19
satansom	19
setemforo	19
saayin	19
kosuru	19
taboa	19
kowarete	19
fru	19
nyiam	19
wuwiaa	19
komakoma	19
meera	19
maresa	19
hofureru	19
draa	19
nsakyera	19
edwumawura	19
entaa	19
wunnie	19
wonkura	19
abidin	19
yankasa	19
kwakwaka	19
haredi	19
daya	19
nndwom	19
luisa	19
bosiako	19
munafie	19
tesera	19
parama	19
akatamanso	19
kasafi	19
anyim	19
mpaaba	19
ensu	19
preto	19
fikrimde	19
freebie	19
adekoro	19
afeduani	19
ahimi	19
brenna	19
ahare	19
kuami	19
mommam	19
afonom	19
amanso	19
kesepatapaa	19
nanma	19
twanda	19
kwanyaako	19
kamano	19
abandonne	19
takuma	19
abiba	19
soraya	19
mennante	19
bubi	19
brako	19
biarin	19
wowaka	19
abaahere	19
awowade	19
ewuu	19
ahawa	19
shaa	19
kean	19
komoda	19
asunsuan	19
kapa	19
mendwene	19
awuakye	19
mmetua	19
saforo	19
nsanku	19
temi	19
tonyaa	19
kaesu	19
wasureteta	19
kren	19
sradaa	19
winne	19
monda	19
dafa	19
awano	19
abodaa	19
kowa	19
berekete	19
preseason	19
temma	19
febea	19
wewa	19
edara	19
nkatie	19
wedaa	19
daraa	19
maabo	19
ponnu	19
hayate	19
akyemansa	19
anason	19
atre	19
damon	19
ntetekwaa	19
owuraku	19
asowa	19
nkyehoma	19
keni	19
adisu	19
busuu	19
sorotan	19
twintwin	19
abibiwiase	19
muma	19
basom	19
bribiara	19
bure	19
akati	19
hanne	19
kuda	19
ayewa	19
fuhen	19
wenne	19
etan	19
karana	19
nhira	19
awiabo	19
yonaka	19
hasan	19
obiano	19
fetite	19
sofu	19
kandake	19
deku	19
hokori	19
akiwumi	19
menyapa	19
semana	19
meninim	19
timisoara	19
aponkyerene	19
honore	19
kaakie	19
abaaye	19
sutaato	19
tirinkwa	19
kakuho	19
ankasaa	19
ofadaa	19
koofi	19
wankuru	19
nemi	19
nhato	19
netware	19
namma	19
yantie	19
awuru	19
enwoma	19
kwabo	19
sebaa	19
kumari	19
nsuie	19
kumori	19
aselin	19
atikokan	19
wooda	19
awansane	19
awodeeho	19
akokromfi	19
boafuo	19
mampanin	19
enwi	19
summarise	19
deni	19
enkum	19
anana	19
adebone	19
yantam	19
bibibi	19
nnyetom	19
dadam	19
sunti	19
nhenkwa	19
pomm	19
tomm	19
kokoko	19
goon	19
bofu	19
mmaranketewa	18
kokonte	18
ayensuano	18
frankaatuni	18
wireko	18
nura	18
meeru	18
binuu	18
mentwe	18
pampa	18
nnondu	18
abusuafoo	18
nnaawotwe	18
fukasa	18
sofraa	18
adwetewa	18
nnennaya	18
baromfi	18
ntuma	18
manokwari	18
mamani	18
okon	18
afeda	18
ahodwan	18
kwaman	18
primate	18
ninna	18
wakya	18
asenware	18
marima	18
ntwonom	18
betra	18
ntentenso	18
dabidabi	18
nnyeso	18
nkataso	18
papaye	18
wese	18
wosowoso	18
adansa	18
anode	18
nsempa	18
mpebi	18
nkutaho	18
adwumanya	18
timeline	18
apea	18
nsui	18
abetia	18
anwensem	18
biwa	18
mesaa	18
nkoe	18
motane	18
morenkae	18
nampa	18
nnsunsum	18
wusian	18
entere	18
kantinka	18
bowere	18
buri	18
ogua	18
binta	18
menwene	18
mennuu	18
wansesa	18
memfi	18
munninwene	18
wuduaa	18
mmirikakan	18
dawua	18
makokyem	18
nntwa	18
abisabisa	18
mandinka	18
teatro	18
torotoro	18
tendon	18
tenso	18
bedwennwen	18
debea	18
basiaba	18
mekraa	18
akoayi	18
akenya	18
abandenden	18
ataba	18
mentuni	18
afiewuranom	18
wokyinkyin	18
nnyini	18
daako	18
wokwan	18
ntotoaso	18
asenyi	18
anwuwu	18
samaseba	18
nnwannem	18
wabodam	18
akusua	18
mondiso	18
enta	18
mosere	18
botwa	18
abusuapanyin	18
wokoo	18
okyinsoroma	18
profuse	18
nunya	18
mmoko	18
apampaa	18
mewere	18
woresan	18
bahana	18
nnamu	18
masui	18
nnuku	18
wokyin	18
nworo	18
akose	18
afisia	18
ntafowayie	18
mpaninie	18
metoaa	18
enduro	18
dumi	18
nyinsen	18
wusui	18
babakayo	18
kutabaru	18
nokra	18
ntiase	18
suteru	18
meenya	18
ankae	18
bannana	18
awatete	18
nyara	18
wototoo	18
mamae	18
makumi	18
amununkum	18
baduasa	18
dumm	18
korantemaa	18
kakro	18
wansom	18
meenyin	18
hankrase	18
abubura	18
biemu	18
nkasamu	18
dara	18
mawunya	18
womiaa	18
matui	18
mahone	18
bronson	18
niaan	18
homi	18
baari	18
moen	18
kusaa	18
oyewunmi	18
modin	18
tammie	18
mepeno	18
yakan	18
hasabia	18
ogui	18
nimu	18
yakasase	18
woten	18
shane	18
paaba	18
nunka	18
desafie	18
entwam	18
munkokum	18
soare	18
dro	18
nipaa	18
ahokanto	18
okyerewaa	18
nanani	18
hoforo	18
twia	18
wunsu	18
taaboo	18
gyaban	18
subura	18
swara	18
ahoea	18
adesida	18
ahaesia	18
gyamfiwaa	18
honmono	18
senara	18
kuri	18
matata	18
susude	18
nsukuu	18
dahon	18
honno	18
niriba	18
nyata	18
nwomaa	18
saaso	18
berapa	18
wampaapae	18
ammayi	18
nume	18
traatraa	18
panom	18
ataataa	18
musuaa	18
akoam	18
sofim	18
melike	18
munkura	18
wanyinyin	18
duabo	18
nimum	18
awani	18
ofosuaa	18
aharon	18
demam	18
aprikosen	18
nanto	18
danie	18
lukie	18
ninni	18
nyerere	18
abodi	18
okane	18
aboru	18
awaara	18
anyamesom	18
luma	18
korasin	18
aseri	18
kanaete	18
abite	18
akomodimi	18
mekosiesie	18
antonko	18
paae	18
boso	18
abewu	18
kwanwoo	18
kutusu	18
deru	18
wonyaan	18
wasetena	18
nsenkyire	18
seesen	18
afrodite	18
dronko	18
horie	18
norowareta	18
paro	18
owarikata	18
adewoyin	18
nsaman	18
yanyankwan	18
sabae	18
nnuma	18
tintintin	18
kasamanonyanko	18
daria	18
daaman	18
kasaan	18
kude	18
nabea	18
mafie	18
nwabiani	18
afene	18
sinidan	18
mmin	18
shinku	18
fiamma	18
mmuadadie	18
krae	18
tunutunu	18
kadafi	18
agyaakwaa	18
haterewa	18
sumatra	18
nakoso	18
nkoho	18
mufu	18
oboete	18
nonya	18
kwinana	18
katori	18
sodoma	18
daro	18
berita	18
tosaa	18
kedem	18
nonaka	18
lusaka	18
sanae	18
gonyi	18
tabako	18
kosuri	18
bondwoman	18
somma	18
oyomde	18
egyen	18
brine	18
anaafi	18
akosomo	18
andaa	18
meesia	18
batata	18
dapen	18
okore	18
sikri	18
krawa	18
adwoma	18
saadia	18
nyian	18
kenko	18
adwurade	18
hahini	18
tikwankora	18
mmukyia	18
duudu	18
monnsunsuane	18
shaban	18
biso	18
mframadan	18
twine	18
dankyi	18
kapre	18
osuanyi	18
sharon	18
trite	18
korabo	18
wunnyae	18
hansa	18
wonsan	18
profane	18
nkenten	18
abibire	18
asukuu	18
atwen	18
kuuku	17
wontimi	17
aporo	17
abarima	17
enyina	17
menton	17
memene	17
mennidi	17
neese	17
amanyara	17
apranaa	17
nanan	17
neria	17
gyinaesie	17
osanaa	17
aprapransa	17
nsawansawa	17
okontromfi	17
biribibae	17
agyawa	17
adonten	17
bonko	17
hurotom	17
baane	17
ayensu	17
asuko	17
gyane	17
behye	17
tamiriwa	17
abebuo	17
tententen	17
edwoada	17
mpontunnwuma	17
soya	17
obonto	17
gyato	17
akyakya	17
meere	17
kuani	17
twabo	17
akabo	17
adapa	17
paemu	17
akutuo	17
obaapanin	17
akantam	17
kanowaa	17
gyamadudu	17
freeman	17
bakan	17
wodie	17
nkram	17
nominate	17
tasu	17
kurokuro	17
beredum	17
shore	17
sukraman	17
wokari	17
oduraa	17
wankaa	17
bemoan	17
bruise	17
buka	17
amannone	17
pompo	17
simpa	17
korae	17
abususem	17
sotoro	17
asuman	17
oyimaa	17
adwumase	17
mantoto	17
woebu	17
akuaba	17
obiba	17
apawa	17
kakara	17
kokote	17
adannan	17
kokwa	17
ankaase	17
adekora	17
suwa	17
papae	17
tira	17
nsanka	17
batere	17
sorento	17
wadwira	17
akwadu	17
moaye	17
tumfoa	17
namfonom	17
wanntumi	17
simaa	17
nkapo	17
afedi	17
suadan	17
firie	17
moden	17
bosuro	17
huda	17
tenabere	17
nyinyin	17
okoyira	17
yafa	17
nkenyan	17
buda	17
hasana	17
atorotwa	17
nsonosonoe	17
ninkutwe	17
nkrane	17
makunkum	17
asutwa	17
adwadibea	17
wonsuasua	17
afroman	17
anoduan	17
owaa	17
enkyere	17
wutwaa	17
fise	17
menwa	17
wokokunkum	17
mpofirem	17
sedira	17
mekam	17
mommo	17
kanisa	17
kwaseabi	17
wonuu	17
momonotoni	17
akuna	17
enyam	17
bisasam	17
droom	17
siantiri	17
sebahemmea	17
meeko	17
obehyia	17
hami	17
wosesae	17
merehwere	17
mosu	17
enidaso	17
furasu	17
asosu	17
bunyi	17
kowuraa	17
baaya	17
asetrade	17
nikita	17
mmanyia	17
beebia	17
sesakaa	17
kriti	17
medaakye	17
meduu	17
neneene	17
obebo	17
amdi	17
etuu	17
wonnka	17
yawu	17
wolim	17
nkiru	17
obeboa	17
danu	17
yariman	17
meroo	17
sune	17
seran	17
bito	17
sakyerae	17
sekuru	17
nsadua	17
haya	17
tenkamenin	17
twoman	17
simonini	17
akyini	17
bayibonsam	17
worunntum	17
sweatin	17
nyankomade	17
bunweni	17
nyamesuroni	17
hweaa	17
nkankyere	17
nnate	17
worensesa	17
sokoo	17
atonsu	17
afemui	17
ponnuru	17
kansaa	17
tamo	17
trata	17
awaawa	17
nhomem	17
yamo	17
mekwan	17
enyitan	17
merennane	17
mubetua	17
hwem	17
baterie	17
nufanu	17
kwankwan	17
tweebaa	17
wannwen	17
muitaa	17
menomae	17
nyani	17
worenkae	17
annyamma	17
sannda	17
anansa	17
sankuru	17
birin	17
watwi	17
luba	17
nwaan	17
obuabasa	17
maataa	17
bande	17
shari	17
fruta	17
makara	17
selim	17
shaadi	17
nabikase	17
noonan	17
goda	17
annam	17
fresa	17
mamin	17
deban	17
woasunsuan	17
nansui	17
mantwa	17
sonnya	17
dawaa	17
baaka	17
sadame	17
aholin	17
daae	17
ahiaba	17
awim	17
hahahaha	17
okwantuni	17
akre	17
dahoam	17
amankan	17
nkwasia	17
toman	17
wabara	17
annyaa	17
nanana	17
swimfoam	17
tinti	17
moyase	17
ofisu	17
ahena	17
hamari	17
mompene	17
owiredu	17
teema	17
susui	17
deena	17
semanaa	17
abani	17
hannan	17
ahoyie	17
ntuatua	17
nnanaa	17
suhani	17
bonnyin	17
batra	17
nneama	17
turin	17
hanko	17
nnorom	17
wakari	17
ahontie	17
wodaso	17
asutoro	17
tebedu	17
tana	17
edwan	17
mohon	17
mofom	17
nadete	17
komara	17
binui	17
ahorinta	17
sonam	17
nwonwu	17
deeba	17
wonkwamu	17
kawasu	17
mponi	17
debison	17
aniaan	17
metano	17
afisa	17
montoya	17
yaku	17
deewana	17
akure	17
woankyere	17
mmebuo	17
okyaku	17
tunen	17
samira	17
annisa	17
nanika	17
furuwaseru	17
awanso	17
towada	17
haaha	17
medano	17
kwankwanso	17
mahiru	17
berebenya	17
nyaraa	17
nawotwe	17
hudaa	17
fireman	17
daamabi	17
abibi	17
afuri	17
oduru	17
hohoo	17
patom	17
nsore	17
prapraa	17
mmie	17
akuokuo	16
nnanka	16
pretoria	16
nomi	16
yaahowu	16
kasahare	16
akinyemi	16
nsame	16
kororo	16
binni	16
dukuu	16
lum	16
aduannan	16
wenyi	16
mareeba	16
amorosa	16
akarui	16
atuabo	16
nnasanten	16
mannyae	16
ahodoa	16
kapenta	16
apua	16
toam	16
adukurom	16
soaye	16
beboo	16
wamene	16
bukari	16
tikiti	16
bindu	16
sonkuronsuo	16
adari	16
afenyo	16
kabokabo	16
wanku	16
okwankyen	16
adankowa	16
prae	16
nkofie	16
dadewa	16
nnanemu	16
paaru	16
krem	16
oyinade	16
yamin	16
sedi	16
timea	16
bimm	16
tomaso	16
kotwa	16
mennimara	16
mesere	16
mommua	16
bekume	16
preside	16
seko	16
median	16
ofuntum	16
opan	16
woroworo	16
nkofa	16
nnyam	16
akyampon	16
bima	16
hwoa	16
manye	16
taforo	16
yanko	16
nnwe	16
danko	16
swoon	16
samana	16
twem	16
nino	16
mpesewa	16
gyaase	16
anina	16
nekasa	16
etere	16
abasam	16
denominate	16
tubo	16
twentwen	16
tompo	16
sabon	16
hyere	16
abeso	16
atea	16
oguadini	16
twenenini	16
fredua	16
ntwamu	16
enom	16
kea	16
gyatabere	16
wurade	16
asennie	16
agyenkuku	16
besan	16
nuku	16
nntom	16
asini	16
wannim	16
parametre	16
mowie	16
anoto	16
hura	16
wonoa	16
mmerebu	16
asasepon	16
wandahoo	16
wonkwa	16
debiara	16
nnidisonnidiso	16
marano	16
nnkenkan	16
wafura	16
wayere	16
mpaapaae	16
kaanya	16
woredwinnwen	16
asasewa	16
amum	16
kodiawuo	16
pansam	16
bumm	16
moamfura	16
nyerae	16
meseen	16
ansum	16
nnyinasode	16
wonuanom	16
barae	16
woretumi	16
madana	16
suanie	16
worenkasa	16
asiahene	16
ahensie	16
momm	16
anafua	16
nyinyaa	16
paaman	16
abanu	16
nnikan	16
deaware	16
efrate	16
mepeni	16
niaa	16
merenyi	16
amanmmra	16
nkoafie	16
nkomoa	16
sonkonya	16
ahakyi	16
wokataa	16
nhabammono	16
adwumadibea	16
ntaake	16
nsubon	16
woanti	16
nkamfua	16
atonton	16
mafiaa	16
sabine	16
odwannwi	16
amarini	16
wosene	16
muto	16
madom	16
subue	16
ahwim	16
ennyin	16
tokyen	16
mmarasua	16
ataman	16
abisua	16
ntaten	16
awiea	16
nuraeni	16
monsiane	16
obiebere	16
busuanyi	16
marinaa	16
sasuro	16
maputo	16
woresiesie	16
oboodede	16
abetua	16
aniapam	16
sikawa	16
akwansoduane	16
apriani	16
aseem	16
abayisua	16
mpapahwekwaa	16
maare	16
mammie	16
anuaa	16
praka	16
krowa	16
suara	16
goe	16
marea	16
aheneman	16
anunyam	16
sebahemmaa	16
shayari	16
gome	16
kunin	16
nannaa	16
buen	16
goodwin	16
nukwari	16
obito	16
meninaa	16
mekon	16
wumpa	16
woakodi	16
karena	16
kabuto	16
baroni	16
kodako	16
wuea	16
asema	16
tooku	16
kenso	16
ahenema	16
akyinkyinakyinkyin	16
siriwan	16
ahahaha	16
soraru	16
kradi	16
tufiakwa	16
muduae	16
subaru	16
ntunkum	16
woante	16
wubedwinnwen	16
apunto	16
montoye	16
bunni	16
marude	16
tinuade	16
tanso	16
suwan	16
trimu	16
oyeronke	16
kodwiraa	16
gyea	16
sammi	16
ninya	16
yabon	16
wina	16
suse	16
adebame	16
dunne	16
yoomu	16
bame	16
nkosuohene	16
yoari	16
kawom	16
suri	16
akeem	16
nikan	16
kaanaa	16
ammoro	16
yanwu	16
wanwipa	16
weda	16
akanam	16
mankye	16
hohaba	16
temperature	16
abin	16
efea	16
bonito	16
anwiaso	16
paha	16
detra	16
akeru	16
naabo	16
nira	16
kedua	16
neri	16
biribibi	16
bransom	16
saran	16
nusunda	16
kamma	16
tanaa	16
sesie	16
woanyi	16
mayaa	16
senkron	16
asenkron	16
anyamese	16
memi	16
hannam	16
naruse	16
waae	16
wannabeamom	16
mawaridasu	16
haapamaa	16
titri	16
nsonsoanso	16
sienna	16
durom	16
menkura	16
kenini	16
hwedie	16
daama	16
dafaa	16
kabonaatoo	16
kodenya	16
obuwia	16
mannda	16
pawe	16
kahelata	16
bayaan	16
boate	16
nnaanum	16
konkron	16
hootie	16
akyekyedie	16
bereasa	16
goede	16
efunsetan	16
aniwura	16
amumu	16
koeru	16
makya	16
modu	16
sakoo	16
bikya	16
winwin	16
durowaa	16
nantoka	16
atumfoo	16
bodwaa	16
atosem	16
depute	16
wodikan	16
sumani	16
nwumakuo	16
ankorankora	16
akasabebu	16
sania	16
baase	16
mamori	16
demote	16
sandema	16
bokoesam	16
sankyaku	16
febi	16
atokuo	16
tisa	16
maasum	16
mekandaa	16
hannya	16
nwanyanwu	16
nokoe	16
bradwen	16
mabuse	16
mummubu	16
baapanin	16
akaku	16
bote	16
kendi	16
oyaa	16
enwunu	15
nnwumabue	15
nkyinkyin	15
mekyia	15
enumerate	15
maboaboa	15
sotoo	15
mammue	15
asaaman	15
ansere	15
mpoatwa	15
nniema	15
openimma	15
burona	15
aduomi	15
kuromani	15
haematuria	15
asosie	15
amenowode	15
ntawantawadie	15
kotokurodu	15
fume	15
agyimisem	15
etra	15
pote	15
mpotam	15
abamoo	15
akwadum	15
awisia	15
nsumankwaa	15
waaye	15
edooso	15
mansane	15
menkyere	15
nnon	15
waafa	15
sibiri	15
wannko	15
nyansafoa	15
akome	15
dunnan	15
fiase	15
asemmone	15
bremen	15
ayine	15
dakubu	15
fena	15
suntreso	15
nyinahin	15
abusa	15
nhweso	15
afodi	15
osae	15
paraye	15
nntaa	15
abada	15
monnkanyan	15
natumu	15
kontonkron	15
bonka	15
abawa	15
afunsie	15
ayamde	15
akoe	15
dankwansere	15
gyampo	15
danna	15
nolan	15
anwono	15
aheni	15
sokaban	15
woahwie	15
ahohorade	15
woafom	15
kurukuru	15
hodoo	15
ntokota	15
okanni	15
manne	15
owora	15
kukuwa	15
feafea	15
mmawa	15
ankodi	15
woadwinnwen	15
maron	15
woapue	15
agyase	15
ntafowayi	15
moawura	15
makasen	15
menkasakasa	15
woanyin	15
awuro	15
boyaka	15
ntrae	15
moanwuwu	15
afeboo	15
pradadaa	15
tomaba	15
morenkum	15
bisabisae	15
worennu	15
wosoma	15
obasan	15
munimuni	15
dami	15
merentua	15
mebutuu	15
wonnsakyera	15
suriname	15
ankeka	15
biaraa	15
memane	15
nhabanma	15
shidaa	15
okenyaan	15
mfeamfeaa	15
afeena	15
wikia	15
swu	15
okodui	15
egyinaa	15
anipaso	15
nuabanyin	15
nwomanim	15
mmarane	15
nwonu	15
sasayaku	15
worenso	15
mmabaaberem	15
nsahohoro	15
yaniso	15
nemma	15
wonnwene	15
nimma	15
saari	15
annanu	15
akokum	15
baafa	15
tikwa	15
babunu	15
deewu	15
badwoa	15
nyomda	15
mebade	15
adesaa	15
atwema	15
makiba	15
afim	15
niente	15
atoofi	15
abaana	15
andwuma	15
adannu	15
somane	15
woakyinkyim	15
mmawua	15
obemuamuaa	15
duman	15
akwari	15
ameen	15
merewuo	15
payare	15
boroom	15
kayode	15
wiam	15
awawa	15
medetuo	15
sakawa	15
asomu	15
woofi	15
muba	15
montwitwa	15
amaban	15
suatra	15
asasetamaa	15
ayeneka	15
madwuma	15
atoase	15
wahono	15
montan	15
woetwa	15
paren	15
mapra	15
ntatia	15
baere	15
nkyekyeremu	15
metete	15
ayara	15
hawi	15
ahennuane	15
obetwitwa	15
morennom	15
wokita	15
twetwa	15
kuruwaa	15
bisaae	15
mekyam	15
ananim	15
damm	15
enonti	15
adeena	15
obesu	15
kokuromoti	15
kotowari	15
bekyi	15
adwenekoro	15
nandito	15
mayim	15
komasan	15
mmomu	15
montenaa	15
bukan	15
woasa	15
mamona	15
nanaso	15
shinwa	15
safada	15
wakaranakute	15
katabaako	15
tepon	15
yosuwa	15
wonyo	15
mamaa	15
homaa	15
baahen	15
nnutan	15
naanso	15
afururu	15
tumma	15
maen	15
brawe	15
nnabuike	15
efoo	15
bimo	15
wiemu	15
aheka	15
tume	15
kunware	15
mmunkam	15
wanso	15
boma	15
mankato	15
bohemian	15
kannabi	15
deanna	15
sukueba	15
adwenkyere	15
namde	15
muimi	15
nketahodie	15
hosono	15
anise	15
antoto	15
kredi	15
kanta	15
mfawa	15
wannyaa	15
bitron	15
wunsua	15
susumi	15
bahan	15
nkunu	15
yatoware	15
aduhene	15
naano	15
kwadi	15
kodui	15
asuaa	15
hakuba	15
sinua	15
ahoahoahoahoahoa	15
bituin	15
eduosia	15
worennome	15
wuwuwu	15
muae	15
moren	15
shibawanko	15
daadaakra	15
bansan	15
mahwie	15
wusiwuu	15
akwua	15
seema	15
yate	15
asomdwea	15
hohohoho	15
anemia	15
sitia	15
aweso	15
hamon	15
meriam	15
tekye	15
mfine	15
warawarete	15
mantua	15
sameru	15
okukuseku	15
tenen	15
aworan	15
annuae	15
seria	15
makosiesie	15
wabisabea	15
harikaa	15
ankete	15
sirianni	15
nsuansa	15
soroete	15
weba	15
animoto	15
adubi	15
taabea	15
kanani	15
mayonaka	15
nakae	15
teho	15
anwaa	15
kanan	15
nside	15
mutiara	15
harete	15
wease	15
adanu	15
nkumin	15
amature	15
patapa	15
akyira	15
sukima	15
sasan	15
nsunsu	15
kraan	15
datumi	15
okowie	15
nankuru	15
kayiri	15
mummo	15
awuu	15
merehwie	15
gyinaso	15
katuma	15
menanam	15
dayo	15
amuma	15
broadwayi	15
tatra	15
bababa	15
dawu	15
ahomana	15
satoru	15
pomi	15
kwaan	15
sukuumu	15
yasu	15
hukam	15
twente	15
bohyeba	15
kusukuukuu	15
mpampuro	15
nyansu	15
komae	15
ankaran	15
mannaa	15
sento	15
kawareru	15
bakyekye	15
kruse	15
anaya	15
habi	15
baaten	15
wunaa	15
abanda	15
kahan	15
siwon	15
yayi	15
okite	15
nwose	15
nayami	15
husam	15
afowoyi	15
mufon	15
wanyandi	15
watari	15
ahosen	15
tennen	15
enaanyo	15
fuuin	15
nnwaa	15
denka	15
abedini	15
branwen	15
okami	15
huna	15
soka	15
nhwene	15
nyankoye	15
hanabira	15
wareru	15
nkemakonam	15
gokoro	15
wuhoo	15
kuen	15
bamako	15
osofoo	15
bomm	15
kotena	15
mpuanum	15
nkradie	15
kabu	15
desaforo	15
kurasu	15
baen	15
kureta	15
ayebi	15
ankare	15
namon	15
obim	15
nitire	15
duuduruudu	15
adammoa	15
asakraman	15
atummoa	15
prakontwere	15
kwanko	15
nwaba	15
naeem	15
sitim	15
sriram	15
koroni	15
awurum	15
bubo	15
humano	15
ammirikatuo	15
nnweneho	15
oyekyere	15
karea	15
etre	15
adansidie	15
annafie	15
konkoraa	15
bemman	15
kuraba	15
suami	15
predominate	15
dumiensa	15
danta	15
abuo	15
adenkum	15
enkye	15
abede	15
odwa	15
kwaye	15
futuru	15
kwaduo	15
santan	15
prate	15
opepem	15
budu	15
adurade	15
atuduru	15
bakom	15
besen	15
nnidie	15
gyinaye	15
opono	15
abeda	15
abebo	15
ofua	15
odwannam	15
premature	15
buadu	15
nantwiburuwa	14
asendibea	14
bayon	14
soafoa	14
ketan	14
amampam	14
brebuo	14
mpuro	14
mmarahyebadwam	14
aduokono	14
binipom	14
babasokraman	14
akwi	14
kasumu	14
panu	14
mosa	14
asabone	14
tampere	14
kakasa	14
bibo	14
obuse	14
saawisie	14
nkanto	14
asantemanso	14
naawea	14
mpatam	14
abusuafoa	14
awofoa	14
ofufuu	14
meantime	14
ahayo	14
abina	14
ahoho	14
gyahene	14
wakeka	14
apese	14
noom	14
soduru	14
mawuko	14
kuromma	14
asakyima	14
enidie	14
efon	14
nuama	14
hyeta	14
nokwasem	14
adodowa	14
dankwata	14
efan	14
mprane	14
adakam	14
nnkom	14
atimi	14
nkatede	14
opebere	14
konton	14
oyem	14
ntwoma	14
nkyerewa	14
nnyera	14
hamma	14
ahoaden	14
monnko	14
tuntumi	14
dedeede	14
nomm	14
nnonson	14
woha	14
nohoaa	14
afui	14
muno	14
panka	14
ntate	14
bodan	14
anuku	14
wabetena	14
ensue	14
frimpon	14
mmomo	14
adwowaa	14
tenure	14
amoma	14
amonu	14
siakwan	14
gyataba	14
mpepere	14
mankra	14
woahenni	14
wosoaa	14
nnwantene	14
annante	14
bisin	14
akyede	14
yafu	14
nsemma	14
asekan	14
moreko	14
opepepem	14
wawoo	14
banin	14
nanankanso	14
kasatenten	14
tayiba	14
wonkoyi	14
mankae	14
awofonom	14
abofonode	14
wokotuaa	14
wodane	14
akuba	14
akoneaba	14
ogyi	14
menewam	14
atitiri	14
etoso	14
hwini	14
patere	14
entero	14
waren	14
asunson	14
nyana	14
atae	14
biribin	14
hadasa	14
wantintin	14
kusan	14
nnabubi	14
mutwitwa	14
wubetiatia	14
mafere	14
woakora	14
mebawu	14
mudie	14
fumu	14
mmabua	14
ayami	14
mesikyire	14
woane	14
nwakamma	14
morehome	14
teete	14
mubetie	14
wotwam	14
annko	14
bafa	14
wonnuma	14
maben	14
woakyi	14
ninewehene	14
mommi	14
kaawa	14
mahane	14
nkaenyim	14
enkwan	14
menwe	14
beho	14
amesome	14
luo	14
ammodin	14
nkro	14
wonyini	14
nsuhina	14
owiti	14
wontwitwa	14
horasan	14
meremmfa	14
kanmusu	14
siwa	14
sikatua	14
nodu	14
amowa	14
damu	14
nkwatenten	14
nkomode	14
ahemmotiri	14
yamano	14
akyiran	14
mekyire	14
homu	14
adunya	14
mubisabisa	14
nonon	14
tikwankoraa	14
nakaa	14
awosom	14
yohawa	14
entri	14
sennyo	14
moraa	14
mfame	14
woeenuma	14
nntoo	14
tommie	14
yarin	14
daroo	14
waabaribaa	14
binu	14
ameri	14
metodi	14
maayi	14
nimm	14
wompere	14
bisua	14
nsamrane	14
enyika	14
nsemfoo	14
mabedu	14
worenka	14
fuude	14
amanko	14
makua	14
odufuwa	14
wondimu	14
metode	14
medwe	14
nkitinkiti	14
denneen	14
tinte	14
ntowantowa	14
sururu	14
bafi	14
brayan	14
hyiren	14
moroom	14
wumam	14
amfom	14
woapepa	14
oyame	14
nanabasia	14
paawe	14
maani	14
daawaa	14
kwansoo	14
kwom	14
banaya	14
akinyinka	14
osutare	14
daanyinaa	14
atiku	14
munnkosuro	14
ayiasetam	14
moere	14
kasakasaa	14
weaa	14
bawuwu	14
kanoo	14
maade	14
moakae	14
wasen	14
metea	14
dewasa	14
kakan	14
lukuu	14
debia	14
nekoma	14
mmoasem	14
ammabiako	14
tenu	14
betwin	14
ahohyehye	14
memmoa	14
daaru	14
muam	14
bankan	14
krade	14
humi	14
menkui	14
awasereba	14
funa	14
yotoo	14
akyedi	14
wowiawia	14
busu	14
metoda	14
lufaa	14
hosoda	14
awuawu	14
fredi	14
kotokuru	14
beesuon	14
moroso	14
mfede	14
wurae	14
mankoto	14
wadani	14
todaa	14
enase	14
huui	14
prekese	14
mesoaa	14
kukukuku	14
obuni	14
behin	14
wune	14
nnuankorabea	14
monyere	14
mariano	14
bebida	14
kanemi	14
ntiriwaa	14
wanona	14
kroa	14
paayaa	14
parafuso	14
mehon	14
weewoo	14
fewu	14
abonkyiabonkyi	14
paham	14
manama	14
adasu	14
kwankye	14
muere	14
shisen	14
etrade	14
asari	14
wubewia	14
mammam	14
krona	14
sitaa	14
maabena	14
siku	14
enem	14
asiri	14
trementina	14
nyienyim	14
fufi	14
taam	14
neme	14
adetoro	14
hatria	14
poyi	14
nyikyaa	14
bikeri	14
saawa	14
ahiaa	14
ennora	14
potoo	14
obira	14
debu	14
somehwere	14
hareba	14
afen	14
wafae	14
mmaduakonam	14
nadan	14
ankoreankore	14
nkoyo	14
mpamu	14
mawase	14
konkurowa	14
kunimi	14
weno	14
anyawu	14
abarim	14
awidi	14
lune	14
amui	14
kuuma	14
takafumi	14
mekureba	14
masafumi	14
biafran	14
honko	14
nyakyera	14
mawuse	14
mmabana	14
nakami	14
babin	14
okusam	14
hanabana	14
afesa	14
takara	14
wubante	14
anabanaanaa	14
fide	14
bakabon	14
wonkyi	14
nyesoa	14
watarase	14
brandin	14
adaawe	14
nanaba	14
teni	14
baadaa	14
mayowa	14
wubedwen	14
maanaa	14
mayen	14
nkuruwankuruwa	14
nnokwam	14
humare	14
moansuro	14
bitaaye	14
afeeda	14
beresanten	14
senehene	14
korase	14
nnukwu	14
boti	14
kwere	14
owodunni	14
gyaani	14
masam	14
asuba	14
atara	14
kwaebibirem	14
afero	14
deeto	14
worae	14
deason	14
susanoo	14
mmeri	14
sammie	14
komaraseru	14
afise	14
wunnapa	14
monaten	14
proton	14
womano	14
ademi	14
afarin	14
odorasete	14
baneen	14
tanni	14
nkware	14
mutui	14
pampae	14
goonyara	14
kokan	14
kufufu	14
wowan	14
sarasa	14
yofi	14
hakoma	14
makoko	14
yaso	14
madie	14
tieku	14
akyianu	14
kwamina	14
belinda	14
mehame	14
asemfa	14
kotoe	14
simmo	14
wekui	14
maara	14
soredemo	14
asonde	14
dearie	14
nwana	14
samne	14
dansie	14
safohempanin	14
maapo	14
shaka	14
ahabanmono	14
premeditate	14
etese	14
obom	14
wunka	14
mahamudu	14
totwene	14
makoda	14
kesia	14
atika	14
owure	14
baware	14
aduakron	14
woredidi	14
adekyere	14
adekan	14
deene	14
masusu	14
akuoakuo	14
bedwane	14
asuasa	14
afan	14
sempa	14
kware	14
kroma	14
nsemmone	14
konkora	14
toon	14
kukuduuduu	13
anomaabuo	13
opolisini	13
ahinimi	13
afofida	13
antibayotese	13
nnyetomu	13
ntutuo	13
kubaatan	13
nsukorabea	13
badwom	13
nitida	13
pantum	13
wakafutase	13
monkyea	13
ewuraba	13
bante	13
duodu	13
sunkwa	13
honkamaa	13
nnabue	13
osita	13
abudu	13
manabi	13
daadi	13
efrem	13
akokora	13
nanwa	13
ahenewa	13
mokyere	13
ampan	13
menini	13
banke	13
bonkum	13
kwane	13
abehwe	13
hyene	13
merensane	13
mesiesie	13
kakaa	13
sikanya	13
owea	13
obonko	13
abekye	13
akoako	13
nyankonton	13
asomanin	13
dadiesoaba	13
adeemmra	13
tandem	13
sapon	13
endi	13
saturate	13
manum	13
sraha	13
kune	13
ayonko	13
adwenemu	13
nnuannua	13
bosommuru	13
tibia	13
nteni	13
osafohene	13
apempem	13
ntrama	13
dakoa	13
woreto	13
atora	13
sensan	13
ahyehyede	13
dapem	13
asiam	13
bampo	13
kaduna	13
deride	13
akyeamehene	13
adekorade	13
ntea	13
mukyia	13
hyetae	13
etiri	13
besea	13
mmuaso	13
manure	13
aforebo	13
okoso	13
ahenne	13
mmato	13
madan	13
mfuate	13
simo	13
ntakara	13
asiwa	13
konno	13
awene	13
mebere	13
fue	13
moyo	13
aturo	13
nyansafoo	13
duraduraa	13
monnsu	13
wapam	13
bofoo	13
korokoro	13
newa	13
opene	13
boron	13
mepamoo	13
bomodin	13
bosonsomni	13
bowaa	13
worepam	13
wohyiaam	13
potenti	13
mahome	13
wokuraa	13
mendu	13
mmanananom	13
menkyi	13
asesewa	13
kakrawa	13
nnen	13
abasamfa	13
mmden	13
nhwim	13
worepue	13
wontwiwontwi	13
odwiraa	13
nyono	13
nsenie	13
taade	13
adwom	13
moasoa	13
nwurawura	13
nnubaa	13
hyiaae	13
nnma	13
adehyebusua	13
kasakuo	13
mansua	13
woampa	13
akoaa	13
kaani	13
yohannan	13
buma	13
mekenkaan	13
morekasa	13
nnipam	13
ateasie	13
yatie	13
daadan	13
wumua	13
badan	13
menndi	13
wokurae	13
eduonan	13
woroom	13
kumin	13
matwetwe	13
koati	13
luen	13
mapene	13
temo	13
mommpa	13
serebu	13
nkakyere	13
makoa	13
menantenante	13
okehiaa	13
aniwamma	13
nhyiraa	13
ahae	13
mannoo	13
owadan	13
kwasu	13
amase	13
nwabi	13
moae	13
sume	13
kasoku	13
awaame	13
ntraa	13
nkanyankanya	13
sakora	13
obekunkum	13
moforo	13
wonkita	13
metirim	13
meatia	13
ennyaa	13
atumia	13
wutia	13
mprakokuo	13
nsuboa	13
mayere	13
nuoma	13
mmoade	13
situe	13
temanni	13
moadane	13
mubedwinnwen	13
nkotokyiwa	13
morentwa	13
akwabo	13
serina	13
nkwen	13
kwaade	13
prea	13
luda	13
mensakrae	13
tadaa	13
pantaa	13
kayo	13
nnanmdi	13
awuwuo	13
wodwira	13
nyabo	13
sawu	13
meete	13
muana	13
agyinasare	13
nkue	13
asaana	13
madwini	13
mpanyim	13
nkwoaa	13
paripari	13
bisibasaa	13
hwasa	13
woesemi	13
shoto	13
wubewie	13
nnkita	13
ub	13
gyekyewaa	13
butui	13
soonkum	13
bondi	13
sibia	13
shinakya	13
maruho	13
ayiwa	13
wuam	13
merimaa	13
manane	13
norikoeru	13
nworahaban	13
mehandi	13
mmuni	13
wikimania	13
menta	13
abusuasase	13
kahwin	13
awuwuan	13
sadia	13
manabeba	13
menuanom	13
goman	13
niara	13
kasase	13
sansuu	13
subunu	13
annwa	13
okowui	13
woarankasa	13
kandoo	13
padaa	13
bonda	13
nawasa	13
wubetum	13
futoase	13
obewura	13
ampusu	13
nsianan	13
pafoomansu	13
toan	13
mputa	13
nansaa	13
nemuro	13
nukunu	13
hyemu	13
pannaa	13
padayi	13
metaru	13
mosaya	13
ayese	13
odoro	13
asasetre	13
awiebo	13
bute	13
hommie	13
nomura	13
nnammoro	13
mpatuwuo	13
panie	13
ensam	13
mantebea	13
monahan	13
karata	13
atraen	13
nukuu	13
sadaam	13
nnania	13
nniana	13
nniaan	13
tamesu	13
wapuu	13
nkayan	13
mohiadin	13
molina	13
muru	13
nekra	13
kwate	13
kanwa	13
nnwura	13
woapae	13
tuba	13
sakuraa	13
sorako	13
entim	13
wanwanwanwan	13
wieso	13
mabusua	13
maturo	13
masaya	13
efidie	13
mususu	13
hoke	13
homura	13
badaa	13
belane	13
hume	13
kroatien	13
meesen	13
adaadaame	13
hanua	13
mmehwe	13
yaaran	13
dubi	13
parua	13
obebuu	13
taadi	13
moakoma	13
asanteantwi	13
woeenya	13
tuwu	13
bawari	13
saabisu	13
ketoa	13
aduanma	13
biano	13
monnyera	13
turan	13
feelie	13
akwaan	13
masore	13
ayari	13
parese	13
animuoyam	13
benyam	13
horenso	13
yoana	13
podu	13
nnwi	13
bofi	13
tinye	13
abonnere	13
woayere	13
nuui	13
mukasa	13
nnandi	13
maseru	13
saaya	13
afenya	13
akintide	13
mekom	13
sawaru	13
sekammoa	13
wonnue	13
wowisu	13
yaaron	13
sonne	13
sakurako	13
kasasa	13
yasumi	13
ahema	13
wanida	13
meae	13
fukin	13
betawi	13
bidaa	13
adannaya	13
kwaabo	13
serunya	13
abuu	13
yarikata	13
baayi	13
bookware	13
amaman	13
akamaru	13
siwan	13
atome	13
nnesua	13
yota	13
shafie	13
etiede	13
womom	13
nkonyane	13
yote	13
ahooyaa	13
bantan	13
wommebu	13
ponya	13
kokyia	13
swasa	13
nannin	13
wubete	13
haton	13
fuseru	13
kwama	13
momemene	13
mfan	13
homea	13
maadi	13
morom	13
sedia	13
mfonyam	13
hayam	13
afonin	13
aferi	13
fitafita	13
moyenne	13
abosomfi	13
kufuwan	13
mamre	13
srae	13
kapari	13
nyeri	13
preteen	13
dummien	13
melinaa	13
paatonaa	13
hanim	13
edamame	13
abosea	13
paabo	13
okina	13
mmare	13
moyen	13
mesoa	13
kamm	13
boaduwaa	13
someru	13
animeka	13
wompam	13
shiteta	13
bakudan	13
awunyade	13
marinade	13
shanti	13
dure	13
afutaa	13
homete	13
awino	13
muwura	13
nanimo	13
mudwoman	13
bohemia	13
toyo	13
ankomaa	13
kanum	13
afendi	13
mponko	13
amfore	13
daruma	13
batoru	13
kokoroe	13
nyebiribi	13
hakaba	13
adiba	13
aboma	13
atira	13
mewi	13
lusitano	13
karendaa	13
badwenmma	13
boakyewa	13
akomaye	13
akintoye	13
sankara	13
yanie	13
awasu	13
yata	13
asiedua	13
mmama	13
nampara	13
lufi	13
tienda	13
damari	13
sasara	13
apoyo	13
makom	13
sedaa	13
munyan	13
awurabena	13
adetumi	13
awori	13
nofoa	13
teamfoto	13
saem	13
nkayi	13
mukaete	13
gonno	13
biafore	13
akankwasa	13
baanware	13
sunna	13
koho	13
samua	13
noadia	13
deneen	13
tibete	13
humm	13
akrodie	13
nworonnworan	13
tentam	13
kresin	13
twebuo	13
aboomu	13
akaadoo	13
nankoroma	13
twintwam	13
aduani	13
tesano	13
atutra	13
siaka	13
okyerebea	13
duanwu	13
amaru	13
hyeem	13
kofaa	13
antidote	13
ahohoo	13
obetimi	13
obeda	13
atipa	13
abetena	13
agyapadie	13
fufuu	13
wika	13
moero	13
kasese	13
lure	13
kuukua	13
werewere	13
kasapen	12
nnaakyene	12
atwie	12
duruduruuduru	12
ahosene	12
ofri	12
huntabea	12
adwadidan	12
agyedin	12
hwire	12
dawurubo	12
luhya	12
mfomo	12
deepam	12
nikawa	12
kurakute	12
medusa	12
daehwi	12
mantem	12
ntufam	12
natin	12
kuunin	12
amaro	12
wawona	12
hoan	12
akoka	12
dunsini	12
bedie	12
ennte	12
bakoko	12
asikoto	12
oduaa	12
desolate	12
nnton	12
duanan	12
atamasie	12
pona	12
metimi	12
gyensaworowa	12
okotoo	12
osore	12
kuayo	12
mennyina	12
mekyen	12
nkotwa	12
tweaduampon	12
nsafufu	12
wookye	12
premo	12
asikafoo	12
nkramofoo	12
apane	12
bewuo	12
tetrete	12
odie	12
kuntunamoa	12
kokuro	12
woakyekye	12
makyere	12
kasem	12
abadin	12
ofin	12
adwuman	12
bompata	12
kunde	12
adusa	12
mfea	12
dadie	12
mmorosa	12
akukua	12
birem	12
mehohoro	12
noye	12
obene	12
amusie	12
ewen	12
atipae	12
ntente	12
abooden	12
waabi	12
biram	12
keri	12
meenu	12
mmepo	12
nkatenkwan	12
wummisa	12
afisem	12
wahoro	12
wonkye	12
dedede	12
eten	12
anote	12
awiri	12
dabiarada	12
kakrabi	12
kataban	12
akoroma	12
boya	12
korom	12
pren	12
okara	12
afae	12
woanoa	12
toho	12
ahyede	12
woakwati	12
nnsoa	12
mensom	12
fino	12
asumasem	12
wosakra	12
mmran	12
ahomasoo	12
waadi	12
montwen	12
watene	12
afotusem	12
danaa	12
abankese	12
osisan	12
owan	12
munkunkum	12
asaya	12
simasin	12
ntwae	12
gyatabuo	12
medumua	12
nhahammono	12
woeetum	12
oyie	12
sadukini	12
wubekunkum	12
worinnya	12
bodomo	12
awiba	12
mpokua	12
awowasie	12
nukarumi	12
nnwoe	12
ayiase	12
wusuaba	12
sirene	12
obedwinnwen	12
nnyennyan	12
akunwa	12
ewuraaba	12
haabu	12
okwaduo	12
bafinde	12
kawakiri	12
konum	12
mennsoa	12
andia	12
ammanmuo	12
medite	12
botwaa	12
adwosuo	12
adunam	12
moasesa	12
hasuo	12
kasafiri	12
somae	12
mmusude	12
wokodidi	12
anyipaso	12
tatahwe	12
wakanda	12
baanke	12
mmesua	12
awieaye	12
meresere	12
mennsusu	12
baake	12
woasane	12
woyam	12
morira	12
metiatia	12
worensan	12
mprenum	12
akoku	12
saketeta	12
matom	12
openni	12
woforoo	12
ahwehwem	12
desura	12
mmakyekye	12
babanu	12
ankababu	12
bankoma	12
menante	12
wadua	12
dafidi	12
biruwa	12
nnwinne	12
wukyia	12
tentare	12
okran	12
funo	12
agyewodin	12
eniea	12
mummie	12
homeneso	12
ensom	12
nhyirasem	12
tumfuru	12
mariaa	12
lunae	12
nnokam	12
egyi	12
dakro	12
musiesie	12
nyanda	12
motoru	12
wenyam	12
ahani	12
anyine	12
wansena	12
nhintaa	12
ammre	12
nokwore	12
paradisia	12
amadaa	12
worenware	12
adenkye	12
sheri	12
paana	12
yahyire	12
wondi	12
ntweaa	12
nwunye	12
baroda	12
sampanya	12
awinne	12
afototo	12
tuuma	12
yaani	12
wasaabi	12
anwumaso	12
wabisade	12
monkotwa	12
hoabo	12
wawawa	12
hotim	12
mensurae	12
anibuo	12
muntuaa	12
mubewie	12
kuba	12
mebara	12
mebaeru	12
taete	12
andwe	12
koru	12
menyae	12
yakin	12
nnodim	12
ahohare	12
awure	12
nenkin	12
daanso	12
trebuie	12
senku	12
musuasuaa	12
bateman	12
nayaa	12
hotam	12
sandie	12
morebisabisa	12
sunomono	12
nsisa	12
mmesisua	12
yaabi	12
odwamma	12
nikye	12
poaa	12
anawim	12
okya	12
mpremprenyi	12
shyia	12
bakaa	12
abasaa	12
wotaen	12
akwaeke	12
habo	12
nommum	12
mekoma	12
poonam	12
adwumaa	12
sorowonko	12
yaayoro	12
bosomi	12
hwon	12
bakyara	12
fumidaseru	12
yono	12
yanim	12
wanyere	12
mpunan	12
aduaka	12
atrasase	12
obiase	12
wokyekye	12
gona	12
waase	12
komari	12
brendan	12
nhyiae	12
honorine	12
amuwu	12
nnedu	12
dadepon	12
luaa	12
anyene	12
maraa	12
mawue	12
kadanna	12
kumma	12
woraanan	12
abiru	12
funni	12
buruwaa	12
antoo	12
etiam	12
wokoran	12
mmetwa	12
mfennsa	12
wunyane	12
samm	12
wokyiaa	12
anaforo	12
hotose	12
hwae	12
sadafumi	12
twaso	12
shareware	12
mowi	12
obiaba	12
takya	12
hodi	12
batroom	12
desem	12
ankya	12
brase	12
badwamu	12
funnu	12
katrine	12
enndi	12
obatampa	12
lubi	12
wonkokum	12
edoo	12
owarase	12
tennisua	12
nomikomu	12
nnkya	12
wotwae	12
barin	12
brito	12
kaem	12
sukuse	12
akorede	12
sankwasa	12
dera	12
obite	12
tommaso	12
moannom	12
turumu	12
adwani	12
koroseba	12
mmooni	12
bamenda	12
wanyinna	12
obaaku	12
duta	12
nnaani	12
naanin	12
weere	12
nyankoro	12
prease	12
opanyi	12
adewui	12
prude	12
adubia	12
bami	12
kowan	12
nkwataako	12
okoroawusa	12
namda	12
agyakari	12
nnanam	12
frati	12
amami	12
abediakyiri	12
nadu	12
woanware	12
modena	12
simonko	12
bokim	12
nyamuneka	12
nidaso	12
nawaabi	12
waruwu	12
nati	12
asakasa	12
akino	12
betui	12
aboraa	12
kwasiasem	12
amanwaa	12
nnaman	12
entienden	12
wokoto	12
nkramodan	12
mammabea	12
nwomawa	12
asani	12
adofu	12
kasame	12
mamasa	12
mabasa	12
apomden	12
drawin	12
asomaa	12
debo	12
atatamete	12
baabiaa	12
woatoto	12
nkomfa	12
neenyare	12
marimea	12
kadan	12
antwam	12
sawareba	12
naaede	12
kayan	12
nsenku	12
akia	12
enuama	12
mendwini	12
kakimidasu	12
monnwiri	12
biribira	12
woawia	12
sunde	12
ahotepre	12
wokyinkyim	12
hamam	12
botoo	12
okute	12
afien	12
funwa	12
anonono	12
bonomantan	12
bedura	12
edinyan	12
dubito	12
neaera	12
kwakwanso	12
protease	12
harima	12
awadu	12
wohome	12
adafi	12
kokyo	12
ammam	12
nnankasa	12
bedwa	12
beese	12
shinka	12
kaeri	12
kramonyi	12
yoweri	12
aposutorofi	12
madesoa	12
wakara	12
akenkane	12
bonita	12
tititi	12
nkontromfi	12
kwisu	12
asatiani	12
wosem	12
kaesasete	12
abonuan	12
wahyi	12
hohokam	12
mankanya	12
sosina	12
awiawia	12
medwin	12
weho	12
nweenwen	12
nkowakowa	12
somayina	12
nnabata	12
manta	12
meditatie	12
kurankye	12
aguanto	12
hyonosen	12
atosodeturo	12
newi	12
samarianibea	12
awabiware	12
adami	12
adoyi	12
melisa	12
karenkaese	12
gyie	12
nononon	12
sinon	12
asasa	12
yosete	12
agyene	12
wannabae	12
fikre	12
hanso	12
pakwe	12
tabaa	12
mantoa	12
komaru	12
enkare	12
makwa	12
buwan	12
abodwese	12
shana	12
mariposa	12
mansia	12
behen	12
mubesu	12
madinyinaa	12
sema	12
wosamma	12
ennko	12
obekura	12
mediteranea	12
ahemakye	12
akwabon	12
madakraa	12
kaendi	12
sakasa	12
deno	12
buruu	12
gyabi	12
munwa	12
nokwareasa	12
shabu	12
awikoen	12
yaaro	12
aseru	12
sikasa	12
adiro	12
betina	12
afehyiapa	12
frankie	12
moato	12
wuman	12
deweese	12
kania	12
wukaase	12
ayiko	12
akoya	12
monokuma	12
twuu	12
boyo	12
nkwe	12
abum	12
kanini	12
mokuru	12
kume	12
sunnato	12
awubere	12
namanya	12
mmode	12
keroro	12
homeadu	12
hya	12
haapea	12
bimma	12
bitori	12
bakatue	12
fukuu	12
baransu	12
asasesini	12
wuraana	12
kakaete	12
shanka	12
agyese	12
asetenaa	12
anani	12
nuno	12
akwatin	12
okoku	12
patra	12
egyiawan	12
ayeba	12
derewonko	12
sino	12
nooma	12
babayemi	12
nwata	12
hode	12
afoo	12
yoyi	12
paandi	12
mataheko	12
soen	12
anakan	12
meene	12
nyankuru	12
kusia	12
abepue	12
karanaa	12
aguama	12
medita	12
bruwaa	12
kubori	12
anamuna	12
monowukuo	12
mmubuo	12
afaseduro	12
adehyedie	12
demean	12
apontoo	12
besease	12
nsesamu	12
mmema	12
kunsu	12
nkyim	12
nuwan	12
dansua	12
duban	12
nyankonsem	12
mpua	12
nsubura	12
bunso	12
akyirikwan	12
sikatwabea	12
pampuro	12
nkoanim	12
bukata	12
nuammaa	12
atiridinini	12
apewosika	12
akisikuro	12
mpataayie	12
hamidu	12
kotonima	12
wakyekyere	11
okasafoo	11
nnyinahoma	11
adaneadane	11
bonafide	11
bonsa	11
tayanna	11
abibinnuro	11
masenate	11
ahakron	11
nanton	11
primera	11
bintin	11
matibabu	11
kenyani	11
hunui	11
asofitie	11
tinea	11
aduonson	11
apasera	11
adesuani	11
tomantose	11
adurufra	11
nsanehina	11
abatire	11
wosoe	11
nsamono	11
nyowaa	11
monsene	11
nkusie	11
asensodie	11
akokoodurofoo	11
akofina	11
oboye	11
mmaba	11
bepae	11
beboa	11
bekyekyere	11
asunafuo	11
osoma	11
osane	11
adenti	11
bonin	11
twon	11
ntonso	11
gyeduam	11
etete	11
atenatena	11
oberekuo	11
medane	11
namm	11
waton	11
bewe	11
susufuo	11
nkensen	11
oboom	11
twenesin	11
konkonsani	11
betimi	11
edowa	11
tomam	11
mmisabisa	11
nkohwe	11
wonnko	11
nnonkron	11
merebedidi	11
akuafoo	11
bekwae	11
nnyesoo	11
nsuonsuo	11
frama	11
hwenemu	11
nkwata	11
papapa	11
konini	11
bosompra	11
nnanso	11
odaso	11
kumawuhene	11
saaman	11
brentuo	11
anwam	11
anntumi	11
osie	11
nsapa	11
nnwonkoro	11
nsumankwaahene	11
tafohene	11
ayebia	11
nunoo	11
asedua	11
nhahamma	11
efam	11
mmatire	11
wonsen	11
asiama	11
woabo	11
mfensa	11
woken	11
afadi	11
etuatua	11
mmesa	11
biretuo	11
mmanom	11
honu	11
aprutwum	11
sometime	11
abane	11
adoo	11
ntoase	11
abose	11
adoso	11
kesu	11
odwene	11
kabere	11
duba	11
adoa	11
anikrakra	11
akwanso	11
bunyan	11
sise	11
nwununwunu	11
amponsem	11
nsowaa	11
mereto	11
wabesan	11
wakame	11
masini	11
nsare	11
twani	11
tebete	11
atata	11
anona	11
oson	11
tetete	11
sompa	11
adaduonum	11
adakaben	11
seda	11
bonno	11
awora	11
ankaadweaa	11
metrontrom	11
annyim	11
dansoaa	11
wonyare	11
muonyam	11
serekye	11
ntawa	11
atoho	11
oboafoo	11
waama	11
ntomu	11
waate	11
ennkye	11
owusare	11
wapoo	11
nnwumawuranom	11
moapae	11
nyenyesuo	11
anwowade	11
susukuruwa	11
akwabena	11
abian	11
dannom	11
anantwikuo	11
nansin	11
delina	11
memre	11
wonwui	11
okowuraa	11
anaanabi	11
komaden	11
kontomponi	11
nedu	11
kaworu	11
kuandikwa	11
akasaakasa	11
dati	11
memmuu	11
mmemea	11
senua	11
woayinsen	11
antwitware	11
nuakuma	11
mampene	11
wuko	11
woakan	11
obepue	11
hosianna	11
wonsie	11
abaaba	11
franseni	11
okenyan	11
bawie	11
moasakyera	11
osuasuaa	11
katabo	11
gyenyina	11
koduabi	11
sunemni	11
abaae	11
wannu	11
woasu	11
ogyeda	11
nkomena	11
nsuma	11
motwi	11
bonkutoo	11
abami	11
nnasia	11
mmapa	11
moanu	11
homeso	11
eduosuon	11
anoduane	11
akuuri	11
kowura	11
monkodwira	11
totohyia	11
mendidi	11
nkama	11
meboto	11
atwitwi	11
krasotaa	11
merekeka	11
anyibo	11
ayae	11
trende	11
mammae	11
muoo	11
moware	11
ahempema	11
moapam	11
nnsen	11
amanwoman	11
sansu	11
anidasoo	11
abayikan	11
entretien	11
yonin	11
primero	11
bonu	11
worewie	11
awuran	11
ahyemu	11
goosie	11
baaku	11
mframu	11
damebi	11
samara	11
krakraa	11
apataku	11
amada	11
melimoa	11
wonum	11
woakyea	11
monntase	11
wokasaa	11
medwu	11
aninditaa	11
woannom	11
okokuroko	11
koreani	11
anesaa	11
hannon	11
abibinyansa	11
tweresem	11
wofaso	11
nkwinti	11
adinda	11
damim	11
ntumaa	11
ennsuro	11
ntawantawadi	11
mantraa	11
nasen	11
mennyia	11
abedidi	11
ahima	11
wankunda	11
afumdwuma	11
sokokara	11
atware	11
twetiatwasom	11
nhweren	11
wubuu	11
nabo	11
wotui	11
hoahoahoa	11
abondon	11
adoye	11
moretaa	11
owoseni	11
kabin	11
sonno	11
shem	11
twini	11
nhiaso	11
mabui	11
wunwon	11
tabakwaren	11
nkwane	11
mansue	11
mekwae	11
mmommfi	11
aseka	11
asena	11
woadie	11
nukuru	11
agyakyi	11
wuese	11
swimfin	11
mekanwu	11
soonansu	11
akrawi	11
newe	11
mekaakae	11
ntwantoso	11
fiafia	11
aburookan	11
animebae	11
mahia	11
nkaba	11
woenntum	11
nwani	11
enora	11
mammfa	11
nteba	11
karuaho	11
monyane	11
akinti	11
yansu	11
siram	11
ansakra	11
madepa	11
adidaa	11
paanne	11
sradehwam	11
modwen	11
katanya	11
nyareru	11
soran	11
nsakyimena	11
wontum	11
neemi	11
wamia	11
mekyekye	11
woanku	11
wubehyira	11
afiena	11
saahasam	11
kamae	11
seno	11
wunyam	11
daamu	11
nwumapa	11
mentae	11
wubetuatua	11
baakon	11
samarini	11
akotade	11
manmin	11
nomma	11
makari	11
ankuru	11
manwaa	11
wakareru	11
kakaako	11
siwu	11
edwon	11
sekunde	11
hamase	11
akyinaso	11
abaasa	11
sikam	11
amandaa	11
neabi	11
yabo	11
sota	11
womon	11
owoyemi	11
hakone	11
tabien	11
wuawuawua	11
ennsanka	11
nitro	11
seekye	11
tabasam	11
shema	11
wankoro	11
weken	11
bakeware	11
mapena	11
ahinnsia	11
wida	11
mutante	11
mfri	11
mfarama	11
tewu	11
mmemma	11
momie	11
niba	11
fedaa	11
mekunkum	11
nimofi	11
kuumaa	11
deraa	11
patan	11
karuan	11
woosa	11
manwene	11
takyiwa	11
okukudam	11
nusom	11
beate	11
wanyae	11
obaaya	11
wasie	11
sribi	11
sakata	11
aprente	11
nnuammea	11
nkummaa	11
nnuammarima	11
gose	11
funke	11
awuradesuro	11
aheda	11
poteete	11
karede	11
wahem	11
yaribu	11
aninko	11
shoka	11
bonitaa	11
weaboo	11
anaayi	11
sironko	11
mamon	11
luwawu	11
yosie	11
poon	11
obenim	11
mesuroo	11
wotwitwaa	11
naban	11
nabam	11
makyinkyin	11
buranko	11
wannabea	11
koronkowa	11
awanto	11
kamakura	11
wadano	11
tweetea	11
adeka	11
kakato	11
amandi	11
yarasa	11
baada	11
manamanaa	11
sorede	11
nkorea	11
adenekan	11
bemme	11
nenso	11
neea	11
swati	11
triko	11
dute	11
aninin	11
yatwa	11
nananaa	11
bewaa	11
hariri	11
komunidade	11
kokoda	11
goku	11
futo	11
obinata	11
moabi	11
kabae	11
mfono	11
muitara	11
owaraseru	11
anyamene	11
swindon	11
duri	11
senehasa	11
bekati	11
yahan	11
fure	11
kaasan	11
amerine	11
akute	11
masenyi	11
manyata	11
poonyiaa	11
monnari	11
hanom	11
nninyeni	11
komputa	11
shoman	11
shakra	11
akunnya	11
woakodu	11
nansen	11
luam	11
takano	11
yoku	11
nyankonsoromma	11
ntwaaban	11
annabaa	11
woakye	11
sandwoman	11
panyi	11
yowami	11
soron	11
tinubu	11
preman	11
sepa	11
ahowen	11
nyansabuakwa	11
adora	11
toori	11
wiasem	11
saansa	11
makre	11
newaa	11
melia	11
morema	11
ponka	11
nandaka	11
momi	11
kuntunu	11
ankam	11
makabi	11
ahosa	11
wosunyin	11
adumi	11
wenyan	11
debiaa	11
medenka	11
apanya	11
nhoo	11
kommaa	11
yamanaka	11
suruba	11
momofoko	11
afiba	11
apuro	11
goodin	11
sabana	11
narimasenka	11
kuwae	11
ananmusinyi	11
nkanni	11
ayanda	11
wundi	11
worenyin	11
trina	11
nuite	11
koren	11
profumi	11
nankum	11
akuta	11
munno	11
antwiaa	11
nanne	11
gonia	11
gorufu	11
womanon	11
efaa	11
dahia	11
nwode	11
nomnom	11
furuwase	11
payaa	11
bawi	11
kasom	11
wabeti	11
naadaa	11
bakre	11
muko	11
afenyi	11
medae	11
kakaforu	11
mekomo	11
nkekaawa	11
sanwa	11
truu	11
amanea	11
sukyiri	11
buruma	11
toka	11
anamu	11
wanyanwu	11
freebase	11
karenaa	11
akolaa	11
kerennya	11
futa	11
momehwe	11
yadosu	11
furueru	11
abirekyibere	11
kemma	11
gyamea	11
enyoo	11
kwabea	11
harim	11
honea	11
okusama	11
asawafuturu	11
animere	11
gosan	11
sonwani	11
maabenaa	11
yawuru	11
horan	11
soroa	11
mmarimanom	11
amammara	11
asikyiresiam	11
afuni	11
aniko	11
woewie	11
pantie	11
amandine	11
sutra	11
afirimu	11
kunni	11
ntaaboo	11
ammamere	11
ntietie	11
awusa	11
anonimoto	11
anyamam	11
dune	11
prise	11
woya	11
lumiere	11
adekyeebi	11
wasue	11
trontron	11
anafie	11
sankaku	11
abadi	11
deede	11
yasam	11
asina	11
afuera	11
muta	11
amaan	11
bennie	11
menson	11
nedin	11
tietia	11
antabuse	11
adayi	11
tudu	11
nonnude	11
akina	11
kaarina	11
matase	11
masia	11
sakaba	11
abante	11
moasie	11
taye	11
anowa	11
aferika	11
mensoa	11
yowa	11
yamada	11
metoro	11
wotwaam	11
hunaa	11
nantini	11
moamen	11
widi	11
nnisa	11
medintim	11
mensuru	11
dumebi	11
sosipatro	11
soweto	11
monako	11
konkani	11
kurama	11
abiabi	11
parano	11
mmayewaa	11
korintose	11
nkuba	11
entrada	11
paato	11
ahian	11
abidi	11
buraa	11
yaruro	11
sebuda	11
suanyi	11
oyinkan	11
mmfrade	11
samaye	11
buenaa	11
annin	11
ayaba	11
niku	11
barase	11
somaru	11
hoare	11
motuma	11
desen	11
wuiwu	11
tweretwere	11
torino	11
kuenyehia	11
nurudeen	11
basua	11
aborome	11
akomaa	11
woen	11
awabama	11
nnuruu	11
okwu	11
shimano	11
shinya	11
gyena	11
sokode	11
akada	11
tetenani	11
protrude	11
amanyosem	11
weremfoo	11
odwoo	11
amanyo	11
hwemudua	11
nkonyahene	11
aputae	11
antehene	11
tofoo	11
adesuakuo	10
sakumono	10
wotwero	10
kakure	10
birekum	10
funtumfunafu	10
amimdie	10
nweweboaa	10
abotitene	10
subanmmone	10
mmosoo	10
abotono	10
meteaa	10
bretwum	10
nkwantahene	10
borono	10
mennane	10
tufohene	10
fukaku	10
kumanin	10
sumiko	10
mmofraturo	10
ankoanko	10
nuane	10
suronoo	10
edon	10
baena	10
bibitoma	10
wikidata	10
nsuden	10
asemanyi	10
mamohato	10
obirawi	10
kokuromotie	10
akwanyie	10
osino	10
sikabotene	10
enoa	10
okohyiaa	10
gyamase	10
akonkon	10
mafre	10
okwanso	10
waforo	10
suminaso	10
edware	10
mensie	10
noae	10
amankani	10
mmebo	10
dampon	10
besui	10
koon	10
wampam	10
nnondubaako	10
kohwehwe	10
merenko	10
meredidi	10
mennyae	10
nketenketenkete	10
nnunsin	10
nnsu	10
wadwane	10
ededa	10
tetere	10
hyiaye	10
tasen	10
krane	10
oyam	10
gyankumaa	10
maaso	10
kuruboaa	10
osekyere	10
mpokyere	10
nkwankwaa	10
nnamfoo	10
ntiri	10
nkotie	10
nyankonsoroma	10
kuram	10
nkukuammedie	10
aduanenoa	10
nsahwe	10
mpatre	10
konsonante	10
womfata	10
tati	10
odui	10
kwaami	10
birie	10
mpasotam	10
nkontomire	10
nhwehwe	10
aduano	10
ankana	10
nkatae	10
mabon	10
wansan	10
woantua	10
nimako	10
konti	10
kwanmu	10
mmawu	10
nnurui	10
frede	10
okuraaseni	10
baya	10
awoe	10
nsama	10
daasebere	10
odae	10
twiri	10
soroko	10
mfare	10
osusuka	10
anodi	10
wonkasae	10
akyema	10
mpom	10
ahotutuo	10
asunsumabo	10
huane	10
nteho	10
seren	10
ayisa	10
opra	10
hyiamu	10
nwewe	10
hyebea	10
owae	10
kubo	10
brade	10
batiri	10
taetae	10
adwamammoni	10
nkyiresua	10
atowerenkyem	10
somafoo	10
aboafoa	10
dri	10
opam	10
nname	10
apotoro	10
etwene	10
adammo	10
banyan	10
besebese	10
efene	10
gyinam	10
kowu	10
mpanyindie	10
morempa	10
samari	10
mokoto	10
moansakyera	10
bekan	10
aduanum	10
eduane	10
akomadan	10
nnwennweneho	10
setena	10
ammedi	10
nkamfoa	10
mohyia	10
wokwati	10
wunnsuro	10
awike	10
odasanyi	10
asoden	10
funafuti	10
ahennuan	10
somasoma	10
akwampa	10
baheda	10
nkraa	10
kurete	10
hwinye	10
akaakae	10
yafi	10
krokron	10
akabuana	10
okurakuraa	10
efebo	10
awotua	10
moaware	10
mmomaa	10
wukodi	10
kokroo	10
obesie	10
worekohyia	10
nnmi	10
memfom	10
dudokoo	10
worennyaa	10
keendoma	10
mfinimfinibea	10
merenkyi	10
weesam	10
sensuro	10
awurawura	10
opremu	10
asuso	10
anwumaneamra	10
sansana	10
kufu	10
gotaa	10
nkosiesie	10
nnuadan	10
naetatare	10
buburoo	10
ahoasea	10
nasiri	10
maranata	10
montanaa	10
wubesuasua	10
mpanye	10
wehoo	10
entua	10
sukua	10
mfanto	10
biakom	10
mawum	10
memm	10
wonnsu	10
awurae	10
wampum	10
tinini	10
abadinto	10
ataadi	10
enyibu	10
nutin	10
duda	10
kaeseru	10
shira	10
antan	10
baaboa	10
mpren	10
nsumo	10
mofata	10
daewoo	10
adididan	10
maaya	10
entwa	10
abanonware	10
efom	10
wodom	10
numaa	10
norikaeru	10
anwofamaa	10
duakwa	10
tebiara	10
awatoye	10
akyeso	10
meensuro	10
anatwi	10
aduri	10
wanesaa	10
montosua	10
nuto	10
antim	10
ahonidi	10
akokwaa	10
mafra	10
bariba	10
medwise	10
serenaa	10
sipora	10
mantri	10
kruu	10
baro	10
nnababa	10
meatie	10
mentan	10
egyeware	10
okoron	10
nayin	10
mmoadonoma	10
bekyinkyin	10
nahenni	10
ntafre	10
memposa	10
sonoko	10
binya	10
naduafie	10
wunnidi	10
taamu	10
woanim	10
worennan	10
ahosakra	10
abeabea	10
mmrantewaa	10
okika	10
suisen	10
abadon	10
akokoeko	10
karimi	10
kummaa	10
debidebi	10
nsatia	10
dawan	10
enipa	10
ahoahoman	10
sankra	10
abansua	10
wofura	10
antennae	10
nkwaseakeka	10
kwaasia	10
munntwa	10
neabu	10
wantoto	10
anwi	10
wansae	10
wiwu	10
sikaram	10
simiram	10
semmu	10
taha	10
mmetema	10
taranto	10
hweeara	10
beremenna	10
gomaae	10
wonyene	10
efren	10
teraman	10
ahamesu	10
saahoo	10
moansa	10
fien	10
biribone	10
apaye	10
osorete	10
mutwaa	10
wadawu	10
nnwui	10
pasen	10
nkaeda	10
morison	10
akyinne	10
nyinyia	10
pasabaa	10
mpamntam	10
montintim	10
handaa	10
woammu	10
mmepom	10
wumm	10
mmano	10
sedum	10
sorenya	10
siankaa	10
aduwaa	10
anietie	10
anasesem	10
obianwu	10
mompo	10
mekyeakyea	10
munnaa	10
kabo	10
ahahahaha	10
swom	10
adasama	10
tabuu	10
worekeka	10
akinyi	10
mukase	10
osetra	10
woatwitwa	10
nsomaa	10
ntratra	10
nadene	10
biasua	10
worento	10
hurui	10
yande	10
santi	10
hokum	10
saadi	10
abanmu	10
mmreka	10
serebia	10
binyin	10
duamu	10
watamu	10
akatakyi	10
waraabo	10
betwumi	10
meadua	10
hoyo	10
enyidaho	10
korankyewaa	10
ankom	10
brewin	10
wohanka	10
mommin	10
awomanaman	10
tasetie	10
matera	10
taabi	10
womua	10
kumfa	10
nnyansin	10
neera	10
behera	10
sunam	10
homero	10
wofri	10
bitam	10
awosa	10
bikinnya	10
titwe	10
edidem	10
kruwa	10
mammom	10
mpamo	10
bakya	10
kwote	10
yoron	10
luso	10
bakraa	10
akyinkyinakyinkyini	10
dukin	10
enkyi	10
dewaani	10
tiru	10
mfano	10
yanyan	10
obufa	10
katamusubi	10
amamui	10
nkwu	10
yakyi	10
ansia	10
baawaa	10
nhyere	10
troo	10
nnompo	10
nanyaa	10
obisaden	10
obemiamia	10
baraso	10
tintintintin	10
sasasa	10
mesuroe	10
mapue	10
brennaa	10
nimde	10
wakakusa	10
mebie	10
womaame	10
enen	10
ayemforo	10
kurusu	10
madonnaa	10
wetemaa	10
fransoa	10
sereda	10
tufano	10
finya	10
efesua	10
biama	10
wokankan	10
opokuwaa	10
akadia	10
mabodin	10
komanso	10
kamonwan	10
moawareware	10
merekrakra	10
sronku	10
mereteateam	10
wantwiwantwi	10
aketua	10
kononnye	10
kaware	10
edum	10
neaman	10
futuu	10
demfi	10
neta	10
benu	10
babanne	10
nndwene	10
akebono	10
awomomo	10
nwoman	10
wodia	10
tesen	10
potokwani	10
luwa	10
apenkwa	10
abaakadi	10
motwitwaa	10
tuda	10
asafoanye	10
mamen	10
ewira	10
nosu	10
nantonaku	10
abunubunu	10
wenaa	10
nsue	10
moke	10
sesan	10
awaen	10
wonae	10
finni	10
awansu	10
wayin	10
afuwa	10
ntenti	10
ananyan	10
teemo	10
pomeranian	10
prohibere	10
nyinasin	10
tomete	10
mmayen	10
buram	10
primo	10
bronko	10
tebu	10
noten	10
weto	10
kokurareta	10
kaasoa	10
wetonka	10
kukudam	10
basere	10
terima	10
braso	10
sandaa	10
atuho	10
shiawasena	10
sayaan	10
kayano	10
makaseru	10
kawi	10
nitaa	10
maasakra	10
saeko	10
biarawan	10
teemu	10
shyaam	10
motomereba	10
poruru	10
tufu	10
mfinimfi	10
baaru	10
dran	10
enkwa	10
buam	10
mekara	10
kurabarara	10
edita	10
nhyaa	10
abaatan	10
suni	10
mediafire	10
kankaran	10
buni	10
dakwaan	10
pripada	10
wuoo	10
mue	10
wiawiaa	10
akwaete	10
yatutua	10
munnsunsuane	10
hyakunenkan	10
mporo	10
matoo	10
tooru	10
kosiane	10
kwaara	10
mamadu	10
makikomu	10
adaso	10
agyaani	10
mowui	10
nhea	10
wakariaeta	10
webedi	10
boraa	10
mentim	10
bukuru	10
awidin	10
moonkase	10
kaemasu	10
adayin	10
presa	10
babeanu	10
bisita	10
asuafoo	10
kunabaa	10
monkra	10
komarasete	10
nonam	10
paho	10
mafuraa	10
poseti	10
mmonwa	10
nnankron	10
somawi	10
matitia	10
ofebi	10
asuama	10
nntete	10
okori	10
awadi	10
kemuri	10
ananayase	10
kudu	10
atame	10
hapa	10
siriboe	10
koara	10
akwara	10
simu	10
ogunyinka	10
nwanna	10
muwa	10
okyehene	10
kwie	10
afeme	10
momodu	10
nwenwu	10
kokonekone	10
monteam	10
awaan	10
akwaabae	10
kuronikuru	10
afidi	10
amufi	10
mpofu	10
twinaa	10
ansari	10
buforowe	10
bonso	10
amoakoa	10
sikaduro	10
tintintintintin	10
womedin	10
bude	10
feta	10
wumme	10
kotua	10
kofutua	10
owurufa	10
payen	10
dapo	10
makomaso	10
baafite	10
weedon	10
shiro	10
webu	10
awata	10
katin	10
monsuaba	10
fukuramaseru	10
yahowa	10
kawase	10
apoomuden	10
gyara	10
manyame	10
koroa	10
krasa	10
bayaabaan	10
montre	10
tinta	10
koowa	10
sukum	10
nsanananmu	10
adiaforo	10
kasetofon	10
sedan	10
teben	10
dunyahenya	10
buari	10
wuin	10
fime	10
montoto	10
manabu	10
nsakyiamena	10
toosu	10
wakokom	10
nemureru	10
amoroso	10
efirayimu	10
suam	10
paese	10
kuanyin	10
prodi	10
nyankyerenease	10
butare	10
nkwaboa	10
mapaa	10
tekisasu	10
bahon	10
kreme	10
ahata	10
kaekaae	10
oyira	10
benda	10
medam	10
maden	10
adisa	10
muti	10
wonkwe	10
nise	10
nawi	10
nakra	10
wadwin	10
naabi	10
soofi	10
efeko	10
nafie	10
banahene	10
afema	10
dedenne	10
baede	10
akomamu	10
boabara	10
lutra	10
osia	10
nemdaa	10
mfama	10
waseem	10
nkami	10
maasa	10
yasinta	10
asadi	10
nedwaa	10
nedawa	10
akotua	10
wakete	10
shintosom	10
anwonyane	10
munaani	10
ademden	10
hanse	10
wusa	10
atiti	10
anyade	10
mampa	10
nawabari	10
kowe	10
motapa	10
adawi	10
apri	10
waen	10
monnome	10
nnisuo	10
adwoaasantewaa	10
dasom	10
manwa	10
anidi	10
preti	10
adwenepa	10
tesuto	10
mfirinwuma	10
pama	10
babasan	10
mmoframa	10
treasa	10
mehome	10
sakasama	10
fito	10
katakata	10
tomasa	10
ankore	10
noemi	10
mabaa	10
kede	10
awoyemi	10
senno	10
honte	10
hamdi	10
kuruu	10
sansui	10
samariahene	10
nuda	10
anoti	10
sorunu	10
dawite	10
tabora	10
betuwe	10
mpuse	10
merempo	10
tuwe	10
kenesini	10
asaam	10
shotokan	10
anwatiri	10
odike	10
koodu	10
amera	10
gyabeso	10
akuto	10
melatia	10
daremo	10
sowan	10
okodua	10
nida	10
asunsuane	10
ntuho	10
sradie	10
asumda	10
ammamuo	10
amanitore	10
baeta	10
koratwe	10
amanokrom	10
kundum	10
oprehyen	10
akyirisan	10
krataasin	10
aduanekan	10
akunye	10
nsakyeraho	10
moafiri	10
nkonko	10
wokwae	10
trenton	10
fuuma	10
ayede	10
mmono	10
nkani	10
dewe	10
abito	10
afemi	10
nako	10
bannaa	10
antwikwaa	10
hoankan	10
sonkosuo	10
oguanten	9
ogyayenten	9
wuraye	9
nkukuru	9
mekumm	9
pramma	9
anantam	9
sime	9
opatuo	9
duasa	9
ntafere	9
abedie	9
tikonokono	9
nkoka	9
wafiti	9
wakofa	9
okuu	9
asomorofi	9
asansa	9
adapen	9
ammue	9
nsuomu	9
merewu	9
amofa	9
baamu	9
ayebiakyere	9
asantewaako	9
osunson	9
madidi	9
meremmisa	9
bayire	9
krakum	9
anwonsem	9
ahensan	9
mandate	9
bonduku	9
nkukua	9
amponim	9
tatan	9
batani	9
nnoru	9
sanyam	9
awerekyekye	9
pana	9
bamu	9
amere	9
gyaakye	9
tibo	9
boe	9
kotokohene	9
mponoa	9
poni	9
boatin	9
yaadom	9
yankyira	9
eton	9
kekare	9
ahohodan	9
wini	9
wiawia	9
akuri	9
akyease	9
samori	9
memorandum	9
ahyiamu	9
awaso	9
ayiku	9
wunse	9
aseredoa	9
akrampa	9
nsema	9
aniase	9
adamfoa	9
senkye	9
ntenten	9
wammfa	9
nnondumienu	9
abarimawaa	9
nkyan	9
ntere	9
mfira	9
danidani	9
wonkasaae	9
tose	9
mehwehwe	9
abominate	9
ague	9
tikora	9
mmoaano	9
aboko	9
trene	9
akakyere	9
kapo	9
asorokye	9
ntwiri	9
ahodaso	9
manyam	9
okoko	9
ahera	9
konkoruwa	9
menase	9
twede	9
nean	9
burokyiri	9
hakim	9
mmurunkum	9
nkwaseafoo	9
mekooye	9
abako	9
asuae	9
wanwen	9
nkahyemde	9
akohene	9
abotoase	9
ntonko	9
buruburu	9
nsisimu	9
ntenyi	9
apaso	9
nndwen	9
worebewu	9
masenka	9
atamoda	9
nwenwene	9
deke	9
morose	9
prama	9
oboni	9
asaka	9
suare	9
bakye	9
duforo	9
edim	9
anammon	9
okasatia	9
wataten	9
nhankra	9
afude	9
horoo	9
aduennunum	9
bepa	9
adeba	9
akaekae	9
wonnsesa	9
kafoo	9
nsomu	9
mawan	9
andan	9
wadwendwene	9
wohwehwe	9
nkua	9
twintwintwin	9
atweaban	9
deae	9
ahiman	9
abesiesie	9
nyamesomni	9
mmafoa	9
nhyiaa	9
brianne	9
anite	9
korakoraa	9
akokunkum	9
odunsinni	9
bodu	9
nyonmo	9
asafohen	9
wodae	9
adwoodwoo	9
atutenadi	9
deeam	9
munsian	9
ammpa	9
basaabasaa	9
ahesa	9
nibo	9
mekekaa	9
yawuo	9
awewe	9
woroni	9
edukro	9
ahodannan	9
maase	9
kanasete	9
mumpue	9
ahiafoo	9
ahwohwi	9
wunne	9
naraa	9
nnaya	9
meamakye	9
daabiara	9
wokohyia	9
sokan	9
temasu	9
obaani	9
odediani	9
sundari	9
wubepue	9
nenne	9
barimaa	9
biaram	9
aguru	9
shiren	9
senne	9
amafa	9
mpaayi	9
deti	9
momfata	9
nuho	9
ahomma	9
monsen	9
futuna	9
botomu	9
paawa	9
tutua	9
biritwum	9
woae	9
nien	9
kwintie	9
mewoe	9
moderu	9
ahoya	9
meahakyi	9
hwirema	9
akintonwa	9
panoo	9
ogyapam	9
sohaa	9
andeha	9
apenesie	9
mohoa	9
enyimpamu	9
wonto	9
tirano	9
yaanka	9
nsani	9
enntene	9
sentiase	9
tieni	9
beare	9
sreka	9
finnsintie	9
denari	9
mabiara	9
ntentie	9
benkyo	9
woroko	9
sonowonko	9
nsabae	9
mahwease	9
suruu	9
sesam	9
nkataasia	9
ahenwa	9
merentene	9
shiri	9
bahyia	9
tomeru	9
nwamaka	9
nontradwoman	9
tipoo	9
katoon	9
ntaate	9
kasoro	9
monkwanamu	9
afrehyereapa	9
wataa	9
makyo	9
merekohyia	9
ammenda	9
ewuraa	9
wankyo	9
adean	9
abida	9
tunika	9
akatia	9
wohoa	9
nomeba	9
nookie	9
koya	9
merekora	9
tiem	9
mofire	9
broda	9
boatae	9
edieke	9
wakware	9
boafoa	9
menyinkronkan	9
brom	9
ammuwam	9
tonae	9
mfrankaa	9
kwaadonto	9
wonnyan	9
suenaa	9
seamo	9
nyatoto	9
berabere	9
mansuri	9
wootan	9
sason	9
wofurafura	9
motia	9
dramma	9
nkatanim	9
mekoraa	9
abondano	9
ansomaa	9
sirona	9
adakamu	9
woodwoo	9
etwitwa	9
meresian	9
oprema	9
abuasua	9
nekraa	9
aweesome	9
kampen	9
siawase	9
brake	9
kumiwaa	9
fremmede	9
awarena	9
suannin	9
wuduae	9
naame	9
bedwoom	9
nnwin	9
sradeduane	9
woahene	9
akademi	9
wunde	9
dero	9
mebewu	9
fuaa	9
brebere	9
adwaberem	9
akani	9
shikwa	9
anadwe	9
okwumabua	9
katekyo	9
yarareru	9
sheeku	9
goni	9
neasan	9
kokufuku	9
banaba	9
moremfi	9
agyem	9
parisien	9
somamansan	9
neatorama	9
woanso	9
afowa	9
wearin	9
anamaria	9
niso	9
nkantankantan	9
pradaa	9
senin	9
totoe	9
konkyo	9
hakomotokan	9
asaseaea	9
hutuu	9
anyakwan	9
takyibea	9
memia	9
bowe	9
poora	9
bedwinnwen	9
nosom	9
komaso	9
akwaseho	9
wakasama	9
birannaa	9
kabikabi	9
amna	9
kondom	9
bronka	9
nkontommire	9
awuraso	9
deserae	9
bankosu	9
mmpoano	9
yarebi	9
bibiabi	9
ninsa	9
obaapanyin	9
mubebu	9
ntoteboa	9
femma	9
yake	9
saabaru	9
badware	9
beretoforo	9
brano	9
mpenatwe	9
mekaasa	9
akaban	9
wodianka	9
antonyan	9
noonya	9
sabakoe	9
moadan	9
bonyi	9
bawua	9
okoma	9
mekata	9
tesaa	9
dawubo	9
kahataa	9
maari	9
enma	9
adiawiakoye	9
nuae	9
apontodan	9
twui	9
kaadu	9
katraye	9
nwina	9
abaabi	9
akabanaa	9
saaba	9
mareen	9
damo	9
mahye	9
koreaboo	9
yoto	9
atomude	9
gyenennyenen	9
wantam	9
akoro	9
adata	9
nadani	9
srafu	9
goyim	9
mehenna	9
anatano	9
aniba	9
yametara	9
kaaram	9
aberebiara	9
meron	9
fumidase	9
sudani	9
nitin	9
aduware	9
kwinti	9
fureru	9
monkwan	9
wonkam	9
makafu	9
munua	9
neema	9
katenya	9
maane	9
anamua	9
bosen	9
tawuu	9
wonoaa	9
awoyera	9
anaka	9
munnsuo	9
mosin	9
nkwantabisa	9
ensui	9
tumase	9
tabemono	9
nakusu	9
mense	9
katina	9
wooko	9
surasura	9
akawui	9
asiana	9
seruu	9
afrasiabi	9
fuka	9
obesian	9
abem	9
adwam	9
monyinaa	9
maaru	9
tamannaa	9
akekakeka	9
nyankumase	9
akoase	9
paaso	9
afoso	9
nyena	9
pahoa	9
tonaete	9
ababanna	9
wuuro	9
huiwu	9
shiwoo	9
kwatrekwa	9
wennie	9
sito	9
aniaa	9
selam	9
biarawati	9
wahome	9
bedum	9
tuaka	9
nyamebaa	9
yaburu	9
anyamewa	9
batuu	9
wonkyere	9
sorosoroni	9
amabere	9
ntontonnan	9
woosie	9
makata	9
mmike	9
akatani	9
mosie	9
sundi	9
mufa	9
akesesem	9
nutum	9
kroatia	9
adamnan	9
sikati	9
nnaen	9
ntontantam	9
naati	9
oguayo	9
hodwoo	9
kria	9
paasam	9
medeni	9
asoyan	9
adibi	9
lundi	9
haani	9
wootie	9
afiani	9
obaato	9
nkyeneduru	9
asien	9
niama	9
okusan	9
sitaani	9
okimi	9
oboapa	9
dafoe	9
ampofowaa	9
duwe	9
tento	9
konnani	9
tatiana	9
bakri	9
ayindi	9
tawanda	9
menuabaa	9
wamu	9
wanaka	9
daesa	9
takahye	9
luanne	9
nyaho	9
afaha	9
nonoo	9
ahamadi	9
menaka	9
oden	9
medini	9
wanemuru	9
bitaani	9
nuonyam	9
kontan	9
asasasaa	9
odofoo	9
noraa	9
bunaa	9
akuse	9
funade	9
krise	9
baata	9
nkoransa	9
ayeduase	9
memeneraa	9
ahehia	9
nkuroo	9
opokua	9
kasaneru	9
dawide	9
mensura	9
bufi	9
nwafodu	9
tafu	9
funkyera	9
maro	9
sanson	9
anonsu	9
podia	9
gota	9
poori	9
naenae	9
nesaa	9
namoradaa	9
bolaa	9
akinade	9
okamoto	9
woam	9
ahasata	9
yasufumi	9
egyima	9
wakui	9
benyae	9
dahaa	9
funkan	9
wokye	9
kaman	9
sunman	9
feni	9
bedwam	9
nnwum	9
yarina	9
abufudaa	9
newie	9
sotware	9
bikuu	9
komon	9
nkowura	9
anisoara	9
annsom	9
amputeewoman	9
annamae	9
dakoda	9
akawaa	9
eduwa	9
meditaa	9
meehan	9
funkye	9
hamara	9
serinya	9
saama	9
tiase	9
waban	9
nneamaka	9
wanum	9
handa	9
twim	9
pretende	9
biwoman	9
mammo	9
abonaba	9
antonino	9
kadetintie	9
duna	9
nabawi	9
nakoda	9
nuba	9
merebebisa	9
yaaden	9
afewu	9
yontoo	9
waman	9
yanyaara	9
sunwoo	9
mesui	9
fekete	9
nuse	9
nubi	9
wotwen	9
asarebea	9
ludu	9
okyekye	9
dedim	9
bakyikyi	9
suwandi	9
anyinya	9
karae	9
hukasa	9
aniam	9
wawi	9
kesian	9
tinaa	9
akubue	9
gori	9
sofomaame	9
enowaa	9
aminu	9
mokra	9
naamani	9
batoo	9
wanyama	9
wuapa	9
abaku	9
daakyebi	9
wuantum	9
momente	9
makarem	9
owuwu	9
korokoronya	9
ayewoade	9
woyonko	9
muubaa	9
akyeri	9
nooto	9
akaru	9
hudu	9
agyewaa	9
haria	9
komfiekare	9
funde	9
shabo	9
honkuri	9
anubi	9
afaan	9
adanto	9
dewin	9
sukuwareta	9
madoma	9
yosoo	9
menanti	9
mamfrani	9
kanno	9
hohom	9
ninkare	9
ahonam	9
satwika	9
neesen	9
baebi	9
honiara	9
bonitoo	9
sanon	9
tufuhene	9
demu	9
kwabon	9
ahinkofikrom	9
karui	9
abonnenten	9
kwako	9
suhaani	9
tahan	9
kwakyewa	9
bayin	9
nyamesem	9
abomosu	9
furano	9
abonsamnoma	9
mahotoso	9
kasino	9
wakamono	9
bateria	9
entrata	9
satoko	9
sowu	9
frente	9
motwani	9
adanma	9
mamea	9
mansura	9
sru	9
baano	9
boato	9
nyapan	9
saro	9
andani	9
kadin	9
ayensua	9
amaadi	9
mehedinti	9
bikinni	9
ponni	9
amansa	9
nooa	9
murino	9
sarena	9
okyara	9
aboraya	9
asooden	9
kuroe	9
paraben	9
annini	9
mahamadu	9
kokoso	9
soman	9
obafemi	9
oboeteru	9
gyadu	9
awume	9
akotie	9
anyimadu	9
adunyame	9
soase	9
kumoo	9
yaane	9
waruku	9
abunuabunu	9
montano	9
medida	9
afrekete	9
frantumi	9
kabusu	9
boohene	9
abotoadura	9
maruu	9
suure	9
buron	9
tedam	9
pronom	9
benabo	9
mampanini	9
keha	9
awomoyi	9
suwe	9
nwude	9
deha	9
hokani	9
amankona	9
lufa	9
serotonin	9
prensa	9
ansamaa	9
osomfoo	9
kuronkuron	9
adokwaa	9
nsenkwaa	9
nyowa	9
bakura	9
afran	9
tiwi	9
nsawa	9
tabua	9
amanyoni	9
sebadia	9
bikri	9
mommubu	9
asubontene	9
nnsane	9
adwum	9
benita	9
ayoyo	9
nankana	9
oyaredom	9
pomaakrom	9
asimpa	9
apomasu	9
ameka	9
ntane	9
baabunu	9
ahomatrofoo	9
atirimpo	9
koteboto	9
tweaso	9
mmeresantene	9
nsira	9
manakin	9
butuo	9
nipakum	9
gyantrani	9
dadeben	9
anodie	9
nkaebo	9
tiaso	9
nnuanenuro	9
akuka	9
ahenson	9
ahannson	9
ahenum	9
ampratwum	9
asakyera	9
ahahannuro	9
shibam	9
agyawaba	9
wofaba	9
nhabannuro	9
ahoruo	9
anikum	9
sunani	9
kwaadubofuo	9
nkantankoraa	9
mfofowa	9
ntaasotire	9
wososo	9
opoo	9
akyerema	9
okyerekyereni	9
merennidi	9
morebetwa	9
asukuufoo	9
monsore	9
brofere	9
dufa	9
hunoye	9
kokooko	9
yaako	9
polite	9
wantwa	9
nteaa	9
aberewatia	9
oban	9
nnaye	9
mpaem	9
papapapapa	9
nkukuwa	9
mmaadae	9
tenase	9
tipen	9
atekyem	9
masoa	9
ntanu	9
oworoo	9
betoo	9
mmfre	9
akotokyiwa	9
asesesem	8
ateaadonko	8
kwantwa	8
asasiso	8
makeda	8
mennue	8
akasabebuo	8
banwaa	8
kehoe	8
nyindam	8
kayira	8
adwenentuaso	8
ahinnum	8
asomodwe	8
nhwesuo	8
nannsowaa	8
twitwaam	8
efisem	8
odam	8
boniaye	8
desua	8
anwona	8
worennidi	8
wofaase	8
swinton	8
owofa	8
suom	8
tokwa	8
nntie	8
abekyere	8
kasaye	8
ntaferentafere	8
aton	8
berebo	8
okraa	8
gyiren	8
kaaho	8
kankara	8
ampata	8
ntikora	8
toku	8
oboroo	8
wasore	8
nhaha	8
mmoammoa	8
abese	8
oforiwa	8
aboafunu	8
nkonnya	8
mfitaamfitaa	8
tetewa	8
ewin	8
kurukoro	8
nketea	8
annum	8
akyerensua	8
srenkasa	8
nyaadowa	8
nnonnan	8
oprem	8
wotere	8
menyo	8
panyini	8
motoka	8
nken	8
waaka	8
waawie	8
kekren	8
owira	8
nsansa	8
nsise	8
ahamatwe	8
anokurokuro	8
worawora	8
atwoma	8
dabanka	8
twerebo	8
dadeesoaba	8
afrani	8
atiwaa	8
atasomanso	8
dahan	8
weaken	8
akyam	8
swum	8
ofem	8
wuwan	8
obedum	8
anito	8
deebeba	8
buaben	8
tweneboaa	8
enson	8
benna	8
atono	8
osamaa	8
ahyemfiri	8
sukom	8
mfere	8
wonse	8
abarabo	8
abofu	8
poka	8
katua	8
kaekae	8
nnimmo	8
mparunwoma	8
afase	8
dumma	8
mammeto	8
wohoro	8
medum	8
akasea	8
nusuo	8
hyehyeehye	8
bori	8
kafam	8
besepa	8
atutuo	8
enini	8
nsunsuansoo	8
tiatwa	8
abare	8
kasanyansa	8
anuoden	8
birebire	8
akwansoduan	8
bradato	8
baron	8
osuka	8
asepatere	8
asafoku	8
koranom	8
mabora	8
bafaa	8
edam	8
asennamme	8
wewere	8
sareso	8
adenwene	8
ntwato	8
oguammere	8
pofi	8
ketewabi	8
okwapae	8
adinam	8
watiri	8
tewa	8
mpaepae	8
nkaekae	8
watwere	8
afare	8
lusitania	8
osese	8
nannye	8
toatoam	8
nyinya	8
adwere	8
mudua	8
kunta	8
wesewa	8
ntoatoam	8
nsunsuansu	8
nkorofoo	8
tiabea	8
wokodui	8
merenkum	8
fumesua	8
wufie	8
bebiri	8
wabedane	8
nnsesa	8
aweredie	8
adaaso	8
atorofoa	8
sankabea	8
enntumi	8
nkurom	8
mmaho	8
abehye	8
ahomfia	8
bahakye	8
ahimakye	8
kwatrikwa	8
edetwere	8
meboro	8
meboroo	8
nhwenepa	8
nkusukum	8
sofoo	8
ntokowa	8
ntue	8
madome	8
mokyini	8
kohyiraa	8
momotaro	8
duude	8
anyon	8
kaanan	8
atabase	8
womane	8
bibiribiara	8
worekyekyere	8
monsuaa	8
haenni	8
woatintim	8
weden	8
eguso	8
memnom	8
akwantuom	8
madua	8
wububuu	8
sukuunyi	8
akwakwaa	8
kaawu	8
woanwu	8
fiko	8
moretwe	8
nsuworo	8
naafoe	8
amenewa	8
melika	8
morubowie	8
moakenkan	8
antenetene	8
akoroteaa	8
britaniani	8
asaseduan	8
abaabu	8
sokwa	8
tentan	8
meredwennwen	8
monntwa	8
kuwabara	8
worensom	8
abuka	8
nasirini	8
aburosiam	8
mankyin	8
nyinsua	8
ahimirim	8
gyeeben	8
manemane	8
wubesu	8
wohonam	8
naeba	8
worebedidi	8
monkaakae	8
biankaa	8
ankwati	8
masetra	8
bisante	8
owareru	8
mmrapa	8
yasua	8
abake	8
safon	8
sensane	8
nanankansowanom	8
mahoahoa	8
numara	8
woakyia	8
bakam	8
ntintim	8
nitori	8
atatame	8
biwom	8
wamfi	8
obehwie	8
monsim	8
tatraa	8
wodara	8
wantede	8
boten	8
ntatea	8
kronkroni	8
bosa	8
trannin	8
wanoo	8
nnanom	8
anikyie	8
wankwati	8
soonnye	8
mperewa	8
wankin	8
wunyin	8
motiatia	8
momone	8
awieaa	8
sukunsa	8
animnu	8
wonkowura	8
wiafewaa	8
betapa	8
abosa	8
obiete	8
sawe	8
aweawe	8
tumako	8
bedwiraa	8
subida	8
akuan	8
ahofam	8
kwuan	8
kanaya	8
baaden	8
nhyesuo	8
worete	8
anamma	8
wosui	8
kamare	8
sintiese	8
abadwema	8
bino	8
barapaa	8
komennya	8
pame	8
krataaba	8
tisu	8
ankawu	8
afreen	8
mommpere	8
mubehyiam	8
wuuru	8
kadwa	8
samra	8
mutuum	8
awono	8
nkorin	8
wiade	8
mfora	8
abirahamu	8
duaaen	8
banaanaa	8
kumputa	8
monsesa	8
wameke	8
sransom	8
wanene	8
mmaase	8
ansae	8
nuti	8
wokabooma	8
andere	8
yarema	8
mpayin	8
menakuru	8
kasiko	8
wooro	8
matem	8
nsadweam	8
nusunde	8
mmde	8
paawaa	8
akokra	8
anonimo	8
neana	8
okuku	8
munti	8
futi	8
tofon	8
weae	8
etubom	8
saarede	8
mukramoona	8
kwantuni	8
kotia	8
sinne	8
kasaboa	8
atwedie	8
kamome	8
sedoka	8
biabia	8
hondaa	8
temam	8
wonwen	8
wokonyaa	8
osuru	8
afofie	8
hamesa	8
nyamen	8
baritam	8
nehem	8
asatan	8
wunkuaa	8
anirae	8
obonyo	8
tenya	8
biaya	8
tonko	8
nnamaa	8
merennu	8
bitwin	8
yakuwari	8
owuom	8
nkonson	8
konson	8
kentake	8
potatoe	8
merennan	8
efonte	8
mesubuta	8
makarenko	8
odaabo	8
adamfomame	8
nketoa	8
antonina	8
maram	8
horom	8
poho	8
aguantoo	8
namenna	8
yaaraa	8
woodwose	8
nenuanom	8
nhyiaso	8
woawoa	8
nkuwankuwa	8
nedofumi	8
agyam	8
nsumaamu	8
wofam	8
akohwie	8
nedenka	8
nununu	8
afru	8
futute	8
komme	8
wonyinaa	8
sakrasakra	8
momidi	8
mfimfin	8
awisiam	8
atoatoam	8
takraa	8
afem	8
montoa	8
detaa	8
manmarui	8
brie	8
aturan	8
mmerima	8
okosua	8
wooho	8
akwaababafie	8
amitie	8
afikim	8
natanya	8
ayinwofi	8
nemmere	8
banaan	8
akabari	8
atitude	8
hodoku	8
meana	8
munnuma	8
sukuanwu	8
abadaa	8
braase	8
ahanne	8
mufin	8
mfida	8
merintie	8
awomanda	8
wasum	8
wenom	8
wonnwom	8
kwano	8
adehyemmaa	8
wuwendaa	8
nnunnu	8
nnunuu	8
amfu	8
kumaase	8
awuante	8
owoso	8
kasabi	8
somukeru	8
paba	8
annamme	8
mosia	8
ntendi	8
wahare	8
hamdam	8
akande	8
akyeam	8
obotwa	8
trea	8
anake	8
asotwie	8
bakoro	8
sayari	8
mahaya	8
humma	8
pronto	8
mmpam	8
besum	8
menkata	8
nukata	8
nkusu	8
transu	8
mawi	8
nyema	8
weekendowa	8
naaku	8
maaraa	8
nyansanyansa	8
banyinyi	8
tanka	8
konua	8
okomi	8
sikadwene	8
mofoda	8
asibi	8
abise	8
anwamoo	8
awante	8
tomu	8
bentua	8
obuabo	8
nuea	8
towani	8
wummin	8
odian	8
andante	8
tweapea	8
kasikan	8
wero	8
tawawa	8
mpepaho	8
nhawi	8
adesam	8
nyako	8
obaabi	8
nakyia	8
berede	8
anwadawada	8
buraayi	8
yamane	8
oposom	8
worempepa	8
ampaapae	8
tenni	8
durarara	8
dufufufu	8
akomi	8
womanwise	8
narakoko	8
aheri	8
gotin	8
entedi	8
kwante	8
mmuo	8
abusuan	8
seneen	8
maboso	8
sannaa	8
ananaa	8
webui	8
asayasu	8
nadui	8
awuradae	8
mpeabo	8
woanante	8
tosorosoroni	8
paakurene	8
obina	8
botaa	8
maante	8
momom	8
wakanyan	8
wunnae	8
mmonaa	8
tuunsoma	8
krayem	8
yasuna	8
adanima	8
akabua	8
mpaepaemuu	8
bosoen	8
mumude	8
afaana	8
nyika	8
hafa	8
naram	8
saseta	8
dankwasere	8
tiponya	8
ntintin	8
nuna	8
atokotwa	8
botwam	8
obinasom	8
animen	8
bedim	8
koronde	8
mapepa	8
nabum	8
nyaase	8
todoka	8
nnuoma	8
kwabedu	8
fetaa	8
monwe	8
awakura	8
asafa	8
wahoni	8
moniko	8
wuanka	8
hunna	8
asaaba	8
daakyehemaa	8
wumin	8
okorie	8
woomam	8
kenkano	8
okosareru	8
tuatara	8
saren	8
apaka	8
brehon	8
teere	8
nwayi	8
nuita	8
akamanade	8
medokan	8
kasete	8
shadaa	8
kasaneawase	8
gyoona	8
wooaa	8
naadaani	8
trui	8
okotaru	8
shokuba	8
ampepa	8
paayia	8
akie	8
kuramu	8
sabiaa	8
adedunni	8
bedin	8
twumasiwaa	8
koora	8
woasusu	8
sarenka	8
merinda	8
nhen	8
nhoro	8
abirekyire	8
kadena	8
kowaku	8
mehyiraa	8
potente	8
frikin	8
nnama	8
mmrika	8
akyare	8
suadu	8
ahomari	8
manmaru	8
bunmi	8
atrani	8
wonsoa	8
satori	8
sodateru	8
kwakyi	8
osumi	8
akasawa	8
animaba	8
basuke	8
woduae	8
wonkawoo	8
mmokaa	8
maea	8
ahomakyi	8
taata	8
drame	8
yaria	8
meason	8
wonkoo	8
haku	8
kenyon	8
soram	8
sakin	8
kenanna	8
abomasum	8
anyaayam	8
akokohwere	8
koorayi	8
anweaso	8
nnene	8
medema	8
seneka	8
katasumi	8
abonnie	8
ahiti	8
funikura	8
wonnapa	8
karekare	8
monono	8
nayamu	8
waasu	8
deatra	8
kofabae	8
mfota	8
kookie	8
bikaaera	8
wiru	8
komanam	8
pakra	8
akrabon	8
ayemfro	8
moana	8
obodu	8
anisimaa	8
ayoo	8
toraa	8
banneri	8
efendi	8
nakam	8
buronyadi	8
mpompo	8
awoyinka	8
nnude	8
asomdweehene	8
tahye	8
wuapo	8
katri	8
anaana	8
meammaa	8
adontehene	8
amiamia	8
safuwan	8
kohoma	8
luru	8
hohohohoho	8
merona	8
dadua	8
anono	8
panowie	8
yankra	8
duabi	8
owom	8
amaraa	8
kodwira	8
mommotabota	8
harukasu	8
aborokyiri	8
wakarimasen	8
komanya	8
beno	8
wawui	8
sentra	8
akyima	8
hokwe	8
nkoni	8
nkrataafa	8
tibetano	8
nnubia	8
beede	8
baanono	8
aharen	8
beme	8
woyewoda	8
tabitabi	8
nibeditaa	8
nkowa	8
howu	8
mowoo	8
toosiaa	8
gohan	8
yakofikro	8
boosie	8
tiapaa	8
twanna	8
nawoaware	8
nhiam	8
mohyin	8
korin	8
wuufu	8
sikari	8
awaare	8
amade	8
meesua	8
mammaa	8
seha	8
mamdaero	8
mfae	8
tanda	8
denyaa	8
okonta	8
maayaa	8
tokasu	8
bannanabana	8
osasere	8
nyoo	8
wanwaa	8
atutum	8
nharea	8
abayomi	8
nemfa	8
deeri	8
bikie	8
haso	8
yawan	8
yomo	8
ewurawura	8
yaran	8
kuramae	8
tomare	8
asomaba	8
adapan	8
ntrantraa	8
briten	8
editie	8
lutan	8
kookaa	8
yoakam	8
saania	8
ahonnan	8
tooro	8
asafoforo	8
yodea	8
afonam	8
husum	8
sidaa	8
woowa	8
aduankonten	8
makuro	8
besuso	8
akwaabum	8
nndua	8
hanaya	8
masutaa	8
manawan	8
adenaa	8
kasomo	8
tetebedi	8
tomaru	8
nninitaa	8
firebase	8
kaate	8
naturo	8
sanom	8
woretie	8
nwantintin	8
trawan	8
wataame	8
betere	8
meem	8
abankaba	8
nwabuike	8
gyakyiwaa	8
koronko	8
masahiko	8
bakoo	8
paraayi	8
mmansuro	8
hosen	8
nyaanyaa	8
timm	8
meare	8
anokuru	8
nikitaa	8
atanom	8
banneen	8
meredowa	8
kommatia	8
kawaranu	8
biwunya	8
atumu	8
nakon	8
ogyem	8
samano	8
atami	8
bemaa	8
muro	8
muiteru	8
asoyi	8
okera	8
mukuwarenu	8
trukaa	8
paapuru	8
menaba	8
hotoo	8
wanwani	8
parayi	8
hamre	8
gyom	8
nawie	8
memforo	8
obuom	8
kofikro	8
abonsa	8
seaho	8
mawuena	8
mmemm	8
tusa	8
moonwoman	8
soroe	8
neerae	8
kwantia	8
kotoro	8
osuframa	8
bandaa	8
yabaa	8
asease	8
mfasa	8
susuma	8
mubea	8
sukaato	8
bemfiea	8
barabara	8
hunka	8
sadako	8
kamre	8
akontaabude	8
shere	8
ahohite	8
aduamoa	8
kenkaya	8
nkokwaa	8
kehinde	8
atasan	8
samini	8
shyina	8
owuna	8
soaware	8
suto	8
nwanyinnewi	8
fedora	8
hoyin	8
meredaadaa	8
fusen	8
mpuntudwuma	8
demetra	8
kutuu	8
ayanam	8
akokorawa	8
manyano	8
annte	8
parakrama	8
nimfomano	8
sinabi	8
nhiwaka	8
yoano	8
yomu	8
tabisuru	8
karafa	8
goofi	8
sanimita	8
momotoro	8
demonware	8
proye	8
haraa	8
taaba	8
abatan	8
kumika	8
franko	8
wuiwuiwui	8
aneese	8
karita	8
atri	8
aninoasa	8
wakeaeba	8
tinitini	8
atoron	8
bisia	8
yosue	8
panya	8
ninu	8
kudasa	8
monkoto	8
nakete	8
abokan	8
kaboam	8
kareru	8
nsuwi	8
moroo	8
efore	8
asuan	8
hadwin	8
kannae	8
nkyeresia	8
bonusu	8
harasu	8
nannanu	8
suika	8
adesoro	8
seku	8
mokumm	8
nsohori	8
memisa	8
winnye	8
baawu	8
wonoo	8
muie	8
kasan	8
enkanto	8
yase	8
nadwene	8
antakya	8
bannano	8
bukunya	8
sonua	8
afiaman	8
mentwen	8
medabere	8
kasabuta	8
bayaraa	8
nkansu	8
poron	8
asorebae	8
nadeem	8
nantwinoma	8
sakya	8
toransu	8
anianwu	8
amufu	8
hodame	8
bereku	8
monitoro	8
daapaa	8
mommia	8
temne	8
yataa	8
wuran	8
kunan	8
makon	8
hanmaa	8
ntehyewa	8
mfimfim	8
gohyaku	8
kommeni	8
buta	8
moom	8
nsiri	8
ntamaa	8
akaho	8
sanse	8
monnyane	8
ahedi	8
ature	8
takumi	8
abibinnwom	8
antoro	8
abanon	8
senkyerenne	8
komaku	8
nyanka	8
bahama	8
akatabo	8
awapasa	8
animma	8
firirim	8
aduannuro	8
abodom	8
narue	8
wumituase	8
tekyiman	8
duaduaa	8
asensene	8
senu	8
adiku	8
fuwari	8
akuoko	8
daware	8
antenni	8
anoyo	8
maabi	8
harada	8
apatampa	8
brede	8
abakwasem	8
andam	8
adeton	8
paawora	8
afofro	8
ahemmotire	8
wasawasa	8
ankarada	8
mamanam	8
bandito	8
ankasea	8
anwanwasem	8
nkaede	8
tintimm	8
katayama	8
nkankan	8
sawi	8
akro	8
mfonisie	8
meroe	8
napata	8
nsufi	8
wammane	8
dankyira	8
aboome	8
asafodwom	8
ntampa	8
awerehosem	8
duane	8
abibisem	8
yanoa	8
bronum	8
asutware	8
kwapaa	8
adwumayebea	8
nkrae	8
okunani	8
adinyira	8
tubaani	8
nkyenmu	8
krankakra	8
abotoyemo	8
afuomduane	8
kansie	8
nnaakyen	8
nhabanmma	8
kwaterekwaa	8
ayarehwedwuma	8
sinare	8
abadeakyire	8
sakyeraa	8
nnyarewa	8
nyankanko	8
mpanum	8
wesaa	8
metene	8
belafonte	8
ntakrammoa	8
ahyiadie	8
belarusian	8
hwenemusie	8
eduani	8
apesie	8
abemu	8
huo	8
mmeso	8
abontene	8
abosoo	8
osebowa	8
ntumpan	8
nkawurubi	8
kukuruu	8
sirikye	8
borofere	8
anosie	8
osukuuni	8
nkyimu	8
nnampo	8
operandi	8
odwanini	8
aboafufuo	8
besaa	8
mfamfinam	8
okotenaa	8
nkodidi	8
sorono	8
kuroku	8
obeduruu	8
wasere	8
asisim	8
bomofuo	8
awade	8
babawa	8
odane	8
sebania	7
nente	7
akyenkyena	7
mmetena	7
nsuakyi	7
toaye	7
abesen	7
memmisaa	7
akantinka	7
waken	7
goso	7
apapae	7
adankan	7
mmarakwan	7
wiewie	7
berekese	7
kutaa	7
monsakyera	7
mmfu	7
botene	7
okramandwie	7
tokota	7
hafuo	7
buom	7
osaa	7
noriko	7
anieden	7
katan	7
nkasoa	7
binada	7
nwuraa	7
apremo	7
ayete	7
adamfoo	7
efire	7
nnonnum	7
obaaye	7
fria	7
merehwe	7
edane	7
boronya	7
abirempon	7
atwea	7
mfena	7
funi	7
agyea	7
bosomuru	7
adadam	7
sunsuansu	7
dehyemapa	7
nyankonsuo	7
wiamoase	7
asenie	7
aserene	7
ntoam	7
keteketekete	7
aburukua	7
asense	7
kranni	7
aguna	7
mutaka	7
kundi	7
dayan	7
atwidie	7
mfataso	7
patina	7
abankro	7
femm	7
atano	7
dunwotwe	7
nimaako	7
gyakye	7
akwawua	7
noto	7
nwuie	7
hore	7
neboo	7
sumana	7
akem	7
wunwia	7
nsensane	7
nnannua	7
nkonnua	7
abansosem	7
anyankoma	7
kabaka	7
wunyi	7
wonkan	7
konmu	7
koram	7
sesea	7
korowa	7
nnada	7
adwem	7
afekae	7
sukyerema	7
nhyenmu	7
fuhye	7
okasaa	7
ewue	7
bebare	7
yaase	7
kompo	7
kodom	7
nkyaa	7
mesene	7
awunnyade	7
akaka	7
woawura	7
korodi	7
kwasafode	7
afabo	7
beteta	7
nsiso	7
okaakyire	7
komapa	7
nsiano	7
wokodi	7
poti	7
asusude	7
okam	7
nsusuho	7
nnipakum	7
apede	7
boaseto	7
akenka	7
awowaside	7
tenim	7
ahiafoa	7
abotafowa	7
akatasia	7
kosekose	7
woahyehye	7
obekasa	7
opofoni	7
satia	7
beran	7
aduonunum	7
paemuka	7
bire	7
nkwae	7
nsuonwini	7
odete	7
kankra	7
akadi	7
ntrapoe	7
nnakoro	7
mpemnsia	7
meman	7
gyabiru	7
sumie	7
okyini	7
nkoron	7
serewa	7
wabuu	7
yaayaaya	7
banea	7
waapo	7
wahwehwe	7
efoa	7
osede	7
somni	7
daaso	7
wayaa	7
menete	7
nsuaniwa	7
semina	7
wufiri	7
abanten	7
woansane	7
harisoa	7
adiebiara	7
adetonni	7
nsumu	7
nniakyire	7
watri	7
barimawa	7
wakaekae	7
modwane	7
wannane	7
benyane	7
senkyerene	7
nkontompofoa	7
nnkata	7
ahokafoa	7
momiaa	7
agumadidan	7
metraa	7
mfonitwa	7
kronkrommea	7
watwiri	7
nkosu	7
merensom	7
baea	7
wiri	7
okunten	7
wakyena	7
anwum	7
aduntire	7
mannyina	7
shino	7
anwoso	7
aseti	7
parin	7
asiako	7
mayara	7
mubepue	7
wubuaa	7
gyimini	7
parayaa	7
todokanu	7
hante	7
atentenatenten	7
nnina	7
kwantiaa	7
wudwennwen	7
wunkum	7
wueen	7
mawuo	7
akraye	7
wokanyane	7
memfra	7
afemuu	7
adufa	7
merekan	7
manawa	7
wommfi	7
abonini	7
wankame	7
akokrowa	7
nkwamu	7
kokoroko	7
ahwea	7
meadwu	7
nyaae	7
kaeto	7
okokunkum	7
wenkyewenkye	7
osekyerehene	7
susuhina	7
wokokum	7
woakunkum	7
koradan	7
gyatanini	7
abetiri	7
mfonoo	7
merepere	7
mandwene	7
antare	7
obesoo	7
woehyia	7
montwi	7
monyera	7
ateateam	7
woampere	7
monnku	7
ntamaban	7
katolika	7
okurae	7
deta	7
suha	7
menkwanna	7
wokuta	7
wontoatoa	7
wanwene	7
afrim	7
apui	7
asuane	7
moanyera	7
dahin	7
wubekwati	7
showini	7
wisiapunu	7
ahyase	7
hyiba	7
deedaa	7
ammanne	7
yantra	7
nkokoma	7
moamfira	7
woankae	7
muumuu	7
memenada	7
wooma	7
sansanyi	7
watasu	7
nsatiaa	7
abakofi	7
ahohiahiamu	7
akanyane	7
wuite	7
wabie	7
measuru	7
worensunti	7
wantere	7
entara	7
wawawawaa	7
menwonoo	7
mfidiedwuma	7
nnasa	7
mennunu	7
ensiane	7
biaara	7
mfoninitwani	7
asomasoma	7
nnwumaa	7
nyaaba	7
nwurakwaa	7
woanu	7
monntoto	7
nwonkro	7
odufowokan	7
meada	7
wuntwitwa	7
mokata	7
edidiso	7
ahataso	7
asoka	7
mutuare	7
biron	7
abudabi	7
sitesan	7
afiara	7
beduaa	7
adannaa	7
madona	7
tinka	7
kadare	7
bewui	7
odaseni	7
nomore	7
wanabi	7
netraa	7
kadwu	7
akotim	7
hwansena	7
obamaware	7
wanwansui	7
nkodaabone	7
hyera	7
daamaa	7
karunya	7
winda	7
ntadua	7
aderesen	7
nakabase	7
efra	7
melie	7
moakwati	7
mamafufu	7
ahorohoraa	7
dasan	7
mmamua	7
natunu	7
wokabi	7
makohyia	7
kokorowa	7
mesuu	7
mekusa	7
nwum	7
woatwi	7
menkoda	7
prawie	7
hanaseru	7
atemmude	7
worowa	7
wukyim	7
womman	7
awuewui	7
waniso	7
nkadi	7
tofa	7
matebenso	7
anonom	7
wewu	7
meduma	7
ensua	7
nsuontwahonan	7
namero	7
munwie	7
nibedita	7
wiwe	7
medeaa	7
amfata	7
afose	7
yafata	7
ahooyi	7
baamo	7
eguan	7
mutiatia	7
nyinkye	7
senta	7
amanase	7
seminua	7
enine	7
hwansa	7
abawaa	7
biraa	7
mebaeta	7
tedwu	7
kekye	7
sanwani	7
hataawa	7
buforo	7
ataaso	7
amenade	7
kukuma	7
mentenetene	7
batayie	7
kasoti	7
sorewa	7
fuma	7
hamaru	7
mmanu	7
tworo	7
tataabotaabo	7
derika	7
momohenni	7
musaae	7
wafuu	7
manika	7
wanwano	7
edwumaden	7
asiantam	7
atokora	7
wapae	7
ameani	7
noaboa	7
atataka	7
duenum	7
wasene	7
krasota	7
wokyen	7
wammpa	7
wekye	7
akwuba	7
mfurumnini	7
seasom	7
mooa	7
wohene	7
kameraden	7
gyadam	7
tanebi	7
okumu	7
drinkwine	7
enana	7
wotin	7
okome	7
demokrata	7
afina	7
mukeru	7
sareru	7
wokodu	7
mpasu	7
wutwitwa	7
kuunae	7
wasuasua	7
tuitui	7
adamam	7
egyam	7
atraae	7
sisina	7
funnyo	7
kooto	7
nkiruka	7
kenneka	7
ankyo	7
aguase	7
morennyan	7
shota	7
shinno	7
naabayin	7
sinini	7
nyipa	7
odasoro	7
politi	7
makuake	7
akwatiakwaso	7
baataa	7
kasasie	7
babini	7
nnkodi	7
swi	7
nawoo	7
mosesa	7
mfutukwan	7
takura	7
pamfie	7
wonkyerekyere	7
aseno	7
bosomedu	7
aboten	7
wikipediani	7
moturoa	7
wunian	7
atemuo	7
siru	7
paari	7
obaabo	7
hakasama	7
abatabata	7
soabo	7
betwitwa	7
subata	7
edite	7
nyebo	7
hotwa	7
yaada	7
tonite	7
osuan	7
tomason	7
bonsuso	7
wokodwira	7
tintimman	7
mesanna	7
kokotako	7
asara	7
anaabia	7
edwumako	7
bantaa	7
mmaraden	7
prenne	7
ahwinahwi	7
koankro	7
takata	7
yabeda	7
duim	7
editoro	7
paaka	7
adwiradwira	7
sisinka	7
ahomatia	7
nwanso	7
kosusoo	7
akene	7
atoyebi	7
kewa	7
yanda	7
woaawoo	7
wadware	7
ediboho	7
bankyi	7
nabaso	7
homehonda	7
prosate	7
ntafoayie	7
konkasa	7
taduma	7
treatin	7
nkwaakwaadabi	7
biare	7
nahaa	7
afeare	7
ahoti	7
melaka	7
pawaan	7
batae	7
mowua	7
abore	7
kenenka	7
abuaa	7
ayama	7
adoaa	7
wohen	7
nyawa	7
ahoton	7
kasin	7
nehan	7
antintim	7
nawawi	7
anekataa	7
annsofi	7
sakusen	7
anyimnyam	7
pabon	7
beano	7
nwanime	7
haara	7
etom	7
sayi	7
kafara	7
sofuto	7
munamoto	7
bantuannya	7
kunuba	7
anantenante	7
mokuba	7
saho	7
wosusua	7
wokoa	7
akyina	7
nnanedu	7
adeasa	7
menkyekye	7
papamoa	7
nkreti	7
mensusu	7
daabaa	7
ayapa	7
atwua	7
ofiti	7
fipo	7
wuwa	7
wooram	7
oboho	7
biwu	7
numma	7
buko	7
harum	7
editan	7
nnata	7
tuban	7
nyamakye	7
wurui	7
niwi	7
amoaku	7
nkuntunu	7
fiata	7
dadibi	7
kaaha	7
namame	7
asanta	7
sonata	7
wubin	7
daaro	7
nwuwui	7
anyansasem	7
kronoo	7
mpade	7
asemfoforo	7
premapatra	7
yonsennen	7
nuraseba	7
wunman	7
toraereba	7
kunatam	7
mfaam	7
dampoo	7
nooni	7
dren	7
transo	7
dayin	7
godini	7
mpreaso	7
maanya	7
ansuaa	7
anwowa	7
yammie	7
medona	7
ofuma	7
kakaekare	7
awesomo	7
deepen	7
mmabie	7
suntem	7
ogyin	7
haere	7
paamu	7
memom	7
mahoni	7
okwuoma	7
saekano	7
temmen	7
simeam	7
nowaa	7
kantankye	7
kameni	7
bason	7
huebi	7
kenkaye	7
banim	7
bewene	7
hutanea	7
braye	7
sukuna	7
yahiko	7
awansan	7
gyanea	7
kakayi	7
fewui	7
wokumm	7
banta	7
awuda	7
duran	7
winiwen	7
nyaam	7
saraapaa	7
dasuna	7
saadon	7
nwada	7
akosoma	7
takoda	7
nanoo	7
suriru	7
amawom	7
dumisani	7
kununu	7
keenan	7
akwampaae	7
nyankode	7
kundu	7
nnodu	7
woresane	7
asomaniwaa	7
obiwon	7
hanabie	7
swaa	7
sasowarete	7
benatia	7
asuda	7
ahahaa	7
posekyere	7
wosono	7
trie	7
sikafuturo	7
bieen	7
daana	7
mmpaa	7
luto	7
hanasaku	7
demitiri	7
mentoo	7
kakwa	7
ahaana	7
ntiede	7
ntafu	7
nkawu	7
teaseteasetease	7
nnanwa	7
akinware	7
ahadu	7
wuubaa	7
pantanito	7
posuban	7
desamma	7
amanada	7
kewen	7
afinsa	7
okese	7
papatayin	7
wowere	7
konkura	7
kasiaa	7
wodeham	7
katawan	7
awiara	7
susano	7
momon	7
mfieso	7
sukuuno	7
shyi	7
nyaamm	7
atubena	7
woahiahia	7
ewuradi	7
potomanto	7
nwawa	7
mmemaha	7
asemu	7
nkyo	7
katase	7
adoresu	7
manwani	7
sukyi	7
mpapadan	7
menkare	7
ahoora	7
kanadaa	7
teese	7
abufom	7
bruin	7
wokon	7
okunma	7
sati	7
dawudi	7
wuhwie	7
adumdum	7
bewafaayi	7
ankyara	7
berebene	7
akonyanko	7
kumite	7
ntiti	7
wemi	7
awuransa	7
koriban	7
moatete	7
okoduaa	7
taberu	7
bedona	7
trontrom	7
nnooso	7
wontume	7
parakoyi	7
amfani	7
soroako	7
nerawareta	7
noman	7
amutenya	7
paakoma	7
biani	7
abisu	7
ammane	7
medora	7
mamanya	7
bankya	7
owuara	7
droomfoto	7
amankora	7
yosuke	7
amamenya	7
hoku	7
akwadare	7
nudi	7
yanne	7
temporada	7
hure	7
momaso	7
selase	7
kakyire	7
tuni	7
nkokunkum	7
afeaa	7
sakuran	7
kankare	7
tufaan	7
wakyea	7
anae	7
mammfero	7
hotin	7
kwesida	7
wotiatiaa	7
dunkan	7
kowareteku	7
nanae	7
akaan	7
adino	7
atetare	7
sukuidase	7
sarapa	7
apum	7
kraboa	7
dukwon	7
ntwari	7
akramakram	7
abasin	7
semmana	7
apose	7
amonmu	7
pabaa	7
deesa	7
nnaama	7
etutuu	7
nekonyaa	7
wusaa	7
wakadanna	7
ntoko	7
gyamaa	7
nindaa	7
furuta	7
kakatua	7
bianko	7
anansewaa	7
sukaa	7
nyindu	7
webea	7
nkoaba	7
drennan	7
bomfa	7
numan	7
sunnye	7
karene	7
kwana	7
aniade	7
enyene	7
muoko	7
tokro	7
abonati	7
bakakye	7
danda	7
yarim	7
kutua	7
nsikan	7
abapa	7
wirindi	7
makwae	7
yaayi	7
warawareteru	7
maniso	7
afrimata	7
nyine	7
mawuwani	7
nanaanom	7
atesua	7
sennuan	7
etienne	7
srebie	7
wanuonyam	7
noka	7
sayam	7
hanasa	7
okyakusan	7
kenapa	7
paapuaa	7
komana	7
tamanna	7
awawi	7
sikadwuma	7
haneen	7
yaron	7
menku	7
demmi	7
funmi	7
afrade	7
boohoo	7
bedeni	7
atuanya	7
tumme	7
sarandon	7
nnmu	7
wuubi	7
wakyin	7
pantano	7
wammo	7
gyaradosu	7
shae	7
samane	7
wowonini	7
botire	7
wisua	7
shaabi	7
wadwumayeni	7
woosan	7
kooru	7
saano	7
kankyaku	7
tweeti	7
wowari	7
sabin	7
anikin	7
ponse	7
wotume	7
patronne	7
afeti	7
lunsu	7
abaasaa	7
akarin	7
toenkan	7
hosu	7
twitwahwe	7
awede	7
daanaa	7
fiaba	7
mebaeso	7
nnmfi	7
bunya	7
kwonkan	7
animeke	7
ahinsa	7
bitua	7
woremane	7
kunnu	7
monkaa	7
awesone	7
nnyare	7
holaa	7
nkanta	7
menon	7
sasura	7
owusuwa	7
tikoraa	7
kammi	7
bikasa	7
tandini	7
kesa	7
furete	7
mpoto	7
nkonni	7
mumm	7
annaka	7
atanu	7
baabapapa	7
kabakoma	7
ogyeahoho	7
wonson	7
abuiti	7
mandiri	7
poae	7
mononofu	7
karafuru	7
traae	7
daare	7
naadaan	7
netorare	7
sukuwareru	7
besere	7
woori	7
ntre	7
waremme	7
ahohiabere	7
kodakara	7
afenyadu	7
deewano	7
mesore	7
panto	7
sunte	7
nyonkoo	7
okorasete	7
awawu	7
asewome	7
woasoa	7
menana	7
produ	7
taru	7
batan	7
beem	7
nunua	7
fuuka	7
okyene	7
opara	7
wawanwae	7
maabu	7
abutaa	7
shon	7
mmenyene	7
wunnuu	7
poore	7
afoduo	7
dannawa	7
sumime	7
wuere	7
kurisumasu	7
akyiase	7
breda	7
mooaa	7
takianna	7
nkranni	7
bomi	7
seede	7
hoteru	7
watiatia	7
karenna	7
binnamda	7
anaabi	7
afeada	7
futurae	7
okwae	7
wusie	7
abawoo	7
bayide	7
anwani	7
anino	7
mukaereba	7
awosam	7
wamme	7
budi	7
yawi	7
wiara	7
mebea	7
yamoransa	7
mamie	7
duse	7
tumfuo	7
adwoanua	7
shawom	7
hankete	7
tiba	7
betam	7
mamasita	7
metroo	7
suruto	7
adumim	7
ahwu	7
akwaboso	7
kripa	7
nemure	7
sosonko	7
naran	7
biketeam	7
ahyewa	7
wonno	7
batin	7
ennie	7
ntesuo	7
anoanya	7
ataka	7
nenkwa	7
montia	7
karamasete	7
akabae	7
abusen	7
weeru	7
ankorakora	7
wonkroom	7
annafi	7
bunko	7
ankasaankasa	7
kooro	7
sutereba	7
noteboom	7
sakuma	7
ahendia	7
okonko	7
nteaanteaa	7
nkore	7
yateruu	7
wannyin	7
nadua	7
adasoa	7
drake	7
lutie	7
britanni	7
dansaa	7
furueteru	7
obin	7
mehendi	7
nataa	7
hokoru	7
metabase	7
ntwironoo	7
weri	7
afureteru	7
bennani	7
kookooase	7
nsaansaa	7
deam	7
tukra	7
harae	7
sumita	7
denkyi	7
truman	7
efaso	7
kabare	7
adutwam	7
bataaye	7
nanipa	7
asuamaa	7
wonkafonka	7
ankoro	7
nyahin	7
marusa	7
braeden	7
shwa	7
kommi	7
tenisu	7
fidi	7
maredi	7
tonini	7
okunin	7
bosan	7
yoomoo	7
kwansu	7
ahiante	7
bokyaku	7
mekari	7
kasutoro	7
afayi	7
wakwabubi	7
bonnin	7
twenti	7
yoofi	7
besusoo	7
akekan	7
posuto	7
beebaa	7
hoodoo	7
madaa	7
atakraboa	7
anen	7
karanna	7
masenya	7
hayasa	7
abiwi	7
sekina	7
tooto	7
awaawaroa	7
sinom	7
ahyan	7
bibiribi	7
masama	7
dadaara	7
kamara	7
okaeri	7
sakam	7
atinkaa	7
wakuma	7
kadeen	7
aweaa	7
fukuro	7
sonson	7
badonka	7
mabeba	7
wasuresasete	7
huma	7
daarewoo	7
sanim	7
adwuafokurom	7
danson	7
medani	7
ahwon	7
mamade	7
semasa	7
enina	7
krika	7
kadede	7
anahata	7
mariannaa	7
saraware	7
hatumi	7
karuna	7
obotantim	7
baamaa	7
kannawa	7
obinyan	7
nyima	7
awitin	7
wutuu	7
fitri	7
adawaa	7
nyanyo	7
sarina	7
memori	7
adwumadene	7
biduan	7
beea	7
papoose	7
posie	7
basera	7
kowakute	7
bratabase	7
nninaa	7
monae	7
nwawene	7
ahoka	7
senam	7
woawe	7
naata	7
amoraa	7
duboyaa	7
nkebi	7
nkabinde	7
madwiri	7
mederu	7
oyibi	7
pakodi	7
shintaku	7
ahenna	7
tandane	7
waabam	7
naante	7
hakidasu	7
enkantan	7
awaseta	7
nononno	7
sroka	7
yawom	7
bunkum	7
tebem	7
kapuso	7
nkonsa	7
mehoaae	7
nnyane	7
mponsine	7
sanno	7
okyerama	7
yohanni	7
wotease	7
asafua	7
nemfomani	7
pasua	7
tommo	7
denon	7
ntuaso	7
yamanote	7
safohen	7
detomaso	7
krene	7
horonni	7
wahiawa	7
tebaa	7
agyatanini	7
naakosam	7
tomerare	7
koduo	7
menkan	7
ahanda	7
bankura	7
sakuru	7
munson	7
brita	7
waroma	7
bonkwaso	7
naturae	7
shikata	7
netaa	7
mareduman	7
mehoo	7
awiwu	7
kasen	7
asato	7
amedume	7
todorowa	7
amasu	7
menkwa	7
ahanom	7
tahoe	7
fidan	7
tanna	7
afoofida	7
suko	7
akwaria	7
presente	7
ahana	7
wummpaa	7
woyin	7
abikan	7
babidi	7
gyia	7
bawara	7
suanne	7
okuta	7
konoyo	7
asasewura	7
fute	7
asedi	7
kasunda	7
borom	7
watamote	7
subeteni	7
kapokyikyi	7
hanka	7
akutoku	7
wufiti	7
adadu	7
anonnim	7
kafu	7
wodumo	7
ntoaa	7
titra	7
ammore	7
narae	7
kronkronkron	7
yariba	7
mfapen	7
asofoo	7
anoman	7
nakayama	7
asomfoo	7
beabea	7
mfaransa	7
hoam	7
kohoro	7
atiba	7
atennidie	7
funtumia	7
demande	7
banane	7
fiema	7
kasubi	7
nsanodwuma	7
nokorem	7
aguamammo	7
hweta	7
kwaakwa	7
nemurasete	7
mariani	7
nammuromu	7
denna	7
dabu	7
nkyeresoo	7
agumadie	7
obodan	7
enntaa	7
abodwe	7
asetenamu	7
nkabo	7
okuapeman	7
susuansohene	7
asufufuo	7
kwanyako	7
woawuwuo	7
siso	7
kasamufa	7
nsawosoo	7
nnidisoo	7
mmuaema	7
gyinapen	7
yayam	7
abomuu	7
ewiram	7
ntemu	7
nkwahosan	7
mfasuo	7
nhyesoo	7
wonane	7
apaepae	7
akotena	7
suhini	7
kontonkye	7
busufoo	7
mufoo	7
dumetorum	7
baasere	7
mpesuaso	7
wanwie	7
ahenan	7
mpesoaso	7
ahensia	7
nsensannsensan	7
abirim	7
aduonsia	7
sakande	7
nadesua	7
adwabo	7
nwontoni	7
bentum	7
sukyeremma	7
mmonko	7
odaduani	7
aforisuo	7
kasahoduo	7
akomabo	7
akasabonten	7
osiprenu	7
nnyinasuo	7
shahada	7
mometasone	7
kukurudu	7
mmaanom	7
denude	7
oforoo	7
abuadadie	7
mmaranimfuo	7
mmarahyebadwa	7
okwaaduo	7
nwonwade	7
bennam	7
buadi	7
anaamusini	7
napare	7
adubire	7
woremfiri	7
metane	7
nsakraman	7
ntomanwono	7
toye	7
mekofa	7
okoduruu	7
babadua	7
apoapo	7
aboroo	7
bontuku	7
padeem	7
obehyiaa	7
kotenaa	7
tromo	7
abaadawuro	7
gyabu	7
mmenam	7
wakyima	7
abenoa	7
medwidwi	7
aduadua	6
daboase	6
atwaboa	6
nyansafuo	6
nkatahwene	6
sankuroro	6
kantankoraa	6
mensiane	6
wotane	6
wasiane	6
mpemahanu	6
nsankutene	6
akofie	6
dammoa	6
atenkyema	6
kuntunkuni	6
dekuro	6
ntomatam	6
ahineme	6
nkokonini	6
wayam	6
amenekom	6
oforoye	6
sepo	6
okora	6
tamiri	6
soasoaye	6
titim	6
kwandontwe	6
wadurom	6
kosaa	6
kraye	6
tekewa	6
brekya	6
meboo	6
kwaame	6
takwa	6
adawuro	6
adeesa	6
okame	6
mfinmfini	6
mannidi	6
daade	6
amanni	6
nsasono	6
tenam	6
anansem	6
abedim	6
atokoo	6
kwaeem	6
aburoofuo	6
muden	6
mpotamu	6
nnsom	6
kodaa	6
mmaye	6
asoresore	6
turino	6
anantahene	6
mfante	6
ahyen	6
atera	6
krada	6
asiniasini	6
dawuruta	6
atenteben	6
situate	6
kaanowaa	6
anitete	6
akomfem	6
kohwe	6
mfensere	6
akeseakese	6
obosomfie	6
ofinso	6
kronko	6
karimu	6
ahonden	6
baasekre	6
nyemmoa	6
gyenyaase	6
krapa	6
abatena	6
mmaamu	6
odomase	6
bedwene	6
soayi	6
patuda	6
yaaman	6
timpomaa	6
friba	6
atetesem	6
worosa	6
kuntunkununku	6
abotokura	6
panten	6
benso	6
treatise	6
awaduru	6
asonomfoa	6
ayannya	6
akyeamotene	6
amponyinamoa	6
buruku	6
yompa	6
nennan	6
adidide	6
asantrofi	6
gyaasewahene	6
gyamaase	6
kwaso	6
soaba	6
oberan	6
akyeburo	6
ahenware	6
taku	6
bodom	6
pran	6
kwabina	6
serebuo	6
daaho	6
ewoa	6
somea	6
pante	6
sakyiwaa	6
anwere	6
akokoaso	6
kasadwin	6
fufa	6
bisebisa	6
okokasa	6
wontoo	6
okyerekyere	6
tafoni	6
wurewu	6
asenmu	6
kuntan	6
oguare	6
ososo	6
nsemmoa	6
akowia	6
abooduru	6
woaduru	6
mpanyinne	6
amimdi	6
bonwoma	6
mmofrasem	6
nnodoe	6
abebusem	6
nsoaa	6
nantuo	6
nito	6
kuin	6
afuntumfra	6
abomfia	6
hosan	6
kwia	6
premia	6
osesa	6
femfem	6
nsiam	6
waboto	6
traso	6
basam	6
asoroka	6
obara	6
beabi	6
anian	6
memmene	6
aguma	6
porowa	6
nnyentia	6
kuaye	6
aboaban	6
kodan	6
amabo	6
owere	6
ntwom	6
atiridi	6
meridian	6
ahodwiride	6
sadweam	6
asabu	6
sesekwa	6
beresa	6
adufra	6
ntuano	6
nnedua	6
tika	6
atemmubea	6
ahenkye	6
nteso	6
akrayam	6
nnaho	6
torom	6
awareso	6
mmasu	6
nsakyi	6
okisibiri	6
seso	6
etware	6
dekye	6
akorokorowa	6
atwem	6
betebete	6
ahoye	6
nenan	6
birikyi	6
afiaseda	6
yanto	6
owusunom	6
abaremaa	6
ewimuhyen	6
kuntutam	6
ofipamni	6
ntoano	6
tiban	6
mpaeba	6
efin	6
waayi	6
amuntum	6
nanmu	6
haehae	6
nsoano	6
monsoma	6
wanyaa	6
wowaa	6
korakorakora	6
monta	6
nteem	6
mpaase	6
watia	6
mpese	6
hyema	6
kakabani	6
ahonini	6
anuo	6
abayisem	6
okwada	6
moara	6
monona	6
broaden	6
asuoho	6
nkorowankorowa	6
akannie	6
kukua	6
bewa	6
wabete	6
wannka	6
wosensan	6
mmuaa	6
wonkra	6
hwesofoa	6
ahomasoa	6
waahye	6
nokwafoa	6
amuni	6
mukita	6
wakarana	6
hontooni	6
koraan	6
nnkwati	6
woannyae	6
awufoo	6
awoa	6
nkutie	6
akyenie	6
marana	6
kran	6
modua	6
mmepa	6
amone	6
anninanni	6
mennsakyera	6
awatare	6
okyerekrom	6
akaapo	6
dundaa	6
mmfam	6
akaasoka	6
obokum	6
opamoo	6
mennwen	6
adwamu	6
worenkum	6
morensunti	6
humnamu	6
nkyemo	6
wonkokunkum	6
anyansaa	6
wunnwu	6
munkodwira	6
akatewa	6
andena	6
safua	6
wonsakra	6
mmui	6
nsabu	6
amonomu	6
baankwa	6
mubekum	6
baanina	6
wudworo	6
woasuasua	6
merekasayi	6
mmarimowaa	6
maayiwa	6
odeda	6
sonnaaho	6
nsianim	6
woantoto	6
wamunkum	6
nsanyinyanyinya	6
awude	6
paaradeesaye	6
wedana	6
mfasonya	6
enyimfa	6
deanne	6
wosama	6
nabipa	6
atarikaaba	6
anwuramnti	6
mprena	6
munntum	6
mmatia	6
menkame	6
dutuu	6
wontia	6
nsokwa	6
naako	6
kabakaba	6
matoto	6
akurokurowa	6
moahwe	6
brahin	6
wunnuae	6
awosoawoso	6
fufrono	6
nasubi	6
nandesuka	6
boredi	6
nwininwininwini	6
dahere	6
mekooyo	6
kamfoe	6
wonnwane	6
asokomade	6
kwabokwabo	6
hummu	6
nkrataasem	6
mutuo	6
pokaapokaa	6
wuntuin	6
makyire	6
nyadewa	6
obetuatua	6
yatoto	6
amebo	6
amemaa	6
adafom	6
weato	6
wodwa	6
bansere	6
opabene	6
woremia	6
mepaaba	6
nadolie	6
woamoamoa	6
wansuasua	6
hweamo	6
sodowa	6
enisoade	6
mawoda	6
mepea	6
bedem	6
besiaba	6
wammedu	6
akasakyerema	6
ampuapua	6
nhyita	6
dadedum	6
wosiaan	6
nikaboka	6
nwoyam	6
benyim	6
neeta	6
mempese	6
ntwanum	6
bewafayi	6
wubuae	6
enae	6
somekaete	6
afome	6
horenka	6
kasaburo	6
wantim	6
mebabuke	6
shitaa	6
akorokyere	6
korara	6
anyinnyim	6
nsuko	6
wankumi	6
kwamu	6
monin	6
nnamfowa	6
nokie	6
mekentene	6
adikyea	6
nkunyim	6
afewa	6
prano	6
poyasa	6
antoatoa	6
nwayam	6
wuruwuru	6
yoori	6
nyinim	6
antiban	6
motomeruno	6
beetenka	6
adwedwa	6
abedekyiri	6
monntwitwa	6
metwam	6
asankwa	6
susina	6
sraratatataa	6
afunten	6
moakyekyere	6
panna	6
adide	6
wosete	6
obenasa	6
mempue	6
mesiden	6
adahoama	6
ntema	6
breka	6
wonsaka	6
seasaa	6
witwoo	6
nyenyensuo	6
wunnwinnwen	6
monkari	6
nnyamoa	6
etwintwam	6
nanwan	6
duasin	6
efesa	6
wampere	6
merehome	6
bakwante	6
nnabania	6
katasomuamuaso	6
enkosen	6
moapra	6
pomu	6
wonaan	6
anten	6
enkoa	6
tenta	6
lutoase	6
nkoha	6
humaan	6
haronu	6
woakanyane	6
awiemu	6
meaheha	6
wonsesaa	6
monkoma	6
ayemmoa	6
neeni	6
wonkenkan	6
wusum	6
ntenam	6
nsukoko	6
kokomo	6
wonie	6
nanniea	6
nnanie	6
nanine	6
munoa	6
menwom	6
madamfonom	6
ahende	6
modose	6
ahodoku	6
benyinyin	6
mukunkum	6
yakoo	6
hakuro	6
museam	6
wantwitware	6
nyankoku	6
nyamannye	6
babuke	6
mmetenaa	6
deaeba	6
wonsamu	6
gyayi	6
fuura	6
wowani	6
metwero	6
tisufa	6
ahyin	6
okwasia	6
mamoto	6
annyera	6
kuuni	6
worubokuku	6
tuwa	6
mekakyere	6
finna	6
mmfra	6
hyehyere	6
kabososa	6
obotwemu	6
naninani	6
maritumi	6
brike	6
karindi	6
awewura	6
nsona	6
nkoware	6
wonkuim	6
medebi	6
tamara	6
kepa	6
tiboaa	6
atwaam	6
ahoome	6
bennide	6
nasabi	6
obaam	6
memuu	6
owiawia	6
furafurae	6
gyibo	6
totoyare	6
duroo	6
abibiko	6
amaere	6
nwonwan	6
yayaa	6
entuu	6
menyerae	6
mmaebi	6
shwan	6
obetwetwa	6
debere	6
tatemrae	6
padura	6
metomebo	6
okasapreko	6
kenkankenkan	6
ansafi	6
woenuma	6
mateda	6
adwumatumi	6
deneennen	6
babafaa	6
mondua	6
mmakonde	6
nanamon	6
afonka	6
afiem	6
agudi	6
kamama	6
meremmoa	6
furuwa	6
anontoo	6
maakahene	6
tuwunkan	6
wunnia	6
baritono	6
somone	6
nnantwie	6
abetie	6
woantenetene	6
adodi	6
woapem	6
akesa	6
noama	6
kradem	6
asansoam	6
wonteano	6
awusui	6
etwae	6
enyae	6
kasiwa	6
somfie	6
maaron	6
watewate	6
anyaabanya	6
wubisabisa	6
amponsua	6
homose	6
okumi	6
humdeedum	6
amanoamano	6
koden	6
akintimehin	6
akwanuasa	6
abome	6
nnaeto	6
nyankoo	6
atende	6
neeno	6
makuri	6
mawin	6
luko	6
nekori	6
worenoa	6
manyeri	6
mmame	6
bitin	6
babikye	6
krotwea	6
asunsum	6
trini	6
notato	6
maminni	6
aherewa	6
asaban	6
okwawuhemaa	6
hweebonto	6
warekanmusu	6
wontorone	6
nkyerimma	6
atede	6
asudani	6
yotie	6
ayinde	6
okin	6
nayamase	6
okyina	6
annonyam	6
amafore	6
wontoto	6
temmae	6
wiwa	6
ampempem	6
woren	6
obetia	6
tondara	6
meretwam	6
funudaka	6
nnkehia	6
asendin	6
tontonsansan	6
husen	6
wanma	6
kenapaa	6
binienda	6
frannie	6
manduru	6
besoa	6
egui	6
sofra	6
monworo	6
moreboaboa	6
mmada	6
mmamuomua	6
etimi	6
bomum	6
madani	6
wosuru	6
trike	6
anianim	6
prasom	6
aniri	6
meremmuna	6
mude	6
welate	6
kroon	6
hunona	6
behyetaa	6
nkonimdini	6
biabani	6
nkohen	6
nonnon	6
medansu	6
frumoasa	6
nnarekye	6
merebetumi	6
moampam	6
wuebaa	6
moreware	6
obemia	6
ahomasoon	6
ampaaba	6
ninte	6
wutora	6
yaati	6
nyempa	6
amamu	6
aguasenyame	6
tomoro	6
osehan	6
koawi	6
wakyene	6
firewirenya	6
nankwe	6
owasim	6
sikana	6
muunda	6
woyerae	6
anyamento	6
yaayaankam	6
wankerin	6
amanmmara	6
bukra	6
morewiase	6
takibi	6
treneehene	6
nufuten	6
dawase	6
sanaeha	6
yadidi	6
homeam	6
susere	6
kurodua	6
yameen	6
obamma	6
wanea	6
hware	6
wanmma	6
abosamra	6
deaye	6
busan	6
adwoaboakyewaa	6
busuafona	6
posidonia	6
nkwasiafoo	6
apewu	6
kaseem	6
krabu	6
nwaanwaa	6
sebewin	6
kwanse	6
mawoe	6
amannea	6
merenoa	6
tofiakwa	6
menawan	6
paramam	6
woyem	6
meredwinnwen	6
aduawa	6
nyamem	6
teasie	6
makaeha	6
polisa	6
kwasewaa	6
suade	6
beatante	6
bibino	6
entibiara	6
adakamaa	6
bayewa	6
woakoo	6
wuua	6
annkoka	6
shirosa	6
nneene	6
oboyemma	6
woatwere	6
sumanni	6
mafaso	6
worensiesie	6
mowono	6
asantebonwire	6
mframatama	6
mebesua	6
ayidane	6
murutira	6
sonda	6
naden	6
sikamino	6
sofuie	6
awoara	6
mafea	6
mebedi	6
naena	6
anaen	6
enaan	6
nkosera	6
feto	6
adewe	6
kafani	6
owunkum	6
wufumu	6
mesim	6
tweetete	6
mmentia	6
tantrum	6
wanere	6
sumasu	6
beeka	6
ankoru	6
hunmu	6
asikyere	6
gyamfuwaa	6
kokoraa	6
badom	6
maanka	6
wuforo	6
boyero	6
momoaa	6
sekyiri	6
abiribiara	6
mentaade	6
moati	6
anduin	6
kontommoa	6
bemam	6
krubi	6
ahoara	6
wondea	6
badana	6
afaso	6
ananin	6
kasike	6
honye	6
nkrapan	6
nnaeen	6
mamekuru	6
worebue	6
mebawowa	6
nufie	6
wukoduu	6
nubaa	6
medawoase	6
amanse	6
asantewaaketewa	6
adakatea	6
owusuansa	6
mebadu	6
anaano	6
bienne	6
nenin	6
mmanka	6
makrenko	6
akonyi	6
akyenaa	6
wabusuaa	6
memoamoaa	6
manie	6
danwan	6
mmima	6
setesan	6
papanara	6
kuannan	6
nsensaneeba	6
sikaberebo	6
pakraduni	6
nonde	6
hondaan	6
wahiti	6
hokoko	6
akinyoade	6
odikwa	6
woantwumi	6
yanira	6
wofrie	6
nonne	6
mannte	6
wuaeawaa	6
ahaaha	6
wonnyinaa	6
kakiwakete	6
tebae	6
tedano	6
prayetia	6
mpofrim	6
adatoda	6
amanaa	6
awanu	6
tikasa	6
mpenamma	6
merem	6
durin	6
kruto	6
masabi	6
twosom	6
okram	6
tomereba	6
bafoakwa	6
bitan	6
adwumawa	6
adakamena	6
makaron	6
akatakata	6
tiredakiko	6
atunse	6
nataade	6
kadima	6
atokosiam	6
suin	6
transare	6
transase	6
sawaadi	6
maronite	6
modwe	6
darine	6
mensuno	6
nnamankwaa	6
obekenyan	6
yakasa	6
ateware	6
wubie	6
awaribi	6
okurakura	6
musama	6
tradua	6
akokorowa	6
obam	6
obiare	6
sowodia	6
okasian	6
babenka	6
papam	6
osiahene	6
tosuru	6
adinna	6
monnyin	6
tatae	6
bitwene	6
amanabi	6
yonkoda	6
wakyia	6
densua	6
yasuwan	6
nanno	6
akoden	6
wonsoroma	6
haraduru	6
adahoroma	6
meetum	6
taannyae	6
nakyire	6
todome	6
woarumme	6
metrim	6
nyamannya	6
mukaen	6
kotaeru	6
wunkyinkyim	6
mmro	6
musom	6
bradi	6
afrimu	6
asiede	6
sruti	6
amaneamane	6
funare	6
krease	6
deko	6
ahositi	6
gyakare	6
sunwui	6
akotaade	6
biaru	6
dewaane	6
manasa	6
madwoa	6
obidu	6
bonyo	6
tiaba	6
samfoo	6
konse	6
wasunti	6
naboaa	6
mmehyia	6
nnanwuba	6
adanikin	6
bennye	6
bronyadie	6
etworo	6
woahoho	6
sodateta	6
deea	6
mmami	6
dakika	6
kaereba	6
obinuim	6
paapaaye	6
yapae	6
hutama	6
obanyankonsoromma	6
haro	6
adwamam	6
madisa	6
kudakeru	6
abandonam	6
akwom	6
mendie	6
showako	6
nhiaako	6
wunini	6
dusan	6
noan	6
noora	6
nekam	6
abusurum	6
aboaasim	6
mentesaa	6
mamaroo	6
yankae	6
nnanae	6
masutabedon	6
taabu	6
nheman	6
kafuru	6
yadebo	6
nomfi	6
annarose	6
yamemasu	6
teeburu	6
efuom	6
tereru	6
asinwin	6
nabemamae	6
bonana	6
nhyem	6
mmotua	6
wodasu	6
bruda	6
nanako	6
wantaa	6
paakyanu	6
naamfon	6
animuu	6
huutaa	6
nowara	6
aboae	6
abasan	6
awoye	6
atro	6
gonami	6
bekumi	6
abanwan	6
nyadu	6
bowa	6
tenkawa	6
atonu	6
bukua	6
medede	6
duen	6
gyate	6
meetie	6
okorin	6
mentunen	6
wommesen	6
munntua	6
matane	6
ntwirie	6
amfibia	6
wadatumi	6
parisian	6
monno	6
abohosam	6
akwuna	6
baeea	6
apuntoo	6
nasetena	6
yayin	6
mpanim	6
betweena	6
nsena	6
nesian	6
nemorino	6
nsennaho	6
habia	6
notadoo	6
wokatakata	6
shindemo	6
wodorowa	6
bikom	6
woahome	6
akuseru	6
hwehwehwehwe	6
twoone	6
wonkua	6
bendita	6
fesom	6
dutra	6
woawukwa	6
tokosie	6
abamfi	6
anikosua	6
siasia	6
meredua	6
druu	6
tusen	6
ogunsua	6
woonnim	6
siriaman	6
ntamapa	6
nyenye	6
ntweantweaa	6
momfade	6
merentoto	6
akademie	6
bekom	6
tamaan	6
daadam	6
prinso	6
adufradan	6
nowi	6
sumaseteru	6
wurayaa	6
adanso	6
ahero	6
aboho	6
asaani	6
menyere	6
bafie	6
somiru	6
nyanyan	6
brianwom	6
akasu	6
akatoro	6
woakoa	6
anoni	6
meedwen	6
abosoro	6
tanan	6
dewana	6
binyameen	6
wamenya	6
kodokan	6
kufa	6
afunuma	6
nkitahoo	6
franso	6
osoowa	6
yonakano	6
naadwoa	6
bankuruwase	6
nwuu	6
amasin	6
wuduu	6
ahansen	6
nkorede	6
hoeru	6
simpo	6
adelante	6
weeso	6
sontisuan	6
anyimpa	6
kandiba	6
goaa	6
mebabubu	6
mmoe	6
banaaniasu	6
wodon	6
dabenda	6
kawuru	6
beteatea	6
kurokumatwa	6
homekodi	6
abayam	6
kaaren	6
morere	6
natoa	6
nnanemere	6
bitia	6
hutan	6
wanno	6
hankari	6
kekoraampo	6
metadata	6
apumi	6
sharia	6
pawoda	6
oduadua	6
makaan	6
osoraku	6
basura	6
wantua	6
napaawa	6
nekoanime	6
amoroni	6
dahoma	6
soasa	6
amenmere	6
anitua	6
bafra	6
mprakonam	6
masike	6
wannapram	6
botebara	6
wuuduan	6
konudaa	6
muan	6
kahaani	6
adweeba	6
suda	6
wowonwe	6
komuro	6
nnkam	6
edekin	6
luni	6
nyanimi	6
osonwa	6
mfunu	6
ahyiayemu	6
etosa	6
nesunkwa	6
kenye	6
treene	6
akrano	6
nitika	6
wondwen	6
webase	6
ankyaa	6
tiwason	6
anaedi	6
amadwu	6
nyininaa	6
tirea	6
samariase	6
baaradan	6
susubiribi	6
yakama	6
anafotia	6
sikisa	6
ayantoye	6
sansurae	6
masedi	6
wubanya	6
tedu	6
akutue	6
babawi	6
mmpae	6
kenkwan	6
nndandan	6
nntwetwe	6
wurama	6
mekiko	6
karuma	6
mekwa	6
kasonya	6
sunnua	6
waabakwa	6
ampare	6
adebisie	6
torikaese	6
mehodi	6
ntummi	6
ntitititi	6
woredwenedwene	6
moanyinyin	6
mfufuka	6
asayake	6
afrum	6
tasuku	6
nabusua	6
narua	6
paada	6
moanin	6
muwawen	6
dayara	6
nnuabu	6
gyimaa	6
pooma	6
anenome	6
mennwom	6
nkyerekere	6
feraa	6
fekwan	6
banware	6
wohoso	6
anawe	6
wapon	6
babedom	6
toyi	6
kusuman	6
andara	6
akokoto	6
munkwe	6
asarori	6
nhawu	6
pamma	6
kruwaa	6
horia	6
ahedoma	6
pookie	6
botware	6
shaama	6
tennu	6
akatoa	6
woadwoman	6
kempen	6
suruwan	6
anakondaa	6
mpusu	6
maadwin	6
adamfowaa	6
matrosen	6
benua	6
odaka	6
simpan	6
atosa	6
wem	6
kuantoku	6
katwena	6
naayakan	6
kwato	6
mayiri	6
kuuru	6
akwabia	6
akabade	6
wonnwie	6
pokonya	6
sabankan	6
abonnemente	6
shanna	6
medaba	6
mmoframfa	6
enyame	6
baabaru	6
nkoaan	6
boken	6
moawen	6
honnkaa	6
haroom	6
kweren	6
sipoo	6
wuie	6
batoro	6
narimasu	6
bofowaa	6
naadan	6
adameba	6
asomdwehene	6
monne	6
aboodoo	6
awedohoma	6
nakoo	6
sodin	6
adanyaa	6
mommetie	6
kamena	6
lufu	6
numfonsu	6
wunwunmum	6
nusume	6
wowumu	6
fikrin	6
ansoku	6
mfenyana	6
nomare	6
sukuwan	6
nkrowa	6
ahwaha	6
tende	6
wuruti	6
agui	6
merosu	6
adehia	6
akwanwi	6
ahimime	6
akwankere	6
adapo	6
banabebi	6
mamita	6
akamo	6
nkaatia	6
ewaa	6
osaru	6
adoriamo	6
twinko	6
biten	6
warankasa	6
nnafom	6
sesami	6
seeraa	6
witadakimasu	6
maadwene	6
nnoko	6
duhini	6
mabune	6
woehyira	6
atui	6
enoaa	6
yarea	6
adutoo	6
baafira	6
husien	6
damme	6
animoyam	6
naboso	6
oposa	6
boosu	6
nareba	6
paerewa	6
mamfipamfi	6
afuso	6
nwontwe	6
mabede	6
kohaa	6
nekura	6
kaere	6
nsura	6
taako	6
tamana	6
abayikyere	6
tawanna	6
oguanmmaa	6
wonsuan	6
meeka	6
atwaye	6
afasia	6
abaayaa	6
medesan	6
medesanu	6
ataforo	6
winnya	6
mebahwe	6
paprika	6
sesapa	6
nememma	6
mekada	6
akwanwanne	6
watwen	6
obotua	6
memiaa	6
paranom	6
habubi	6
kaeta	6
shinkansen	6
yamero	6
muano	6
lumene	6
asantennipa	6
sudanni	6
akosiban	6
datin	6
bebibi	6
aharonim	6
awuna	6
nkabane	6
nsutam	6
wantware	6
sataya	6
pokibae	6
nkwateni	6
mensusuu	6
tewi	6
owuie	6
kofom	6
sohon	6
kununua	6
selamanya	6
tufa	6
ediso	6
babere	6
ntwaako	6
meekaa	6
nkoakom	6
akawi	6
mahwehwe	6
duaaye	6
torokasu	6
atiara	6
mamode	6
webisite	6
biarannyi	6
akawu	6
mpotompoto	6
mekase	6
batade	6
nyamea	6
makomako	6
marianna	6
wofikye	6
akwuaba	6
neke	6
sonomama	6
wahia	6
paama	6
nnwonwan	6
desune	6
maraaya	6
medien	6
tiawatwa	6
sukura	6
nansensu	6
karidaa	6
safura	6
nimpaapaa	6
nnipasu	6
nwusie	6
deaaetaa	6
taruhan	6
mmonto	6
hoasua	6
twania	6
sirurae	6
komakura	6
mawaa	6
maten	6
ananaba	6
osina	6
odesua	6
barem	6
sonwu	6
bahiaa	6
yoneda	6
saake	6
osande	6
mekenyem	6
nkanda	6
medwine	6
akento	6
ntatumi	6
suutam	6
wolase	6
munukum	6
soaban	6
sirisin	6
edura	6
kewusoa	6
krina	6
ninnara	6
wantra	6
setewaa	6
susine	6
andorora	6
akunu	6
osease	6
hosome	6
abababa	6
akwawa	6
presise	6
nonononom	6
memae	6
adesuaa	6
waseta	6
behano	6
nyaneka	6
ahosie	6
ogunde	6
boke	6
sranan	6
akinnaso	6
montease	6
mubuu	6
furanku	6
afaawua	6
teneneemu	6
mfrafra	6
meetwen	6
abakwam	6
akandi	6
finnwaa	6
wommesu	6
hakeem	6
awaduwa	6
sikin	6
nidia	6
awenewene	6
nabowa	6
apromise	6
mammano	6
abofuno	6
nsemfono	6
ahannie	6
ntonsua	6
pabanamanina	6
betote	6
gyanka	6
yaease	6
soosie	6
hanno	6
anntwa	6
pakon	6
dentro	6
godere	6
yarenni	6
ogyea	6
edwua	6
kaketa	6
sitaana	6
makonyan	6
wakaran	6
memmen	6
duin	6
gokufu	6
akintade	6
sunda	6
kromo	6
enayi	6
ayebea	6
boatan	6
weti	6
ayebatonye	6
ahenmanmu	6
wohekyere	6
nkuubi	6
kroyi	6
nahepuan	6
moamoani	6
paen	6
nekotoroe	6
afuabi	6
wubetwitwa	6
patwin	6
wunso	6
nataprawira	6
aboanware	6
anonimi	6
nkemdi	6
edene	6
okua	6
babubu	6
agyire	6
nitiriso	6
pannu	6
karise	6
wokom	6
anyanyara	6
nnenya	6
sofea	6
matame	6
bebie	6
kurereba	6
sidemi	6
mufura	6
brinnya	6
ferenkyemm	6
wankoma	6
tinnin	6
abeni	6
fukufuku	6
sereene	6
adwuama	6
fudan	6
barataa	6
bansuro	6
abandindin	6
kabani	6
boada	6
benwu	6
nnturo	6
hasa	6
ofuda	6
asidi	6
kenkanam	6
wete	6
abufusem	6
woodwoman	6
kwokyin	6
oyiwa	6
fukyo	6
bidimen	6
awaseba	6
karine	6
hanma	6
nnyo	6
prono	6
dansom	6
humana	6
nitamaka	6
nakaso	6
temu	6
muaba	6
niru	6
amandia	6
fiaria	6
nanoka	6
biakwa	6
komamori	6
abesuso	6
kannyiri	6
dadon	6
badwema	6
taratata	6
boataa	6
bodwe	6
kwum	6
keane	6
nafaa	6
nasem	6
adakatia	6
siden	6
ponte	6
abiwu	6
batumda	6
freemason	6
nkonto	6
shamma	6
nimfaa	6
poniri	6
menaati	6
mantenna	6
mmisae	6
shamo	6
duware	6
kanyare	6
preeti	6
musammam	6
daredaa	6
kasume	6
babaanne	6
kommen	6
totoa	6
hommam	6
tomoran	6
nkankye	6
summum	6
enkase	6
naanu	6
wawam	6
akramen	6
aderemi	6
koneko	6
nasiam	6
mekare	6
sikanni	6
agyena	6
sedua	6
anwiam	6
aburaa	6
sedin	6
adempribiara	6
bruna	6
nanodesu	6
nikiti	6
wantwin	6
batase	6
nnuhoo	6
deade	6
akirameru	6
kawoom	6
babaatan	6
adanwosu	6
amammre	6
nedoko	6
sisam	6
ahenkoro	6
timu	6
suiri	6
warabi	6
soam	6
kaneannua	6
naheen	6
wompa	6
botirimu	6
akarana	6
bolin	6
hantaa	6
annawu	6
gyine	6
okoronko	6
haadu	6
yonam	6
wasin	6
hufa	6
ahyina	6
yakiba	6
mumasensen	6
obehwim	6
antenne	6
andare	6
adinaa	6
ahawi	6
tafre	6
tampa	6
nyanse	6
mamoo	6
nnwontode	6
katakuri	6
amradonom	6
wanteda	6
nkwame	6
aneesa	6
siara	6
mfisa	6
nkomadu	6
deetra	6
wurubuaare	6
mawia	6
santrokofi	6
bokurano	6
mankaa	6
merennwane	6
mawarimono	6
obaabu	6
gyaesu	6
nsudasa	6
sawanwa	6
odaakoo	6
makanan	6
yamabiko	6
nanaho	6
mansoa	6
prisiri	6
namora	6
momfie	6
panayia	6
nsemaa	6
nadeen	6
numenera	6
nyiampa	6
kabore	6
kunda	6
nyaranin	6
nanubae	6
wodebaa	6
sikaso	6
wotoa	6
beriaru	6
kebaa	6
buwaa	6
kamana	6
ayamayam	6
mumuso	6
nyinyan	6
annuanom	6
wosomaae	6
twaawa	6
enakomi	6
fipren	6
sudano	6
akawe	6
wubekyire	6
shikenkan	6
kuwasete	6
momennim	6
wubia	6
agyankaba	6
branoo	6
kensinammuo	6
sitra	6
ketui	6
paakura	6
tosite	6
bisaman	6
afetin	6
akunin	6
awera	6
muon	6
warusa	6
tinyata	6
braban	6
honkapuro	6
atooma	6
asoasoa	6
awato	6
abolade	6
hompren	6
gyaran	6
beha	6
nwanwaso	6
krisu	6
wadim	6
wokowu	6
birebia	6
asaawamfuturu	6
karuu	6
kawareba	6
gyamfuaanana	6
kudamono	6
sutera	6
tuusu	6
amamma	6
tiafin	6
mokuhia	6
satani	6
honom	6
wareaa	6
oburo	6
kasumete	6
nenem	6
yamofra	6
mohammade	6
ofira	6
asanso	6
wummie	6
awokoya	6
sumuru	6
ahankara	6
afiadenu	6
yoanne	6
mebaete	6
adankwami	6
prenom	6
nsewa	6
deewanapan	6
subito	6
wakase	6
nwodim	6
boasa	6
prakasam	6
wudoo	6
ahonamoro	6
aboode	6
kosame	6
shinden	6
produse	6
obienu	6
mantere	6
asemamewu	6
owunu	6
asuno	6
meabi	6
meawu	6
hamidase	6
matea	6
nnadumien	6
muitereba	6
demokrasia	6
wannano	6
nehaa	6
edikom	6
wapakasa	6
yabi	6
akwaabaa	6
karoo	6
fitani	6
sensua	6
wahiba	6
yaakara	6
hamme	6
yankyera	6
akredi	6
nonononno	6
yamaan	6
kuruwasete	6
kwaakyewaa	6
gyamama	6
makonya	6
asesua	6
okaekurom	6
atwin	6
wokoyi	6
mensisa	6
kuromu	6
pake	6
tiwa	6
mmawia	6
asuako	6
anannya	6
woetwitwa	6
monnkasa	6
ahasaka	6
katayam	6
ayamase	6
nuwa	6
webease	6
tunka	6
akwafoto	6
manatua	6
todokikeri	6
nadom	6
botwin	6
denkan	6
adabana	6
buea	6
atako	6
oforesuo	6
nkubira	6
bisase	6
kaketeru	6
betenya	6
ntorosoro	6
nworie	6
amantwi	6
apana	6
anota	6
tekwan	6
paresan	6
tanaka	6
porono	6
mamorase	6
meporo	6
bebaa	6
oyamma	6
ofada	6
mfikyikwan	6
hanayome	6
furusato	6
yosa	6
nunom	6
maduafokwa	6
akwatinta	6
manide	6
asaawafuturo	6
wankata	6
animfa	6
nwisie	6
nnamm	6
osunkoya	6
nyahan	6
nawabi	6
atore	6
asutan	6
bawe	6
beasia	6
mfaman	6
medisin	6
suteta	6
kwaseampani	6
aduanwoma	6
adesin	6
awibi	6
awotoa	6
okunubi	6
fekadu	6
sapanon	6
mofie	6
notin	6
wooliam	6
serebi	6
konawaena	6
teeru	6
gyanayi	6
tituaabine	6
poye	6
mufufu	6
adede	6
sodaa	6
kokorokoo	6
nubian	6
tato	6
hanen	6
nababana	6
monea	6
niabi	6
karamawari	6
asakaa	6
biseri	6
nworaa	6
baareme	6
woabaa	6
asuri	6
matemeho	6
paam	6
nansoo	6
mennu	6
morepue	6
sataaye	6
woohome	6
sukanya	6
tison	6
kontum	6
todoro	6
kataware	6
nnumi	6
ayisibea	6
sanoko	6
nemoto	6
samam	6
nawomi	6
nkorata	6
eguamaa	6
paanaa	6
komakandaa	6
parare	6
koan	6
nadeko	6
meduusa	6
kubarara	6
motoori	6
bantuma	6
tonaton	6
homm	6
woadwane	6
sinan	6
amanamo	6
atuhoakye	6
nantua	6
teretere	6
akaawan	6
kotaereba	6
firo	6
masin	6
selasa	6
paataa	6
momennya	6
nwamase	6
nuture	6
bakannaa	6
kedaa	6
traduire	6
ampomaa	6
katoen	6
nyansaa	6
aguante	6
mukuro	6
anininini	6
goroko	6
amatin	6
deenin	6
dunyaa	6
batoto	6
motokano	6
kaapa	6
afoe	6
nsutaae	6
katokan	6
neara	6
toaru	6
aheema	6
kwatra	6
mukoma	6
karataa	6
ninnuam	6
turi	6
sonaa	6
asuran	6
ahiri	6
tami	6
maasom	6
ntamasin	6
obetenya	6
mosoma	6
kanton	6
shimeru	6
meworo	6
teena	6
nakunu	6
adummu	6
konkuri	6
hansome	6
wanienka	6
pataapa	6
tokan	6
mmento	6
mfinu	6
patwa	6
asonda	6
koroo	6
amohia	6
gomma	6
ahari	6
danone	6
afienko	6
makro	6
abaye	6
nyinna	6
ateteakoma	6
kwakwaduam	6
somin	6
oyinda	6
wanneroo	6
ogyiri	6
naderu	6
natura	6
natua	6
masako	6
meruhen	6
aminada	6
sheeran	6
womm	6
menanse	6
asesie	6
atawia	6
waam	6
nkosuo	6
sikawonni	6
paraso	6
hatori	6
waraereba	6
bansa	6
obonna	6
nwituru	6
ansonwu	6
noema	6
nnamae	6
wataade	6
kannon	6
fusui	6
asuafu	6
firumu	6
ankuraa	6
kwaadede	6
hommaa	6
nadwi	6
mmawuu	6
wanadoo	6
akrofufu	6
nkontomponi	6
adwumasua	6
medwoman	6
nkyirinkyire	6
adanaa	6
edeka	6
mmodi	6
wasafi	6
napolitano	6
awonko	6
sikiru	6
fubu	6
satana	6
dampo	6
konkonte	6
paakinaho	6
dansowaa	6
adelae	6
amda	6
wanabenya	6
adako	6
yanase	6
abinadi	6
momina	6
tonkam	6
nsumaa	6
kokoduro	6
momasete	6
namu	6
konsaato	6
duaburoni	6
swite	6
mmeto	6
wowooa	6
kommu	6
wokase	6
nakere	6
mfinante	6
kamanaa	6
okoru	6
wudani	6
kakadu	6
tasadi	6
anwari	6
kanson	6
kotwitwaa	6
ntinaa	6
buie	6
nkrata	6
nooran	6
adokoro	6
kakam	6
fiese	6
abuna	6
benkan	6
wudui	6
nwaniba	6
hodie	6
sonka	6
panaho	6
ataya	6
prisonwoman	6
owuomu	6
ahwinona	6
adamasu	6
aninnan	6
kadoma	6
sekyiwaa	6
serenyi	6
wanima	6
brunni	6
banya	6
korina	6
nkosuohemaa	6
kankyema	6
aprikose	6
mesome	6
akwaadaa	6
kufre	6
wosoro	6
edweena	6
sasorebae	6
bronwen	6
wikin	6
weede	6
ahoduo	6
durumon	6
belahene	6
anea	6
akason	6
katika	6
amakasa	6
owurana	6
pakyi	6
mpama	6
natuna	6
woraa	6
kofinyame	6
wasuru	6
ahowan	6
enyito	6
waseru	6
anakonda	6
musaboru	6
mekesan	6
danada	6
akrantie	6
abosu	6
keawe	6
abutare	6
batum	6
wansen	6
wabetwa	6
huhoe	6
memeko	6
sarasota	6
yamamiti	6
tabere	6
oyeron	6
adwita	6
okomfoadwoa	6
fudaa	6
gyemi	6
odeko	6
butan	6
wuiae	6
ninin	6
baran	6
ankaraa	6
tasase	6
nonnu	6
yowakute	6
paasaa	6
sayo	6
kenkaku	6
booru	6
baduruu	6
kasapreko	6
barua	6
amason	6
anonse	6
winton	6
kookoosu	6
wawina	6
nareru	6
sammu	6
munkye	6
owiriso	6
eduakwa	6
ewoso	6
bokyi	6
nhwa	6
owohia	6
bolia	6
obiadu	6
bodie	6
akumade	6
ahonso	6
korason	6
nnamoro	6
nnankya	6
duankontwi	6
hweakwae	6
asekuru	6
katrin	6
womfire	6
morosa	6
ayehia	6
huanu	6
wokanyan	6
safia	6
wonenam	6
nehawu	6
manten	6
papapaa	6
honyonkan	6
awudome	6
afrodita	6
melani	6
fufore	6
komusubi	6
opese	6
entente	6
morin	6
wonwi	6
afosu	6
taraa	6
bakansu	6
nanami	6
owara	6
yaasania	6
tututuu	6
kookye	6
hotosa	6
asufika	6
towara	6
twedie	6
fiapre	6
wantoo	6
suabo	6
adwaenam	6
aminata	6
bansuri	6
muhenkan	6
abonkwa	6
napo	6
kuapa	6
ensuite	6
nnyesoa	6
anabase	6
maapaa	6
tensuu	6
murase	6
ahimfie	6
abekyease	6
gyeabuo	6
goasohene	6
kwabere	6
afrehyia	6
amamoma	6
abesim	6
maese	6
nokoko	6
ahokokwa	6
nsenkyerenne	6
fituo	6
kubaa	6
amamm	6
shakya	6
dadeponko	6
abofon	6
adedenkruma	6
nasoo	6
kuruwaba	6
golan	6
bintim	6
lunakware	6
denu	6
abeben	6
ahohoraa	6
okatwere	6
ntotohosem	6
odimafoo	6
wohyehye	6
bekyerekyere	6
kotereko	6
kohye	6
ntweroe	6
watwero	6
mmerenkenson	6
seebuso	6
sudanese	6
karamo	6
nkodwa	6
nketekete	6
frisian	6
daramani	6
odwumfoo	6
mmodenmmo	6
twafoo	6
ofasuo	6
agyenta	6
dubie	6
dandaawa	6
sedufia	6
ahokokwaa	6
nkatasoo	6
aboronoma	6
anmu	6
awerehyemu	6
bankuta	6
sentri	6
ayinam	6
nnisoo	6
ateneatene	6
nnubone	6
owemfoo	6
adunkron	6
afiease	6
nkaedua	6
mesiko	6
nnurokuo	6
dumadie	6
nyinamnyinam	6
ahankro	6
odwontoni	6
hatra	6
frankatuni	6
amnyoni	6
ahason	6
printa	6
akasafidie	6
akyaawa	6
krema	6
kwenkwen	6
komade	6
mohato	6
morinda	6
mpremprem	6
akutrukuboni	6
anyanui	6
sraadewa	6
akatesia	6
twetiatwire	6
nkwoe	6
afaanan	6
maseta	6
nnwumadie	6
santimita	6
animuonam	6
anonnie	6
adikra	6
abomfeaa	6
soasoaa	6
tahiru	6
odunton	6
takorade	6
huudu	6
homedadie	6
nsenaa	6
asomfenakatakyi	6
anaba	6
kuuire	6
animuonya	6
yahata	6
ntoantoa	6
saneba	6
netofani	6
oduntire	6
huntaa	6
akonedi	6
nayina	6
afrikania	6
adepamni	6
mpadie	6
ntadie	6
nkratoo	6
etwire	6
nyadie	6
nnwira	6
bubuo	6
duradura	6
adinkera	6
kemi	6
mpatrapa	6
okawa	6
abonterere	6
osonson	6
twaye	6
owoye	6
obeware	6
nwenene	6
hyiahyiaa	5
asuoden	5
wonworan	5
nnonmienu	5
hwiremma	5
nnadiwa	5
weremfuo	5
nufuom	5
osisiadan	5
hodari	5
kokoran	5
nhahanma	5
dakuman	5
akwansie	5
mfirim	5
ahyawoni	5
mfimfinin	5
mmaratoni	5
nnuatwa	5
edwaman	5
mpatapo	5
wantimi	5
atafere	5
sakwa	5
oforotie	5
pantan	5
mmforo	5
hodwoe	5
wosiane	5
bemdie	5
papea	5
ahanehane	5
mmeka	5
ofosuo	5
tantantan	5
pokwa	5
mannwe	5
koduruu	5
twina	5
nyeme	5
okataa	5
ntire	5
akesie	5
kontire	5
abekwan	5
ahofire	5
sikatwabia	5
worisu	5
fuaye	5
wahohore	5
nkatekwan	5
mfone	5
yokoman	5
biridi	5
nyinnyinye	5
kontonkurowie	5
prone	5
akotere	5
aninie	5
kuronto	5
bemu	5
yayaya	5
aduho	5
wansore	5
ntesoo	5
nnayemfuo	5
akofu	5
kwayem	5
etenaa	5
yawam	5
okukuru	5
tokurom	5
siankwa	5
adamowa	5
feko	5
oyoo	5
awaewae	5
obeboo	5
nkwakuo	5
simm	5
betan	5
adwiridwiri	5
oyadie	5
wiadowa	5
ntenkyea	5
abatwe	5
obusua	5
mmrato	5
oberewa	5
atewa	5
ponsa	5
ampon	5
wohom	5
wofae	5
woammue	5
enware	5
brem	5
monnidi	5
anadwosum	5
simmasin	5
papuu	5
nnabone	5
wankyere	5
nkurakura	5
benoaa	5
awuram	5
kokota	5
akuno	5
mfuom	5
woyen	5
sukuufoa	5
mmawere	5
brantuokrom	5
wotwere	5
akusie	5
atoyerenkyem	5
nkabamu	5
ayeden	5
ntientia	5
ketehemaa	5
nkrani	5
mprenmpren	5
adakaa	5
amereka	5
ensem	5
atrane	5
trane	5
nsutahene	5
ababu	5
torowa	5
keraka	5
adwoaba	5
gyamma	5
dufianwoma	5
edwesohene	5
ampoma	5
merebeko	5
mensiesie	5
okanea	5
koose	5
mpenten	5
adamm	5
amoase	5
anyinase	5
madum	5
adekyede	5
nkyera	5
tweneduaase	5
asemnyinaa	5
apraman	5
twereboanna	5
brandom	5
obuodum	5
brayie	5
akonton	5
ketehene	5
sabean	5
atieno	5
kurankyi	5
asesedwa	5
akyeneboa	5
abenne	5
osisia	5
nkorowa	5
akokotan	5
enno	5
abaninsem	5
kwaberan	5
adwumakaase	5
kwanti	5
nnwon	5
barehyia	5
okwantenni	5
nomaa	5
tona	5
mprete	5
kumano	5
mmini	5
gora	5
ahyiakwa	5
aken	5
kwui	5
dunnumdunnum	5
hawu	5
mundane	5
ayite	5
kantinkronu	5
ahinsan	5
adesere	5
afenia	5
nsaba	5
wurabea	5
okeka	5
mpeneso	5
asoye	5
mmaran	5
akorowa	5
mpadua	5
abema	5
hyeban	5
gyame	5
ayaresade	5
efura	5
krana	5
adakawa	5
semode	5
sinsen	5
sesere	5
nnuam	5
asikere	5
sebere	5
abonim	5
nantwibere	5
gyampanturudu	5
amanye	5
sarem	5
kwaha	5
mpapaemu	5
bemmu	5
atenyi	5
atente	5
krono	5
adafa	5
nsemnsem	5
aponko	5
patiri	5
tietie	5
frafrae	5
nkabomde	5
asabo	5
odima	5
mmeran	5
abari	5
ntonka	5
ntaremu	5
ahyemma	5
aforebode	5
muntum	5
kahire	5
obiani	5
ntwatosoa	5
borode	5
woayam	5
mammoa	5
ogyimi	5
ntwianim	5
akatuapa	5
aponnua	5
buan	5
entene	5
awarede	5
hurae	5
abusuaku	5
boneka	5
oyima	5
mpempenso	5
kumasenu	5
nsenkyere	5
agyinasoa	5
atiafoo	5
asomasem	5
ahyenso	5
monnkum	5
bebunkam	5
mmaninye	5
gyede	5
duaso	5
paru	5
hwesofoo	5
awerehyem	5
monidi	5
ntwatosoo	5
annwe	5
mmfaa	5
hyebere	5
wasusu	5
woaforo	5
wahyehye	5
apuie	5
adanseni	5
benue	5
temme	5
mmete	5
hyiahyia	5
nononsense	5
worehwie	5
wohwere	5
moahwere	5
manyanoha	5
obanyin	5
meandoa	5
akwaabi	5
bekotie	5
bayakyi	5
ankohyia	5
worinya	5
nnipadom	5
wannte	5
atamfoa	5
amawa	5
akwakwa	5
woankum	5
suui	5
betwaam	5
wudan	5
paramaribo	5
kankari	5
efimen	5
manina	5
nhonam	5
okosuro	5
eguin	5
amisom	5
moatua	5
yaafa	5
obehye	5
mmakye	5
nnipasom	5
gyetia	5
atoatwene	5
muera	5
mpoanosika	5
saanan	5
tintinman	5
kuitana	5
sheena	5
woakyere	5
bibeaa	5
woreboaboa	5
merenware	5
shakira	5
menkasaa	5
wonnkwamoa	5
nyisen	5
wuroa	5
bapaam	5
anomanomanom	5
soredewa	5
wannie	5
beduae	5
gyari	5
wumite	5
wiasie	5
osiekurom	5
apapowa	5
wawuwu	5
amoaka	5
tatian	5
nabikye	5
mubedu	5
batibo	5
tukyama	5
oyinom	5
kaanta	5
ewiasem	5
hyesa	5
gyatamma	5
wosuae	5
sonyae	5
adaame	5
wankeka	5
kantoto	5
showasia	5
asudem	5
ampetepete	5
behira	5
abisae	5
motoronto	5
paake	5
howuaa	5
anoho	5
adwumama	5
tankaan	5
enuu	5
munse	5
dameaa	5
wonnduru	5
kotwitwi	5
hoahoaa	5
ahabien	5
andidi	5
mmepena	5
makamae	5
frankaakyia	5
nkonkonto	5
akomamuo	5
womawom	5
ponkese	5
wonnwinnwen	5
basaase	5
asikafuo	5
hawon	5
akwamoa	5
animi	5
bamananankan	5
okomuamuaa	5
wutiba	5
komeru	5
atitikwaa	5
amomm	5
sewose	5
nimfomani	5
kaakra	5
obantan	5
gyaso	5
aguamansa	5
menyom	5
krataafaa	5
moreto	5
woetumi	5
medean	5
atranim	5
owede	5
ahakye	5
afebi	5
tokya	5
nyansapamu	5
baboom	5
monode	5
medwira	5
mememaa	5
banwe	5
wumunamuna	5
sunaka	5
kwade	5
sonsuaso	5
nniamaa	5
ahyone	5
atarantara	5
bemde	5
niano	5
wiea	5
metero	5
wowiawiaa	5
nyamedwuma	5
ntakuraa	5
wummem	5
lummi	5
hommu	5
sewease	5
mebowua	5
amirikamrika	5
kuha	5
nwurabi	5
menyimpan	5
ntome	5
nkakrankrakra	5
tutanema	5
krofoforo	5
funkoo	5
brara	5
atempo	5
moosie	5
meredu	5
afapem	5
fikaforo	5
drea	5
munuatum	5
osewe	5
nasiaa	5
beruu	5
wontama	5
benoo	5
awenyin	5
taano	5
mabiri	5
saahebaan	5
yakim	5
nsammaa	5
nteteawa	5
dumane	5
asimisa	5
tweaatweaa	5
nhodi	5
bereme	5
toada	5
medwuru	5
meeson	5
woresen	5
nsuem	5
wukameaa	5
obetim	5
akomo	5
enkane	5
etanim	5
kuruwama	5
anonti	5
tunna	5
kaforo	5
maniwa	5
pahoran	5
tunmini	5
pantraa	5
dedenya	5
nkosoohemaa	5
akunta	5
osoe	5
lummui	5
hapo	5
biribiare	5
norae	5
sabanda	5
babaani	5
fikradaan	5
sraku	5
wabehia	5
nneda	5
mpanda	5
yanna	5
wanwadi	5
wubesian	5
adadin	5
bodease	5
nipam	5
kwerisa	5
bataaya	5
hokafa	5
tumanyan	5
wamani	5
wureka	5
enkyienne	5
yakosa	5
bibata	5
ewawa	5
adehane	5
muntena	5
dekra	5
nwite	5
tomasom	5
dayen	5
fromfrom	5
anadwosuo	5
shotoo	5
wakwabi	5
mamitum	5
mmimi	5
timin	5
awerokyekrere	5
oyibin	5
menkoran	5
woakyin	5
kufufufufufu	5
tetene	5
gotuu	5
demm	5
bonua	5
memedenkan	5
woaniso	5
mennsui	5
pandan	5
madinenaa	5
nntooso	5
nkontapa	5
siaro	5
mpapomma	5
bureka	5
akaenda	5
muuta	5
matawan	5
woem	5
wasisa	5
akisima	5
ammewia	5
werom	5
edabea	5
mfiaseda	5
bokwae	5
bisite	5
wudiaa	5
wakaebisu	5
tuuro	5
nkrankasa	5
nhapa	5
kawakoma	5
metootoo	5
kofam	5
furada	5
mekyeaa	5
biebi	5
bature	5
wonede	5
manere	5
kelata	5
metri	5
papera	5
akimu	5
wuemme	5
yakuidon	5
mankare	5
yareru	5
mmakakye	5
awawudin	5
prisa	5
agyapanyin	5
efae	5
moosa	5
bapo	5
broowaha	5
konma	5
moanyi	5
nipanaa	5
nudaan	5
norikoete	5
bannin	5
woakenken	5
nyanme	5
banom	5
nodaa	5
duani	5
madwom	5
ahisen	5
konsuikan	5
nnuasa	5
primewire	5
afine	5
hahanaa	5
ahyire	5
mepeti	5
hwehwehwe	5
wahiasem	5
bodoo	5
monkokoro	5
bewadaa	5
kradu	5
yaam	5
meruu	5
akyabira	5
mukaeni	5
kabinie	5
bebueboo	5
nokoribi	5
mmebunu	5
monwoso	5
woapen	5
meente	5
asuare	5
hansoo	5
abosotam	5
okikase	5
yanyanwansui	5
suwako	5
woanyinaa	5
gyanaa	5
atumike	5
kwakwe	5
amaakye	5
wubemua	5
moatan	5
bedanya	5
shintoni	5
wanin	5
ayedaade	5
sammon	5
mmooa	5
mapawa	5
demandi	5
akwabana	5
entito	5
gyenkye	5
dayaa	5
sumeria	5
bahannya	5
abusuasantene	5
odaaku	5
hanakasa	5
woeno	5
winwinwin	5
kasaburanka	5
delayin	5
karie	5
hansaa	5
soona	5
tenkaakaa	5
behenaa	5
kapone	5
nture	5
nkurasesem	5
adedede	5
nudie	5
todokumade	5
adwinnidi	5
koheda	5
odekyeeme	5
okurusuu	5
kesepatapaawoho	5
konaya	5
fiaam	5
kaseede	5
humini	5
okorareru	5
tooasa	5
yaayaa	5
moadwuma	5
prende	5
mennkoa	5
tiriso	5
wannawere	5
bafata	5
tetenya	5
kabama	5
nnwayi	5
daburu	5
baabon	5
kunto	5
bamfonaadensua	5
wakrimasu	5
daapo	5
nubu	5
mowu	5
annamari	5
okuna	5
atenaye	5
simom	5
woona	5
merikuru	5
namennayo	5
nemin	5
hadu	5
momema	5
ntise	5
womoman	5
fumito	5
tansammonnoma	5
awosan	5
wusuna	5
atosu	5
nkukukaka	5
benyahia	5
wudae	5
twitwae	5
betwitware	5
asampete	5
abankoro	5
wooetum	5
kasamm	5
woremfi	5
nowia	5
gyamfuaawurade	5
simdi	5
kawe	5
takie	5
tummum	5
akwantumu	5
dedoo	5
yabufuo	5
nufuso	5
somme	5
pabia	5
kwakyereme	5
medeene	5
noridasu	5
tintintintintintintintintintintintin	5
pasapasapasa	5
shiae	5
afehyapa	5
sosense	5
numm	5
surabaya	5
kohina	5
eduma	5
nubiaraa	5
amotoa	5
manawarere	5
mmerose	5
kuwam	5
woebubu	5
owidaa	5
yahin	5
ahotebebea	5
afofarae	5
witoto	5
wutweeaboo	5
namanta	5
efrede	5
sikorabea	5
wikye	5
hoakari	5
deawon	5
nkranne	5
adufiani	5
mewuranom	5
muwui	5
huiba	5
winsom	5
katawaa	5
nesiesie	5
matamoada	5
akare	5
menama	5
neanu	5
nearu	5
munsusu	5
nketaho	5
ahien	5
pooren	5
annui	5
nyamebea	5
nkeen	5
yandere	5
woampam	5
trutaa	5
srike	5
akonoakono	5
tehon	5
fiara	5
bonyim	5
aduannua	5
mmeam	5
hanada	5
afekasode	5
tuturu	5
fufufufufufu	5
timpo	5
aweakie	5
twoa	5
abufemi	5
aboakosem	5
goondiwindi	5
maenam	5
sakuu	5
awaesome	5
opana	5
oboresasete	5
netedi	5
mubuto	5
nenyinaa	5
egyedem	5
wodwom	5
kakrakakra	5
nwodua	5
mompam	5
nneme	5
ammenya	5
ayamuhyehye	5
hontoko	5
ahanen	5
akwamen	5
taabo	5
betweri	5
aboabi	5
beredi	5
woapere	5
nedime	5
akomapa	5
mmakakyi	5
mmasiriwa	5
meanwa	5
odakra	5
furawaa	5
nkyon	5
anehoan	5
konakereba	5
mebia	5
shimikomasete	5
shabi	5
hanwu	5
anotoo	5
totonoete	5
baababi	5
shaawase	5
hwasuo	5
senan	5
entokwa	5
moammehyiam	5
wontonne	5
soonwa	5
anomanom	5
powom	5
powomom	5
aduaa	5
suatia	5
asafoawurade	5
matise	5
menamena	5
sontan	5
soasaa	5
wehyira	5
gyeso	5
koakoae	5
osea	5
besusu	5
awona	5
nemeka	5
mahoa	5
naranu	5
koona	5
makanyaa	5
enke	5
noonoo	5
awodikura	5
odoroo	5
mundoo	5
wawia	5
birekinte	5
anumma	5
fimfim	5
timen	5
edako	5
woedin	5
wolibaba	5
ampaho	5
mpaam	5
wapepa	5
awasa	5
naayare	5
dubu	5
swete	5
sawakasa	5
mebone	5
naanan	5
worennyina	5
tabiaa	5
binye	5
bannon	5
wehien	5
notamomma	5
numre	5
nanori	5
semmen	5
ankomakoma	5
fibo	5
nwadawada	5
abawunmi	5
asomduie	5
ahokade	5
metiam	5
abokam	5
sunon	5
nkyira	5
barekese	5
afanda	5
hanyaa	5
nsomma	5
tratan	5
moredwennwen	5
antoan	5
homesense	5
saati	5
owuahene	5
asada	5
panaaho	5
enoso	5
nsonsoansoo	5
prawira	5
aponmuden	5
awasetekuru	5
sikomi	5
aduampa	5
medanaa	5
medaan	5
metwitwa	5
krakrakra	5
nsutin	5
metremu	5
niesam	5
behonne	5
nkakyi	5
efen	5
babuse	5
abaanu	5
namororo	5
taabem	5
sintiera	5
wosaa	5
okutan	5
womanko	5
kakaru	5
bandanamom	5
pratim	5
akyinakyin	5
akyinakyini	5
mpuapua	5
debera	5
anebi	5
kunua	5
agyeku	5
krumuu	5
pasare	5
nsoan	5
yasaman	5
obuadi	5
nyapui	5
twasam	5
ayerae	5
awahwi	5
abiraam	5
apriwia	5
mukena	5
wediem	5
adantino	5
bikura	5
aniakwa	5
biantoro	5
adansere	5
mensaa	5
yanwura	5
ademua	5
motomoto	5
abakoto	5
temete	5
tunsoma	5
deadwere	5
taasu	5
seekra	5
woredwene	5
sonso	5
nnomo	5
twase	5
kasane	5
mmebi	5
hyebin	5
nayande	5
kwankwasia	5
hododoo	5
suberase	5
ntaabodan	5
oguamman	5
murasa	5
wannae	5
kumakan	5
taproom	5
karadayi	5
baakoko	5
wokie	5
nsurodin	5
mabae	5
mototo	5
awafi	5
enkyene	5
saamna	5
mmabaso	5
mapani	5
sekiwan	5
menwen	5
dedimmi	5
benaam	5
mmooso	5
hanate	5
amini	5
matutan	5
owareta	5
animohyam	5
tempere	5
tabasa	5
wokyiakyiaa	5
owofi	5
deewaa	5
nkwaseasempaa	5
goho	5
anyiwu	5
atenea	5
nenmae	5
tindi	5
twoe	5
setana	5
yokose	5
hosusori	5
anwumre	5
swafoto	5
ofoku	5
apaadie	5
kande	5
marinaabi	5
naboa	5
katetere	5
depa	5
siduru	5
abaase	5
wonwuwu	5
awomi	5
mmabawa	5
banan	5
mfikyere	5
meetete	5
meteete	5
akoye	5
wontonka	5
anabuaa	5
krama	5
mosuaa	5
ahoriam	5
gohata	5
bandanna	5
merin	5
amedwoma	5
tokintumi	5
tidende	5
howori	5
asentewaa	5
obafata	5
batoa	5
moayedi	5
britonni	5
ahose	5
kamforo	5
matware	5
momofuku	5
ayerasa	5
keakye	5
ahoam	5
abeboadi	5
nyabuto	5
meram	5
abaafofidie	5
odani	5
osiantan	5
fukuda	5
dakwadwom	5
ayikwan	5
abure	5
wunua	5
ankyeaa	5
mmenu	5
shawoman	5
beram	5
fresaa	5
ayiama	5
mentuaa	5
mfuntum	5
aherin	5
nsosoa	5
aberabo	5
meteea	5
asutoria	5
nkyine	5
biribiribiribiri	5
taabaha	5
nehia	5
amantwe	5
booyaa	5
swedaa	5
pakohene	5
saden	5
presento	5
paedae	5
fumaa	5
obono	5
enkyeke	5
sekwan	5
shosuro	5
mmframa	5
akuapeam	5
mamaka	5
fesa	5
manuka	5
tolan	5
gosa	5
mamoro	5
moapene	5
boedi	5
monteateam	5
hamisuwawu	5
samisam	5
luten	5
abusuadua	5
bebom	5
ayira	5
hunam	5
afaam	5
mookase	5
adayie	5
masonna	5
awodikuro	5
afuduan	5
sarasu	5
nsakraa	5
woatwitwi	5
mprenne	5
apampa	5
bededasu	5
modeda	5
tomari	5
meammu	5
wandira	5
awuaaha	5
trimude	5
nkotina	5
metoru	5
afofi	5
taateaa	5
akwafinaa	5
mediso	5
nowan	5
modaanka	5
shinso	5
buboroo	5
aween	5
metina	5
mansare	5
nwomasuanyi	5
buuda	5
mewarem	5
adaarewa	5
nodame	5
warem	5
femdomfemdom	5
surowa	5
honna	5
kukuram	5
kuere	5
wonmi	5
momosa	5
betwamu	5
akwansosem	5
soraseru	5
ahepa	5
anemere	5
nukari	5
prebere	5
agyakye	5
nnewaa	5
nwuba	5
woawae	5
endie	5
nakuu	5
ofiribi	5
mmino	5
ahwaakum	5
mennaan	5
wokentene	5
womaan	5
amammusem	5
woamfom	5
asotin	5
momawoda	5
murako	5
howae	5
annita	5
manomano	5
afinyanka	5
toofaa	5
hakoke	5
somiso	5
warawareteta	5
osamu	5
mampae	5
hafuri	5
montoatoa	5
shontofi	5
nnamo	5
woamfi	5
andoo	5
kurawase	5
nyafu	5
timmon	5
obuekwe	5
suhada	5
kameranya	5
atukuwani	5
bibiana	5
amuasua	5
bennu	5
womfom	5
siaa	5
tipewe	5
wowowin	5
wusam	5
akoforo	5
atroyi	5
makyikyi	5
boofu	5
nsini	5
huwaa	5
makino	5
moradi	5
trebuia	5
benkyoo	5
bendanya	5
nyon	5
asotia	5
waduwawi	5
adonia	5
susunde	5
ewede	5
enyen	5
awenebi	5
woankra	5
mararia	5
kensa	5
baatendaa	5
hadwen	5
adaan	5
tenteentene	5
atwerede	5
munufie	5
natekenya	5
ketawa	5
toware	5
netime	5
madanse	5
mememe	5
awana	5
nnwumapa	5
muama	5
akwannadin	5
ninim	5
maahia	5
nyinawabera	5
mpuu	5
mpatri	5
adawen	5
adaako	5
makwena	5
woansesa	5
hananu	5
fransom	5
nnyannya	5
wodaadaa	5
paapri	5
adanene	5
mannini	5
wokano	5
awarende	5
kripayaa	5
aworansua	5
mantanman	5
tarannum	5
sakyase	5
ayeraebae	5
awaban	5
sukwanka	5
ntwitwi	5
nkese	5
adeti	5
marita	5
ntinim	5
mputuo	5
worempere	5
wiame	5
sanie	5
menkote	5
trueba	5
sayaa	5
bataae	5
abiriba	5
tanta	5
ayabam	5
anyadu	5
babeaanini	5
amonan	5
tanatan	5
apaba	5
nantea	5
funana	5
bukura	5
manukato	5
wabantan	5
anara	5
asiara	5
wowiae	5
wunsa	5
besomu	5
nyesom	5
morentena	5
weaam	5
marimo	5
wanman	5
woadaa	5
nhomua	5
suboyaa	5
mabusuaso	5
mmowu	5
subae	5
shiwase	5
paranam	5
hwia	5
summu	5
nonkuma	5
poroase	5
tenaae	5
mamini	5
denda	5
ayekwutete	5
anamontuo	5
abiem	5
edidaha	5
kukaa	5
tabibi	5
akwira	5
mahon	5
meroyan	5
nuni	5
kosuu	5
memmpue	5
katerina	5
nkesa	5
ofea	5
abaseen	5
kofata	5
nandani	5
badwin	5
wuban	5
okwi	5
honke	5
kaname	5
nsusuwui	5
akomodim	5
haabaa	5
satomi	5
mfen	5
haakonsen	5
worekyere	5
sosuapre	5
nnapaa	5
adue	5
kuduro	5
priso	5
wuriem	5
akinsanmi	5
wantem	5
matunde	5
sokere	5
torikaesu	5
gokyakuu	5
owonini	5
kanibi	5
afebende	5
wasanni	5
mohan	5
kotaro	5
bawipa	5
simpoa	5
adwua	5
amuto	5
naworo	5
aduke	5
huuhen	5
nummu	5
wannsum	5
obeboso	5
wankra	5
amerene	5
makano	5
baabuu	5
shoti	5
mosakra	5
siaadua	5
obaahema	5
mmesiesie	5
badaam	5
banaayi	5
mofraberem	5
anintonwi	5
sasareru	5
mputumi	5
nonononoono	5
parempaa	5
nnori	5
masuakue	5
fukuma	5
afiaa	5
asakuma	5
nkewa	5
atinuke	5
wansue	5
obaapayin	5
maate	5
nkonua	5
yohoho	5
abusubaa	5
efoe	5
anuan	5
nandini	5
wontrim	5
nneti	5
hayin	5
nanora	5
wanisuo	5
asasewuranom	5
daru	5
natenan	5
makrame	5
dabisa	5
okama	5
dunman	5
sansanwie	5
kriton	5
kwaraa	5
waheni	5
amporoforo	5
beroero	5
saanwari	5
nadiaa	5
mpofiri	5
biason	5
tasoo	5
mubowu	5
wirekoa	5
yodaa	5
biraso	5
demmie	5
amona	5
amemem	5
awasenakute	5
woanye	5
katona	5
banoo	5
andu	5
wakene	5
wokoete	5
adibae	5
wantura	5
nneduafi	5
sipa	5
komarudin	5
kratom	5
wannabetoto	5
pota	5
nayada	5
anoode	5
sikra	5
mantuu	5
semarikuru	5
ahakra	5
sunsea	5
tumutumu	5
ahawu	5
mfaawuiaa	5
mennonite	5
anayaa	5
aduanero	5
homeroom	5
nemmeno	5
nabede	5
hutira	5
kankaku	5
wesen	5
moako	5
ogyeahohoo	5
abadare	5
nehyire	5
moonwine	5
akasakabase	5
webaware	5
mofu	5
aboroso	5
beaman	5
ewirade	5
poruka	5
ammebie	5
handunia	5
nhemman	5
sakara	5
tonaa	5
awapa	5
wuwitaha	5
paadam	5
bisibisibasaa	5
obaaba	5
watebea	5
noroeba	5
kraden	5
gyaruru	5
mfamfa	5
munyere	5
denaa	5
tuka	5
tonkye	5
hyase	5
akwanyasa	5
mankenim	5
potanu	5
abonwi	5
wunana	5
obikwan	5
kuase	5
winmu	5
asankran	5
apaato	5
karamawaru	5
akwadoro	5
makunu	5
kreese	5
netumi	5
obaano	5
medikara	5
afuubo	5
nsammrane	5
nusua	5
wankoo	5
ayansa	5
wannipa	5
odwom	5
humara	5
nwanko	5
masidonia	5
awokuse	5
luoma	5
yoenni	5
kakoko	5
paaro	5
teme	5
twenewaa	5
afianto	5
namosua	5
kunafa	5
medwa	5
amie	5
dutoro	5
baamma	5
abayaa	5
senatoro	5
nehoa	5
barata	5
nyameke	5
osura	5
okyire	5
yokaban	5
sawera	5
sotiria	5
tamare	5
amusante	5
wantabana	5
ayamari	5
frimpomaa	5
worona	5
nenwani	5
nhyeren	5
winko	5
bidu	5
kuwa	5
amforama	5
seesiaa	5
wantedi	5
nabore	5
kanyi	5
tumarima	5
enaabu	5
anadi	5
nsunam	5
kanokore	5
nehemiae	5
enumuu	5
asisa	5
nyafunyafu	5
goodi	5
temari	5
tawosa	5
kaanom	5
dunyam	5
sewanom	5
gyamdim	5
ododu	5
ayesu	5
brinnon	5
merekuru	5
yawie	5
hakondekuru	5
sarete	5
sahen	5
atoosa	5
bakasa	5
makuin	5
twuampan	5
bewenna	5
borurui	5
bookwoman	5
abadae	5
amfoto	5
meaye	5
atakano	5
akoman	5
saamne	5
enokoraa	5
wanowan	5
sonde	5
kwemo	5
homdua	5
konnanna	5
aburomoa	5
enndua	5
tanti	5
weredi	5
efriadi	5
animekisa	5
wankoko	5
seeamo	5
nsamerani	5
atoma	5
kaante	5
luedeke	5
adakasu	5
akikasa	5
nipabisa	5
awasetanara	5
neena	5
todi	5
odowa	5
tenti	5
ammunan	5
mannwie	5
mmeamea	5
yononaka	5
duto	5
wuisan	5
honkakari	5
modoru	5
tebanasu	5
tunua	5
nnwie	5
narimasen	5
pataya	5
tiare	5
setutem	5
hoorebeke	5
suteteruwa	5
anunonyam	5
asesase	5
ketemu	5
afeafa	5
merebewu	5
daawi	5
panorama	5
sadata	5
prempatra	5
marintie	5
okuribi	5
samaru	5
sadisuto	5
owusunana	5
mebisae	5
twiko	5
atota	5
mmfemi	5
nsuase	5
shampo	5
wasareru	5
mekawi	5
korosuke	5
ataare	5
akwababa	5
awewome	5
nnubi	5
nahyi	5
godakuruwa	5
danini	5
agyibo	5
mmpempem	5
wunkua	5
yoase	5
bonadu	5
susanto	5
wommom	5
meredane	5
annim	5
aweri	5
deewaana	5
ntansa	5
akaha	5
woodin	5
kafura	5
mmfoa	5
ntomapa	5
nukete	5
mmabokwa	5
funatabi	5
ofoe	5
nyaatwem	5
ofam	5
nwawom	5
debaa	5
naseeba	5
mekredi	5
neendon	5
oseti	5
bonuma	5
wanduan	5
bikutoria	5
yawen	5
dufrene	5
awiebutera	5
waawu	5
narumi	5
kotodama	5
sanwoo	5
homehomewarehomeware	5
nnuaa	5
hoturubi	5
kason	5
tiannaa	5
dabide	5
nakyere	5
sitrinya	5
panamare	5
nowadaa	5
ntaaso	5
anneen	5
kehana	5
yorum	5
mamako	5
bereda	5
saakran	5
adansia	5
gyaami	5
teburu	5
shonesaa	5
tronso	5
mekanisa	5
anoaduru	5
hoekom	5
gonon	5
yaden	5
tresa	5
yamankan	5
okoya	5
bafuu	5
modine	5
hawe	5
neadwa	5
afofoko	5
wahan	5
dannaa	5
wonwoe	5
akabea	5
nnamde	5
wonkata	5
anwin	5
amime	5
nuwem	5
fekra	5
bekaso	5
sataye	5
yapaa	5
porom	5
mmeramu	5
bisuaa	5
tabeta	5
muiti	5
yonomori	5
antinone	5
solide	5
wansema	5
abusunwamaa	5
bokotwodwu	5
efite	5
okomfoanokye	5
maham	5
kaame	5
asabaako	5
yakom	5
ahawoso	5
poseku	5
basara	5
antenka	5
kayema	5
wokotuu	5
menanso	5
nsankuten	5
tabasum	5
sofron	5
asomdwiebea	5
nipadom	5
nedan	5
measu	5
annon	5
moakoyi	5
nkowen	5
hayaa	5
wusuwa	5
adunu	5
amfon	5
kaderone	5
akwanu	5
mehide	5
meabon	5
kwoman	5
fukuran	5
obinom	5
hareem	5
woonsen	5
madware	5
korankyi	5
karia	5
lunu	5
anodu	5
worekae	5
moruu	5
twetiatwani	5
nimmu	5
bamenyam	5
duwae	5
twose	5
anaaba	5
haaman	5
oyim	5
akyama	5
menuu	5
sabima	5
akamfuata	5
mpepre	5
sikon	5
akisu	5
edea	5
wummen	5
wommera	5
moadwen	5
ahomiso	5
awiewie	5
warewarewa	5
aboanwoma	5
tumo	5
annasapronenko	5
okafekwa	5
akafekwaa	5
sankui	5
senko	5
yaprue	5
poroo	5
anade	5
kumara	5
sabika	5
nammo	5
noreenom	5
booto	5
mekene	5
akyiama	5
menyonko	5
atanooru	5
ntiriwa	5
saakuraa	5
yankan	5
muwayi	5
kuronya	5
amoafoawaa	5
trabaho	5
ayemere	5
nonim	5
hakam	5
amisa	5
wuehinda	5
nyamuisia	5
bukom	5
nyamfa	5
baharen	5
momene	5
kumoma	5
mahora	5
tuukwan	5
sukuwarenu	5
kaaro	5
tunnti	5
enitan	5
adaasa	5
awukubea	5
wankarubi	5
bantoo	5
odawara	5
baabua	5
dandi	5
meten	5
daania	5
fenni	5
eniro	5
nkofi	5
wadawada	5
hyeri	5
asiabaa	5
medem	5
honnin	5
senakaawase	5
weni	5
fieru	5
wita	5
ahentia	5
mamasota	5
wiede	5
masani	5
korum	5
honkokusen	5
awonu	5
yakubi	5
konkontibaa	5
kwarannannie	5
nkyinam	5
metre	5
wudawudawu	5
bantoanon	5
ennaho	5
akasabi	5
amfankye	5
wannowa	5
abosedira	5
furuike	5
akyeampoma	5
enkosuo	5
adiprene	5
anoamaa	5
nabarima	5
nhiakwa	5
duum	5
wimi	5
hasetemasu	5
tatwam	5
afoyi	5
asikan	5
hoae	5
brandoo	5
yayo	5
wandoo	5
biadene	5
tapase	5
fuwe	5
mahonya	5
waadon	5
seka	5
kwinto	5
mawae	5
ntwana	5
abasateaa	5
sankyo	5
adaano	5
mamua	5
kompaan	5
akanya	5
mehare	5
boamaa	5
taho	5
woennya	5
mfadua	5
fieme	5
nantwinyin	5
kokyere	5
nkaanim	5
nakasa	5
tero	5
ankata	5
hosua	5
maaban	5
santom	5
waaha	5
afrankaa	5
tapare	5
measie	5
pabi	5
mfomfom	5
nnadede	5
meresanten	5
kankuro	5
abooa	5
kekumo	5
nesen	5
ataaka	5
entoo	5
dawin	5
mofira	5
nyinabunuso	5
yasuo	5
saeedi	5
akrame	5
akinsehinwa	5
nowiam	5
behan	5
animuanim	5
daani	5
basen	5
mundua	5
wepa	5
asasabi	5
adooro	5
ahyam	5
wakwe	5
nkasoo	5
wohyere	5
sunnaa	5
nyato	5
selana	5
anomese	5
mfana	5
soren	5
besuraa	5
woasem	5
ntende	5
wanumu	5
dampare	5
hadesu	5
odorasetaru	5
marianaa	5
nwamama	5
kantomaa	5
aduunya	5
awuwa	5
kotan	5
babosa	5
worukuku	5
mohammadu	5
awoton	5
hannum	5
patwari	5
senyiwa	5
kotaete	5
odude	5
atiabi	5
obaebae	5
bububu	5
kaaten	5
bensonwu	5
meenaakumari	5
takusu	5
anaae	5
bintoro	5
bawono	5
wenda	5
binkan	5
owadano	5
binte	5
ninnaa	5
durum	5
sabua	5
baaro	5
ankoo	5
edwoo	5
adwumadiem	5
murante	5
mahaa	5
aniawu	5
nhim	5
mahohia	5
tueeka	5
sanaani	5
setumi	5
ataete	5
waduaba	5
menkoka	5
kurokawa	5
kehyia	5
temennye	5
wowonwae	5
asufaruto	5
nyien	5
maasu	5
wusuwusu	5
benkwan	5
akosom	5
ahenasa	5
nabon	5
brea	5
birikinti	5
deabea	5
waboka	5
nahaman	5
akyenmu	5
katawere	5
amemfi	5
asaro	5
aduamankwa	5
koyabeneda	5
sonti	5
mpose	5
botomma	5
nkunda	5
teetoo	5
okyeraa	5
abibaa	5
budukusu	5
tenohira	5
matri	5
nadenka	5
awiam	5
bisura	5
ahiara	5
medielie	5
wotawoman	5
mpoyi	5
mpari	5
kaduru	5
kwannon	5
muben	5
ankaru	5
nteasea	5
babakan	5
atenatenaso	5
hoen	5
hwansoo	5
asomare	5
ahendie	5
krokan	5
branko	5
tufaa	5
dakede	5
bikyeen	5
meanie	5
oboase	5
karaya	5
nnanne	5
brini	5
torawareta	5
goom	5
kromu	5
nerima	5
aninisu	5
merida	5
kanabaa	5
subako	5
mehaye	5
tutufa	5
paduano	5
wakarusa	5
sorowako	5
hwea	5
osantewa	5
hyirae	5
krakyie	5
akramoman	5
mfufu	5
namehide	5
bekyen	5
enkantoo	5
nnmem	5
soku	5
feworasaa	5
mfoniso	5
ninka	5
tadasu	5
goti	5
kuruidasu	5
adwinde	5
lunaria	5
mawareba	5
baten	5
adase	5
nakatua	5
yoanna	5
honton	5
odudu	5
kenmu	5
niasara	5
akabuu	5
wewubewu	5
nnodi	5
tenno	5
transa	5
danwuwu	5
asantwea	5
anisea	5
mudokwan	5
pantin	5
abisayo	5
wonkotoo	5
obinini	5
mpotuo	5
nnyaanya	5
tabufa	5
naduram	5
makato	5
mandisa	5
bahare	5
awadama	5
paea	5
nankwaaseni	5
wodaano	5
ewienu	5
yaban	5
debaere	5
frofre	5
osean	5
sweeden	5
sowosamma	5
sawareru	5
akwaka	5
kribi	5
patamaa	5
abohoman	5
shirota	5
depo	5
abibikasa	5
montoedi	5
meebisa	5
komeda	5
wowaweewa	5
funsui	5
tuaseaa	5
masato	5
baburu	5
nuaba	5
sente	5
nkomaeda	5
osaebea	5
obikyama	5
asakawa	5
mekonen	5
somame	5
mekia	5
mawuto	5
amotuam	5
ampae	5
kawamade	5
sikua	5
weesa	5
yoen	5
tentase	5
sonnani	5
ahinaa	5
feminin	5
mumuu	5
oyise	5
kotota	5
sekyewaa	5
hufam	5
booko	5
adamanti	5
mume	5
bowen	5
awasetara	5
santino	5
karade	5
wanwuu	5
kwabenkwa	5
soonkwan	5
kennaa	5
bedia	5
awedaa	5
kotode	5
meaha	5
ahoko	5
aneesen	5
feere	5
annkadaade	5
tumakuru	5
gosin	5
adesewa	5
okubo	5
modere	5
wisoa	5
mofomon	5
komoyo	5
niatan	5
ananti	5
tinnaa	5
wokyekyere	5
moraete	5
memua	5
yadaa	5
banne	5
konkon	5
shammaa	5
baadu	5
gyeaboa	5
brinson	5
asunen	5
boduu	5
mukaeta	5
harunaa	5
darude	5
abanibi	5
kuntanu	5
yatumi	5
homuro	5
denea	5
mehoyi	5
wufiwu	5
gyaemi	5
waraware	5
katano	5
biruu	5
shimasen	5
kabeabea	5
funafu	5
sofubi	5
adunase	5
pasaba	5
nwabunwanne	5
kronika	5
seeme	5
afanma	5
kenyase	5
sofohene	5
abiata	5
nnine	5
takin	5
kafaa	5
koereba	5
hamakum	5
babeni	5
anyadike	5
nsesam	5
notan	5
enyonam	5
katraa	5
asakusa	5
hareru	5
betweea	5
afrin	5
tiwari	5
adwete	5
torawarebito	5
tode	5
sikanyi	5
mpaani	5
nsaamaa	5
meata	5
kennan	5
atindiakaa	5
wonen	5
kusuru	5
yayera	5
monu	5
akyereno	5
okyerewa	5
brennaman	5
meebo	5
kowakudani	5
mankranso	5
osare	5
aboyi	5
bannya	5
beaka	5
wadepa	5
habu	5
beera	5
abiadura	5
awofeso	5
kokuru	5
mofunanya	5
babafemi	5
baanon	5
nyinsuwa	5
kuraaseni	5
adedayo	5
afonu	5
berete	5
awote	5
mmoadomma	5
duawa	5
gyeeda	5
atoom	5
obaako	5
awomo	5
ofusu	5
nkumm	5
santrofi	5
apaapaa	5
nansom	5
kunkuru	5
abakrampa	5
mpaapae	5
amuda	5
matute	5
drentwede	5
yapa	5
hwominofi	5
bikano	5
enkyine	5
suwari	5
nkwaada	5
buse	5
kumiamia	5
hunua	5
shwekyin	5
firen	5
maaku	5
nadidibea	5
shinoda	5
neata	5
beeware	5
bereso	5
soae	5
siente	5
mewuwin	5
noseru	5
awotunde	5
obote	5
tuisano	5
meesam	5
samasama	5
kenkawan	5
odorokase	5
nyanya	5
nasafi	5
baasan	5
wanamon	5
amanndaa	5
shinin	5
moanante	5
apedwa	5
hanaseba	5
nyanaa	5
hamu	5
ansuni	5
moteba	5
humari	5
mukaeru	5
wakwa	5
adamande	5
moriawase	5
dankwaa	5
sawantwadi	5
nhyiemu	5
ntiae	5
taekwondokwan	5
sosamma	5
kokoman	5
oyiko	5
somfi	5
kaada	5
neatoraa	5
mamire	5
ahokore	5
oyesode	5
atumasa	5
amine	5
manawi	5
anidasuo	5
annuaa	5
sodaraa	5
wuben	5
komafa	5
fensu	5
paakwan	5
kawuda	5
bayarea	5
titia	5
wonndi	5
seta	5
kotuaa	5
obana	5
aharonyan	5
fuforo	5
betre	5
twinkyisawesome	5
asata	5
nkase	5
deekra	5
dekraa	5
nnaakye	5
biniam	5
sikuru	5
kakunin	5
sikapatia	5
adahome	5
meayin	5
nurui	5
mmoam	5
wodeen	5
sundae	5
gowa	5
adure	5
nkakonkonye	5
delibere	5
kanyaa	5
dufam	5
ofia	5
huwe	5
abonsan	5
sikaru	5
woetum	5
wontintim	5
nwua	5
waawanyanka	5
simoa	5
modum	5
yaakan	5
kraso	5
animuo	5
nafasam	5
awisa	5
awusu	5
brahim	5
kwankyewaa	5
dukum	5
kasie	5
nkyibena	5
nanoko	5
afranie	5
adawuraa	5
abahoa	5
abankwaa	5
naayi	5
adutante	5
asunaa	5
akratie	5
karubi	5
bahoo	5
branda	5
nanotime	5
sikadie	5
danmu	5
adesuafoo	5
eduan	5
shim	5
mmaam	5
abaayowa	5
takase	5
awarenda	5
nyaame	5
okokum	5
kwamera	5
sehati	5
amuamu	5
sabari	5
keesu	5
abofoa	5
nnawuta	5
akyerede	5
woonom	5
monkyem	5
nufoo	5
akoton	5
etwineto	5
obodum	5
brosankro	5
asamani	5
dakamana	5
woson	5
ansaabi	5
mfesanten	5
aposo	5
nyinasoo	5
habanasenyi	5
kontonimaa	5
mmuasoo	5
mforaforae	5
owansane	5
aforosane	5
ntwaaho	5
osoa	5
ntoasoo	5
biwanso	5
saretan	5
nkyini	5
wotae	5
adekronkron	5
mmoho	5
akwantufoo	5
mosoo	5
teheran	5
ennsesa	5
osesafoo	5
hankera	5
boroso	5
adwadi	5
aniberesem	5
toatoaso	5
kafaba	5
kwaabena	5
nayiri	5
nkamfoo	5
eduoson	5
mmotoo	5
nantabono	5
wesewese	5
afahyia	5
dahamani	5
abuko	5
adenia	5
agyentina	5
akwantutenten	5
ahwerase	5
akanda	5
nyinasosem	5
kontono	5
ennooso	5
aduanekora	5
openima	5
sayibu	5
abiberem	5
gyinabeapa	5
nawaane	5
aheto	5
ahantaman	5
nnduane	5
treponema	5
kuninin	5
makerere	5
banodani	5
afuowura	5
anohyetoo	5
dampan	5
semolina	5
nwumasua	5
akandie	5
kukuruku	5
densinkran	5
konkontiba	5
abadiekyiri	5
baasonkuo	5
komisa	5
gyean	5
tinyase	5
kakawirewire	5
bonoman	5
mmranimni	5
ntosu	5
mmaradwuma	5
atimpoku	5
aduanu	5
kuure	5
nofosuo	5
atrato	5
sikakorabia	5
akafia	5
nyanua	5
naparaye	5
okonore	5
nkaebea	5
gyetoomu	5
hweni	5
susufidie	5
timfuu	5
sieberiana	5
odorata	5
ahinkuro	5
ahomasuo	5
akokonan	5
akokuoduro	5
merehwanyan	5
nsaneakyire	5
nahason	5
efiepanin	5
moansane	5
ntrawantrawa	5
mmaboa	5
mmuruburo	5
awodieho	5
nnonmiensa	5
twemamentwe	5
kookeen	5
nsaboni	5
asunti	5
akyirikyirie	5
hodawia	5
nkuramu	5
kusukusu	5
simron	5
abomframa	5
kokuo	5
breboo	5
atwitwie	5
mamfiri	5
mpemaduasa	5
yafia	5
tapua	5
nsuruboaa	5
mpratwom	5
hamedata	5
mapansam	5
modidi	5
ahyemfire	4
mensomaa	4
woasum	4
agyataburuwa	4
ofram	4
adunan	4
nkoden	4
datahin	4
odiawuo	4
owuraye	4
besaye	4
apunu	4
edwino	4
osode	4
sesem	4
tintini	4
ahwire	4
memmua	4
wawoso	4
mpemahasa	4
ntwonoowa	4
semaria	4
hodia	4
asenem	4
mmoseaa	4
mpemahanan	4
moresane	4
demere	4
watem	4
obeto	4
namnam	4
hoara	4
watima	4
kooye	4
wabepaepae	4
konkroma	4
paem	4
wannwu	4
okuamoa	4
mpuannum	4
nketwa	4
mmienua	4
ntutim	4
odaye	4
owuraam	4
apatere	4
osempa	4
krampan	4
abesom	4
medonko	4
adasuo	4
finam	4
tofuo	4
kwaba	4
sensenye	4
fuara	4
oyokoman	4
ahabayere	4
daduani	4
adeesaye	4
besoma	4
fuafua	4
shone	4
akorafuo	4
opem	4
podwe	4
akwane	4
mereton	4
mmien	4
nnadin	4
nkorenkore	4
mfini	4
hyini	4
anyinsen	4
bedane	4
nyansasua	4
aduanedie	4
abosua	4
sentase	4
mantame	4
kurukusu	4
adeenkye	4
makosane	4
menkosane	4
nkosane	4
mennsane	4
merenkodi	4
nnkum	4
atabu	4
posaye	4
asone	4
seewaa	4
bepem	4
baraka	4
nkontanom	4
edumienu	4
mesare	4
moton	4
abatoa	4
ofidua	4
nodin	4
nnidisoa	4
mmaden	4
twitwatwitwa	4
masensan	4
meresiesie	4
metiri	4
mansiesie	4
merensiesie	4
mantasetase	4
matasetase	4
mentasetase	4
akosane	4
mankosane	4
atoduro	4
akwoa	4
okumanini	4
demire	4
mokyea	4
merekodi	4
menkodi	4
kokaa	4
merekyekyere	4
abadwam	4
antubam	4
sikakua	4
animosum	4
dakwadwam	4
dawurokan	4
nnawatwe	4
nkatia	4
manse	4
agyaako	4
buroniba	4
gyinafredua	4
neeseni	4
monyo	4
tikyafoa	4
konia	4
brempon	4
nnwontia	4
akafu	4
medine	4
kumaseman	4
bannaman	4
nanahemaa	4
maweri	4
ofasante	4
anisu	4
asianka	4
atonso	4
nnomuahene	4
buokrom	4
odoforo	4
kantinkyire	4
dakodwom	4
denyase	4
obirempon	4
akuntunku	4
nsuben	4
baworohene	4
akyaamaa	4
bosomafi	4
patre	4
atweri	4
agyakum	4
afiade	4
kankyerekyere	4
aduenya	4
atakyi	4
ofiramani	4
bibin	4
akomfode	4
anomie	4
edwesohemaa	4
ntuoase	4
akwaduo	4
ampabame	4
ammehata	4
worewe	4
ntasa	4
awusin	4
bomma	4
ataso	4
amoakwaa	4
deduaku	4
mamponten	4
akasadi	4
frafu	4
shikari	4
huasu	4
asamaa	4
oboroni	4
akyereko	4
akade	4
atense	4
homman	4
nkwakora	4
nhata	4
apensa	4
nyisa	4
nsuman	4
baafoo	4
asafoa	4
obabaa	4
dayie	4
dram	4
wohata	4
wonnuare	4
batafose	4
aporiso	4
benkye	4
tafrakye	4
nnanmu	4
ntentenmu	4
mmoto	4
wonnoa	4
osekan	4
owansan	4
odumui	4
wite	4
kanyankanyan	4
nantenante	4
dundum	4
huia	4
hwue	4
sikamono	4
agyensu	4
odoto	4
nhyeso	4
obantoni	4
amoaben	4
asieduaa	4
wokaka	4
wookwan	4
horonoa	4
asubo	4
akapere	4
botowa	4
aberanna	4
fitie	4
gyaaseni	4
asonoka	4
wamuna	4
amansem	4
animduru	4
obatani	4
dedadeda	4
anototo	4
dahome	4
okyerekyerekyere	4
nkahyem	4
amaneebo	4
wiridudu	4
samanse	4
duase	4
ntwakae	4
owisikwan	4
ofuru	4
aneneduru	4
obanana	4
potwa	4
siaba	4
mmarimasem	4
okatakyi	4
prentoa	4
suabea	4
wiesa	4
awotwa	4
harebare	4
mpahyewa	4
ntokoa	4
kwapae	4
pompan	4
nufuano	4
barehare	4
nsuani	4
kasabea	4
fedi	4
adebo	4
akwanne	4
duema	4
aboe	4
bonniaye	4
adiakyiri	4
pompon	4
nkafa	4
mpereho	4
fentem	4
atimum	4
gono	4
tibonkoso	4
nkatakonmu	4
apowuru	4
nworan	4
nsoaforo	4
katirikatiri	4
obuam	4
buano	4
mfowa	4
nnyinasosem	4
dukuduku	4
karibo	4
tukwan	4
asowia	4
mfrasa	4
nimia	4
mpomponoe	4
aburuburu	4
widen	4
brantam	4
abanto	4
takataka	4
ayima	4
mpanyinsem	4
tamu	4
ahokum	4
ahofa	4
ntenkye	4
opranna	4
akyidua	4
atabo	4
nsenkye	4
monane	4
nhwere	4
bidira	4
wokyea	4
sunsuane	4
nkaano	4
ntoho	4
abotubea	4
amanae	4
apratwom	4
akyerekyerekwan	4
owowa	4
woapene	4
ntereho	4
kondua	4
awaka	4
ahwesofoa	4
abodwokyere	4
wabema	4
abakanmu	4
banam	4
akonsin	4
mperennu	4
adidibere	4
nodinmu	4
watwaa	4
wononom	4
ahenme	4
nkapem	4
waatwa	4
waahwere	4
wawea	4
duuduro	4
mmabora	4
waammfa	4
wannsan	4
duonu	4
bofunnua	4
nsunsuan	4
wommere	4
afofora	4
nnsanka	4
hwamma	4
mohwehwe	4
wakran	4
nnkaka	4
wannso	4
ayankoa	4
mubuo	4
nnufoa	4
nnimu	4
waanntumi	4
wannsusu	4
edemdie	4
wemom	4
nsenkyeremu	4
waannya	4
mmoaboano	4
owufoa	4
waredi	4
ntataasoa	4
adwumaya	4
nkansan	4
kutakuta	4
akaasie	4
nnuabosom	4
asubosom	4
atenankonnwa	4
apoa	4
mosusuu	4
wabebisa	4
muamua	4
nkuaba	4
homase	4
sankaa	4
wakwati	4
adimu	4
ahosane	4
edwono	4
pofoni	4
baeke	4
nsuhyen	4
wimuhyen	4
apetehyi	4
mfeaa	4
osomafoo	4
moafom	4
nhyema	4
ahaasuon	4
ahaasia	4
ahaanan	4
ahaabiasa	4
ahaabien	4
aduasuon	4
awatwe	4
ketiketiketi	4
wokotie	4
twahoframa	4
akyeremu	4
wabeda	4
tuntumm	4
nnuabubuo	4
hahahahaa	4
afiafie	4
munkosie	4
merentwe	4
suwon	4
nedum	4
hononoo	4
kwaben	4
aduawotwe	4
nnsere	4
akwasa	4
atrontron	4
merebenya	4
oseewaa	4
borede	4
mpemdubiako	4
mpemabiasa	4
mpemabien	4
adasemma	4
wabedu	4
nkratasin	4
bewurawuraa	4
munsuaa	4
aniwewu	4
ankyekyere	4
gyaame	4
akanokoraani	4
wuason	4
betrayeda	4
ankase	4
mmatende	4
mennuru	4
antietam	4
worennwen	4
ofen	4
saanwu	4
okaforo	4
toatie	4
akoho	4
motiaa	4
apetepete	4
biafura	4
nkerafi	4
nkyenesiam	4
afewi	4
betintim	4
wontwewontwe	4
trabuom	4
nkoduu	4
bahyire	4
sasaro	4
mamdira	4
ewuraama	4
baboda	4
kotokrodu	4
etuhoama	4
kanadeta	4
aseeso	4
mudada	4
bereata	4
debue	4
etiaa	4
simonyan	4
sonkyi	4
aboodede	4
hyea	4
kuroaedabepo	4
kwakwakwaakwaa	4
mosanto	4
awenta	4
mesian	4
bekyia	4
demokra	4
nononoo	4
woyinkuro	4
abakwa	4
ketuabi	4
mudare	4
etuntum	4
menware	4
mofiraa	4
abubuanu	4
akyiriba	4
twimme	4
yapon	4
mmaae	4
atamu	4
hwumi	4
werekaan	4
sahaa	4
kuraan	4
afetenten	4
hakuusen	4
mewuraa	4
saakade	4
baredu	4
taman	4
hwanwan	4
menoyo	4
sunum	4
prepotente	4
owampa	4
owose	4
nedam	4
nyansafidie	4
sonataa	4
meroware	4
mebahakyi	4
nebaa	4
sosanoo	4
nhanyan	4
mfodum	4
fuwoomm	4
akintunwa	4
ntoose	4
bisate	4
measuroo	4
awuite	4
dannu	4
banton	4
posu	4
mentam	4
nkunyimdinyi	4
twoare	4
okona	4
sennua	4
ntumua	4
wanyiwa	4
yohan	4
yankomam	4
afentra	4
anmie	4
nhomm	4
horiru	4
nonin	4
tayam	4
kareen	4
woodoo	4
dunto	4
nikoho	4
wudwore	4
afetusoso	4
handari	4
abeera	4
meetem	4
baawuae	4
lunasin	4
bebiru	4
afade	4
momokuro	4
yowie	4
taaman	4
aniteeni	4
mareko	4
monawada	4
teamme	4
ntinaho	4
okoduwa	4
senmu	4
tweeaa	4
bepuapua	4
woafie	4
temake	4
todokeba	4
kaataa	4
sumonato	4
yaese	4
wabaso	4
moresusu	4
tintintoo	4
nenekunu	4
muneme	4
tamati	4
kanadeteru	4
noato	4
kotintim	4
mmne	4
awurafua	4
nhyirabananayaa	4
kofu	4
yadwene	4
maken	4
wubetuan	4
wehwisen	4
ahamana	4
tiemu	4
weme	4
fimfam	4
mesanso	4
afrotoo	4
edue	4
anikwe	4
madwoma	4
ninam	4
saekaa	4
nsara	4
nekyi	4
awowu	4
anunaa	4
enyinaso	4
yafudimisin	4
wadeda	4
kawayi	4
matate	4
maebi	4
afaforo	4
ahwerease	4
makron	4
mahan	4
moeko	4
oyekwasea	4
wowim	4
mawina	4
musika	4
karete	4
motuom	4
mehwi	4
ofoyi	4
ofuransu	4
mandam	4
adofonom	4
soreha	4
ahemaadwa	4
metrabaa	4
meremfi	4
babani	4
soraabi	4
woannti	4
nntoman	4
akosuaadoma	4
gyebiaa	4
woasina	4
mabesom	4
nhomaa	4
nufiame	4
mfuban	4
daratan	4
mooma	4
afurakanu	4
monmusu	4
edana	4
gyiminibaa	4
akukuoduru	4
afrinaa	4
pokafase	4
ennyinaso	4
woananti	4
womanomanoman	4
abiewere	4
matero	4
saakam	4
ahanyan	4
awuraama	4
kanason	4
nonnina	4
nedumina	4
odaadaa	4
sodatete	4
asuakwa	4
tomomi	4
sanna	4
anuonyanne	4
komonko	4
sunkanmi	4
samaayaa	4
newui	4
womienu	4
mebuke	4
mekeda	4
afintan	4
momoo	4
haabo	4
ahodemo	4
bankyerebankyere	4
nuko	4
mansaa	4
naben	4
tinem	4
paapaan	4
yantumi	4
buronko	4
enkya	4
takyinaa	4
nebim	4
merepo	4
mandaa	4
nyiama	4
nniama	4
sikuruu	4
morenno	4
entibo	4
muritani	4
oguso	4
nunyara	4
bisato	4
muofa	4
monnoa	4
kraakye	4
debutante	4
howahowa	4
matanka	4
yakyin	4
fukase	4
pokaabu	4
owasu	4
sukete	4
marason	4
tatianaa	4
aduni	4
seara	4
subono	4
adusu	4
mumerika	4
beabeabea	4
nayara	4
susunan	4
sisona	4
anome	4
horawe	4
ketebere	4
maafia	4
nnawuba	4
tibone	4
yoohoo	4
naaraaya	4
hoofi	4
nanaakyin	4
neniso	4
nonononononon	4
nkoduru	4
kwuae	4
andwehwe	4
wunam	4
wanyaan	4
ammanamme	4
woyite	4
woodason	4
nwanuaforo	4
nnaemeta	4
finne	4
wommre	4
kenkaan	4
nntim	4
hwanyane	4
birimi	4
mfisea	4
paakwaan	4
kenaa	4
ntanyaa	4
twetwere	4
mebohye	4
dedene	4
makosu	4
awore	4
montwon	4
yafuno	4
wonkatonka	4
adamfadi	4
konduru	4
norowareru	4
meturu	4
mammutware	4
ninnim	4
damanka	4
mapono	4
mekiere	4
shonu	4
eneware	4
ahanam	4
toakye	4
katerine	4
ankeaa	4
mmommom	4
amate	4
twintwan	4
yodi	4
menyaabumi	4
nyameakoa	4
homekase	4
atike	4
akutan	4
nnuuwa	4
akomfomu	4
abomo	4
yokubaru	4
abaade	4
hyeno	4
dekaa	4
momoni	4
awenni	4
kamone	4
potentiam	4
owua	4
pawin	4
andonware	4
bandonware	4
neesa	4
nimri	4
akintayo	4
boam	4
butebi	4
natetetete	4
nkomire	4
baatankoro	4
beako	4
mennma	4
bantuan	4
yamari	4
soasuam	4
nedibea	4
kariwa	4
adakamina	4
ahwidaye	4
biribiribi	4
kwaseato	4
nyankono	4
egyan	4
munkie	4
nwonkoro	4
bitoman	4
momusu	4
sinya	4
hosometeta	4
manohana	4
katenye	4
abububu	4
mokoma	4
wakuwakusuru	4
katari	4
wondufoo	4
mmadoma	4
morufasu	4
ahimikro	4
ogummaa	4
musaa	4
kareeda	4
amienyi	4
wooware	4
pootie	4
nnanaman	4
woakura	4
hotoro	4
bikim	4
serine	4
wanisa	4
nhyeta	4
samusa	4
apeto	4
akuara	4
huua	4
momoomo	4
sesen	4
hakama	4
awedi	4
momenti	4
koduaa	4
mokware	4
matabusu	4
netorikata	4
kaapari	4
nosaa	4
kasatome	4
wesin	4
trente	4
owunko	4
medimoa	4
atumpa	4
metwabi	4
taresa	4
kaahye	4
medinda	4
awonwade	4
ogusuaa	4
pakuu	4
sumontaa	4
agyibara	4
annewan	4
woodaba	4
momde	4
entienti	4
fenenkyemm	4
nkataban	4
afieafie	4
neamen	4
sweare	4
aweare	4
wootwa	4
nesuo	4
kuhye	4
wotafre	4
yaabie	4
masode	4
samayi	4
nnwumadi	4
mootwe	4
annae	4
mamankam	4
nkuaa	4
homane	4
entradoo	4
habiaa	4
sukeeru	4
bokunu	4
osowa	4
montebedi	4
modori	4
nwofia	4
yonne	4
bankapan	4
furareta	4
konono	4
ammamo	4
yawara	4
nibea	4
mempepa	4
haseena	4
mabeduam	4
asudam	4
hyeden	4
wannaboom	4
woamen	4
wuuam	4
atwamena	4
afoaku	4
nunumi	4
solie	4
sunsumma	4
matoro	4
neruda	4
nowusiko	4
kamamenka	4
tutue	4
timekode	4
samanta	4
nawena	4
nitafa	4
mpoaa	4
nkunya	4
karara	4
kafofi	4
anaakwakira	4
saruu	4
moaku	4
anketa	4
tumia	4
nikose	4
paakwadwoa	4
kasammebu	4
boaae	4
afunni	4
atrika	4
asitena	4
senkoku	4
saen	4
anteni	4
niren	4
anyiwama	4
serennaa	4
mminsa	4
asutwabea	4
odudua	4
atoria	4
adenka	4
titanum	4
kwaka	4
wowuna	4
maawan	4
tomamu	4
wubesuro	4
entumiera	4
honmaa	4
watanabea	4
kaanibaru	4
naawan	4
deewanaa	4
batete	4
wuside	4
luanuu	4
pomo	4
timewise	4
demmu	4
kokromotie	4
sarayi	4
wunin	4
furubi	4
nsinsan	4
durumda	4
biribireba	4
welaa	4
asantewaasika	4
nendon	4
teasema	4
pakaa	4
memem	4
mehohoroo	4
abonuako	4
akoabonua	4
mesakrasakra	4
awandoro	4
tueda	4
entumiese	4
baren	4
nsammerane	4
hokyaa	4
barusan	4
nhofa	4
wuwennan	4
ofumi	4
krasote	4
mantwia	4
funnin	4
akutea	4
wubenyan	4
neboa	4
anneme	4
komoto	4
nahen	4
hodaa	4
homeme	4
wahenni	4
tetweamoa	4
parasoru	4
adamantum	4
namete	4
muntaa	4
baafua	4
detekuru	4
makare	4
ntwahoframa	4
neku	4
duaduanya	4
duea	4
efetua	4
apommaa	4
mmoda	4
osotie	4
sanomaru	4
boroni	4
teaseni	4
bonkabonka	4
siturina	4
kamene	4
buruburo	4
edebiri	4
turantonyo	4
ahyehyekuru	4
mahera	4
benkumni	4
wodadwene	4
aboka	4
abokwaa	4
hokanson	4
napapa	4
waawi	4
abonnenen	4
monnin	4
wootwe	4
awanwan	4
kabadayi	4
awomanintime	4
kafaya	4
basira	4
wubemiamia	4
edwami	4
naseru	4
karumaa	4
sanwara	4
anieta	4
kawum	4
terebu	4
aseara	4
harayenaa	4
yaduru	4
enimu	4
ahomaro	4
asoom	4
amora	4
kenku	4
dennim	4
yonu	4
fude	4
luwu	4
asenaa	4
asawi	4
wonntie	4
afoforafoforo	4
ntunteam	4
mennaae	4
kamfora	4
kawasumi	4
boyara	4
awoken	4
boakyi	4
tantarosu	4
kabakuru	4
ponsawan	4
primanota	4
awem	4
wundere	4
abotae	4
krin	4
okikurumi	4
kaari	4
birara	4
nimfomanie	4
nomae	4
firimu	4
meden	4
monoka	4
maeraa	4
abandi	4
sasaede	4
pokora	4
obeere	4
bakasu	4
kanaderu	4
woworo	4
odufemi	4
amrani	4
detoo	4
soonku	4
anyarae	4
adabo	4
ataae	4
drosia	4
taawan	4
moesakaru	4
shien	4
harakiri	4
krini	4
gyapo	4
waea	4
edenam	4
asaadua	4
nampade	4
enamora	4
sorasuna	4
sunye	4
yameda	4
katara	4
furaseru	4
metrowoman	4
menyafumi	4
yakoman	4
woaan	4
mendua	4
parure	4
mayin	4
dawodu	4
babaru	4
nomon	4
medwenne	4
awome	4
bosansaan	4
akyerem	4
baransaa	4
nonsensemode	4
noaman	4
kwandon	4
damen	4
ademe	4
aparade	4
waniwani	4
matrosom	4
promoti	4
anakura	4
medwendwene	4
manyaa	4
ewomu	4
ninini	4
mmaawu	4
sikaya	4
yakike	4
kekedi	4
tedumare	4
dutuwada	4
pande	4
behyirahyira	4
tubesafari	4
nwokorie	4
modware	4
nkwadu	4
yapaawe	4
nkorofonam	4
awue	4
brokrom	4
kotiako	4
saete	4
nansoyi	4
asianmom	4
deaton	4
obinwanne	4
mentimehoase	4
mensin	4
moono	4
medesano	4
hanae	4
kesewaa	4
kowabon	4
yasesa	4
moransa	4
kwatro	4
munae	4
obake	4
apabo	4
woote	4
awofum	4
osamana	4
brusu	4
yameta	4
kenkuwa	4
fiwu	4
nwoka	4
buenisima	4
odaaso	4
ntaadu	4
tinu	4
biene	4
yasuro	4
hawaawa	4
paramore	4
odente	4
kaakaabotoni	4
nkyekyea	4
nntamubu	4
fuen	4
wubuwu	4
twinkie	4
makea	4
furuete	4
mfika	4
wurin	4
bankom	4
demisa	4
yadwinnwen	4
merepue	4
akwiri	4
wafata	4
dumiem	4
okrasa	4
behide	4
wubekyinkyin	4
brame	4
muniwin	4
afemia	4
fureba	4
adanini	4
atamuada	4
mudam	4
mmeaka	4
kononnya	4
amahen	4
tebese	4
gyinatwi	4
brasia	4
anafoam	4
afese	4
huron	4
edisen	4
wawasan	4
efuoo	4
nsukorae	4
pantera	4
yahenni	4
wowowaa	4
atukwan	4
soyebi	4
ntintintinti	4
yamenakya	4
atworo	4
afelike	4
haseru	4
bekrari	4
tuso	4
aboha	4
buiare	4
matintie	4
fennaa	4
besote	4
sababa	4
haano	4
haribo	4
shedi	4
paanaban	4
annisaa	4
mmentimehoase	4
bofra	4
bonaa	4
woadedode	4
naesam	4
hadanaa	4
tabanka	4
aninyaade	4
adwinkwi	4
noontime	4
shimekiri	4
wanwanwanwa	4
memoriam	4
adedire	4
anibie	4
nooku	4
sorokina	4
fikae	4
daseru	4
bawon	4
twinkum	4
owuoo	4
wompanofro	4
hwehwea	4
nwafa	4
wuuri	4
obuwi	4
akue	4
amanu	4
taeho	4
soredeha	4
adeataa	4
asekyerewa	4
ntoyi	4
wuenaa	4
entiesen	4
meanwua	4
dammuso	4
kamran	4
nubae	4
akanko	4
mentemehoase	4
ahosam	4
takye	4
deara	4
wonkosiesie	4
anwita	4
duduruudu	4
meato	4
paakyo	4
manamanata	4
twankum	4
neeru	4
ensin	4
akamam	4
okri	4
nwotwewaa	4
akinnanu	4
sudati	4
okofom	4
hayabusa	4
sasaeteta	4
aketenakutemo	4
wokwasia	4
tunisie	4
okakoro	4
siron	4
hwom	4
trapoo	4
afadan	4
sharom	4
adiaha	4
nsea	4
akakrakra	4
hoatra	4
wewoka	4
awudua	4
notam	4
ayaana	4
duakye	4
nnuaso	4
worehwe	4
bindi	4
wanse	4
muban	4
mmayowa	4
wansakra	4
gyokyomae	4
kodum	4
bananamania	4
ahotan	4
woowone	4
nkosana	4
karimaa	4
nakare	4
sikoraa	4
enyinne	4
moredasu	4
naankaa	4
makarabo	4
tunan	4
gyaraa	4
honkurum	4
tabatabae	4
gyataa	4
kenyin	4
ahwerewam	4
ahyinu	4
obekyerekyere	4
ntwine	4
woantwe	4
anubisu	4
sahaayamaa	4
adabito	4
bebaadaa	4
medim	4
nsaawa	4
yatena	4
bosakanya	4
saabo	4
wakisa	4
asasekwa	4
sukuea	4
yabusua	4
awito	4
kolinto	4
wantete	4
paraya	4
kutono	4
benyiwaa	4
nkutahodi	4
manipa	4
osorenu	4
tannye	4
sohora	4
butufrom	4
boatema	4
ankane	4
yabura	4
shammi	4
hotumi	4
shaku	4
shwea	4
mennyin	4
ahomaakye	4
yarete	4
howum	4
kumnandi	4
kaahoo	4
sasuke	4
honwan	4
paraense	4
bunkokan	4
sannie	4
munnie	4
wawaweewaa	4
niema	4
komanoo	4
maayeraa	4
katenaa	4
baeten	4
fufuru	4
adwaredia	4
ayini	4
wameku	4
mamfero	4
naare	4
shina	4
ammie	4
boawa	4
nakaba	4
nakamaware	4
morote	4
sonte	4
wonipadua	4
tennyo	4
boteese	4
froyo	4
nkrofu	4
burim	4
mahiti	4
maadu	4
ahenkrom	4
mmontano	4
webunya	4
paasa	4
lude	4
barayia	4
efehosa	4
tapabo	4
madwidi	4
namima	4
dummam	4
nebuwa	4
kakwaaba	4
fikrine	4
seaa	4
awofi	4
wommenya	4
anatum	4
soana	4
odomanin	4
koronnda	4
yatoo	4
efutuo	4
nyinaade	4
tewani	4
komunyaakaa	4
patafi	4
someto	4
terena	4
newaneko	4
dueen	4
nyameanaa	4
sikapo	4
yokuruma	4
bamm	4
mededa	4
yomdin	4
woebedi	4
bebamu	4
adahem	4
sanakya	4
hodam	4
sorina	4
swoman	4
aboowaa	4
aboowa	4
kenyataa	4
yatirim	4
mentre	4
etawa	4
ankyinkyim	4
matinya	4
wutowu	4
bedwamu	4
siete	4
akruma	4
monnyam	4
nyantumin	4
nkrankrom	4
dabin	4
mmiroa	4
wuom	4
afiaakyia	4
dabadaba	4
mokokraa	4
paasento	4
anonwoman	4
nwoa	4
adaworomma	4
makedoniani	4
mebaaye	4
menkyia	4
mmiae	4
mebam	4
nosesae	4
okwuma	4
somoa	4
abaam	4
wuetende	4
bimakuru	4
mfafi	4
natwi	4
nyansan	4
boanya	4
banme	4
porori	4
ennsuma	4
fuuton	4
woriri	4
sonnafuni	4
ahomatrofoso	4
wonderin	4
ewuako	4
mmdi	4
napapaa	4
atudan	4
manyae	4
amira	4
nisanka	4
nesuban	4
daedabi	4
sufira	4
lumayan	4
kankuru	4
nkamfa	4
sikakoro	4
katwanya	4
marandi	4
wanwanwanwanwanwan	4
tueten	4
maakekyo	4
merita	4
namorada	4
matrasa	4
poroye	4
antayin	4
dataroom	4
wewene	4
mahoma	4
proare	4
tenteetene	4
akurantoo	4
bebire	4
daandi	4
tumoro	4
yakosoku	4
mmanon	4
meretwintwam	4
wakwadom	4
nuuna	4
afaama	4
akyaman	4
wootrade	4
bukie	4
yokaranu	4
haekwa	4
annikie	4
mmdirememi	4
promprom	4
aniamanna	4
owuko	4
dehwari	4
menyam	4
amatoro	4
wosuan	4
sankuu	4
nnino	4
nuadu	4
kotaeawase	4
waduu	4
watanaa	4
mfinini	4
kansoa	4
mprabo	4
monaa	4
tikaa	4
owoomu	4
soakin	4
woanto	4
menntie	4
poom	4
weakwan	4
wahaa	4
freno	4
wummon	4
anonnom	4
mmaria	4
enadata	4
akarani	4
gyeboaho	4
timewine	4
karere	4
annamo	4
afibi	4
keho	4
ntosa	4
nesika	4
behenna	4
mmehie	4
animae	4
woede	4
sukurin	4
tanam	4
twintaboo	4
kantene	4
yasan	4
kookoohene	4
solano	4
obiaman	4
duanmu	4
wonkawonka	4
maankyea	4
obotani	4
beribi	4
mamoreruno	4
medeem	4
sayaka	4
makuwa	4
wannapa	4
napano	4
korofi	4
subaho	4
asaeda	4
kasabian	4
ennyera	4
wankaam	4
pankan	4
nniko	4
saakin	4
somotom	4
ogyafadum	4
monnsesa	4
hwiti	4
keea	4
yamanan	4
shanaa	4
motoyo	4
saeba	4
nyakunu	4
saayam	4
kwataa	4
kaadamme	4
abotonase	4
abotonare	4
katuaa	4
komasu	4
mmusome	4
nyameadu	4
yaeba	4
nimekosa	4
odinoko	4
nansue	4
wodaho	4
yoone	4
osundare	4
anwiem	4
dewanonton	4
ahania	4
shenkyen	4
hahen	4
deewan	4
enyamanan	4
mankwi	4
namoo	4
akwuakuma	4
matatia	4
asakuraa	4
kahate	4
kabusuu	4
poliesita	4
dehankum	4
kroto	4
bufonidae	4
ahenka	4
mmamam	4
mammama	4
paraaya	4
wakem	4
hoyam	4
suasanya	4
ahomaka	4
podian	4
maekuridasu	4
sorofi	4
maduram	4
nokoseba	4
beatam	4
okinawan	4
sakimori	4
nnman	4
wetaya	4
binyanim	4
awidinawaa	4
tinie	4
krisa	4
nnyankoroo	4
tweasure	4
biwan	4
hayaan	4
nsemmea	4
mamoneara	4
anipam	4
bisera	4
obaruba	4
nutrino	4
mamamm	4
nhyirabea	4
sinma	4
naaninyi	4
sawikin	4
enako	4
mmnu	4
nkantan	4
akwansakoko	4
nkumu	4
lumo	4
awoyesuku	4
nhyo	4
gyema	4
wabon	4
hakan	4
tinyere	4
afuroman	4
baduru	4
presure	4
yakarui	4
odewumi	4
nokyo	4
merebu	4
atinni	4
ntwim	4
wokoda	4
osanyin	4
sorasanakya	4
shwaa	4
mahem	4
nyaruko	4
tweetiaa	4
sokubaku	4
baama	4
ntutumi	4
ninda	4
kasaannu	4
munini	4
akanamde	4
awiakye	4
binyina	4
kotaa	4
hanabusa	4
mmade	4
abisuwa	4
haayin	4
masura	4
mennin	4
wanan	4
kuruwasu	4
anumuonyam	4
nanoha	4
metaforu	4
sorenson	4
wakyehye	4
tusu	4
wabia	4
tasokare	4
mayayin	4
nnwumam	4
mebakyekye	4
kawehwe	4
anyinaa	4
awomosu	4
sankare	4
nimie	4
kranana	4
gyamfiakosua	4
momfansesam	4
dumiemu	4
pokrom	4
mommram	4
haden	4
shimasenka	4
afinni	4
kudase	4
muamu	4
bererosa	4
primam	4
merui	4
booda	4
nomini	4
womeno	4
mmfoam	4
baekye	4
waruu	4
krokromuotie	4
awamori	4
tuite	4
apanawa	4
bedewea	4
banaman	4
sayayin	4
beremennaya	4
yoanaa	4
anuu	4
atankwadi	4
afani	4
adabam	4
moriakari	4
sofiaa	4
apera	4
berasa	4
bamda	4
momam	4
asikin	4
bikoe	4
bonabona	4
demdike	4
nikada	4
nyemma	4
ankandi	4
tebisa	4
bakelite	4
komakasa	4
efem	4
merekaa	4
naapa	4
merewe	4
hasammie	4
nyameti	4
biaba	4
maeri	4
krooa	4
ankua	4
mutafa	4
pompom	4
wadwa	4
mewodi	4
kahaan	4
aguantaa	4
goona	4
aketamama	4
owiraa	4
owinyisa	4
maeso	4
okofaye	4
manyim	4
neelakasam	4
sutraa	4
sonduru	4
sesane	4
ayawere	4
adufu	4
kuraseru	4
suikomarete	4
kaariaho	4
nitie	4
adanmi	4
akinkunmi	4
mayiaa	4
srekwa	4
prakrama	4
sinkware	4
kennyin	4
ahanku	4
horeba	4
basaaya	4
nabaara	4
tiedote	4
ntaataa	4
praetoria	4
wundian	4
ankodaan	4
ankwaase	4
ntoti	4
nyasu	4
yoka	4
annwuu	4
mummia	4
wareda	4
nabayan	4
anyankaa	4
asunkuru	4
trendi	4
adutwuma	4
manasu	4
mewuwom	4
kwantam	4
mfundi	4
awotedu	4
nkommu	4
hanako	4
torora	4
adaen	4
animekosu	4
wokwe	4
woronoa	4
neere	4
baatiawaa	4
annamma	4
buhin	4
kwanim	4
mfedu	4
amforam	4
afeaye	4
mohyi	4
kameroen	4
medewe	4
ahwiaso	4
akwaro	4
agyini	4
ateetie	4
maminku	4
handi	4
biarae	4
okoroanyanwu	4
ogunwumi	4
twabam	4
wonwonoo	4
muuto	4
komuna	4
ankomako	4
akimoto	4
mukyea	4
tahwetahwe	4
batayen	4
kaniba	4
nwibo	4
afarasiabi	4
widekoko	4
kasari	4
kadim	4
sewe	4
tratare	4
nandemo	4
aduanare	4
toronyaa	4
soyo	4
adelanwa	4
nirusu	4
tokusa	4
masinnya	4
nnabuo	4
ahenesia	4
amatore	4
merindui	4
awarene	4
sheko	4
tonneru	4
wowen	4
kwaapam	4
teasetie	4
tewam	4
bururam	4
dentaa	4
ntomentwene	4
nanwoo	4
marikon	4
sempae	4
bikinnyaa	4
fisaa	4
furase	4
takyiamoa	4
buno	4
netea	4
animeme	4
wanwansumi	4
nkorinto	4
delia	4
takwaa	4
setiawan	4
afianti	4
gyemu	4
yoroko	4
takyin	4
etemede	4
danika	4
anumi	4
duwa	4
dewaarawa	4
amoakowaa	4
hyian	4
kondaa	4
waena	4
wofu	4
wannabeahero	4
menkum	4
betera	4
ntoru	4
nwamadi	4
natooro	4
brannon	4
nkaso	4
mukabi	4
fuite	4
anisim	4
brunson	4
shekare	4
krati	4
ntenetene	4
twereduapon	4
ammiri	4
afiaantwiwaa	4
hanaan	4
suran	4
odiasempa	4
annammoro	4
nenyeso	4
wantedannya	4
dareda	4
hapenya	4
somomo	4
adomakomaa	4
daate	4
napon	4
nanaadwoa	4
kabiara	4
monnem	4
adwore	4
matayo	4
komuso	4
tunyan	4
kumman	4
nsomo	4
obiarabewu	4
mediam	4
neeko	4
nkasawura	4
manidaso	4
sereena	4
kasanne	4
nkasayi	4
maduadua	4
ababuo	4
makwamu	4
nkranim	4
nwanya	4
nwiaa	4
medura	4
adansina	4
adankwamu	4
mutumiri	4
kenuu	4
amanti	4
parae	4
pasuteru	4
asurae	4
masaba	4
takaa	4
kuimakuru	4
wabisoa	4
kokosolie	4
pafu	4
amuin	4
shonda	4
ntaba	4
nenna	4
mekyima	4
monon	4
yakayaka	4
banneran	4
nwanu	4
wian	4
sweri	4
nsiananmuu	4
mammimom	4
nwese	4
mofraase	4
haabibi	4
kuuno	4
nkurani	4
honia	4
bororo	4
kakikata	4
taammi	4
porosa	4
makode	4
sinsa	4
notredame	4
nwokonko	4
wankokoro	4
fukikesu	4
tofuu	4
masuro	4
mabawonku	4
adiaa	4
wakariri	4
asasimi	4
bayinya	4
yahye	4
mondokoro	4
afeen	4
biasamie	4
koreaan	4
awirade	4
awotwie	4
musen	4
odeen	4
ntuwa	4
shansaa	4
bisesua	4
awami	4
niban	4
afufa	4
maayin	4
binnu	4
surae	4
natie	4
wiwikwae	4
safori	4
mawata	4
baasasu	4
wennaa	4
demokan	4
kubina	4
homemebameba	4
nnanta	4
ahimiwa	4
asida	4
akran	4
odawan	4
saradaa	4
wutoo	4
nnuto	4
santum	4
nemuke	4
yarenna	4
aberebiaa	4
ahamm	4
wommuu	4
metemma	4
susuawu	4
goyo	4
sakuko	4
kohomada	4
mekataa	4
sukoo	4
hantam	4
yakamo	4
matome	4
musim	4
meneno	4
waraku	4
kaapre	4
asodoo	4
sunare	4
sanea	4
batua	4
egyankaba	4
nakaram	4
kanono	4
timeka	4
mampuru	4
wasureruna	4
asomakum	4
yooma	4
odesuani	4
ayaya	4
kuromame	4
deaeta	4
aseme	4
abukari	4
hannem	4
anamme	4
nanoose	4
kasekenken	4
adutwiwaa	4
nabin	4
anuneaa	4
okuapemman	4
brina	4
yasen	4
abusuasanten	4
bakwa	4
kawamo	4
weenu	4
monia	4
tayoo	4
memea	4
harea	4
hamasa	4
mohamm	4
kurumuu	4
dawoso	4
medowie	4
amfate	4
nooaa	4
abodea	4
pabo	4
windaa	4
anafoo	4
asawaa	4
wenti	4
kamaye	4
yaataa	4
kotofoto	4
senke	4
anyankasu	4
nufufufu	4
tudura	4
mfumi	4
weenaa	4
andana	4
etammam	4
motohiro	4
nyinaku	4
kwaseabaa	4
aniwusem	4
afeere	4
shokusu	4
morunntum	4
wirusu	4
tonyina	4
kakoma	4
asedaa	4
anafikri	4
woadesua	4
friesen	4
anabasua	4
kawawa	4
moresua	4
weabinti	4
meniwu	4
kuruwase	4
anmi	4
adwuna	4
parakramaha	4
nnantwi	4
atibiara	4
adasaba	4
adwenen	4
muwino	4
honnoo	4
aduanase	4
suoto	4
atwani	4
homehome	4
ansibi	4
moakokoro	4
nnawabi	4
fukuroda	4
nkea	4
borero	4
sakyia	4
yamuda	4
monua	4
munka	4
enyimia	4
akunkumakunkum	4
moyere	4
muide	4
bruma	4
bunitaa	4
mudae	4
komoware	4
tataku	4
teasetease	4
abomasite	4
bisiara	4
merika	4
menmen	4
twotwoa	4
haritada	4
abaafi	4
dusen	4
anokoare	4
madibebi	4
hawaye	4
gyamme	4
teka	4
amori	4
mmamoriri	4
atabae	4
ntae	4
mennyiba	4
ayemi	4
tinson	4
katebu	4
samfi	4
tamae	4
nesu	4
karakuri	4
nyanin	4
abameba	4
tronko	4
semuaa	4
atanda	4
hyame	4
anwowosem	4
wudum	4
molam	4
annuase	4
podere	4
anuatoro	4
hamusutaa	4
ahayede	4
akasia	4
daesu	4
katrari	4
mekrare	4
asetinamu	4
hatem	4
anadwi	4
sutena	4
kamamanaa	4
agyenkua	4
nyone	4
modara	4
wabamu	4
boana	4
sunware	4
mubira	4
gowikan	4
swansom	4
haroo	4
widie	4
nteaso	4
koomme	4
breakyin	4
afebeda	4
kunsoo	4
kumitate	4
betwem	4
kusuma	4
akoae	4
satwem	4
afipehome	4
nunno	4
bofore	4
kendari	4
karanne	4
nhwiri	4
beeru	4
bitade	4
ahyo	4
amankye	4
wundae	4
kuronosu	4
dedende	4
hundan	4
sisimi	4
oguri	4
amebae	4
nwami	4
bokusaa	4
abatraa	4
afribaba	4
mewuwu	4
nofofua	4
ahansan	4
gyewaa	4
mammi	4
banania	4
binea	4
meareeaabi	4
teayi	4
luse	4
tantum	4
simfoni	4
nsunya	4
bronsam	4
entiro	4
fukui	4
afiesie	4
oyewummi	4
maream	4
musaabuba	4
wonwonwonka	4
pokusa	4
besitoo	4
ntafuo	4
dasa	4
tomate	4
manimani	4
firewoman	4
sodomu	4
buekwan	4
sebika	4
nnakwu	4
wadayi	4
kahen	4
pohon	4
entenka	4
wonkru	4
derose	4
efirami	4
nnandaa	4
nkasawe	4
froaa	4
afaye	4
kenyam	4
anyahemmo	4
kafom	4
moeru	4
awentasem	4
ayemo	4
tabari	4
nakedwoman	4
seemi	4
mfabi	4
gyotam	4
detawu	4
sonnanonnanon	4
sonnanonnan	4
memmi	4
teku	4
konye	4
efese	4
mumfura	4
aheba	4
tukwa	4
takam	4
wandode	4
enaka	4
dempo	4
duaare	4
hompo	4
toyemmu	4
weebi	4
nanaama	4
shebi	4
mfui	4
wereba	4
ahanonu	4
beato	4
ankyemi	4
anyami	4
morandi	4
sudahannye	4
bawuu	4
yammabi	4
nnmadi	4
nanin	4
andoromeda	4
manae	4
akommea	4
tinima	4
akwansakokro	4
ayamami	4
muue	4
biarute	4
pawabam	4
apare	4
edenya	4
twomoore	4
akwafina	4
ayabie	4
babura	4
hasino	4
afeneea	4
findom	4
adaara	4
okasareta	4
odwiraman	4
kokosam	4
wabeduru	4
awuarade	4
kapori	4
ennom	4
nindon	4
asadu	4
samasanakya	4
osona	4
serasera	4
kwaebibiremu	4
konyawa	4
nhena	4
osude	4
nasin	4
kunuu	4
afiririmako	4
afureta	4
kwonka	4
apankan	4
ketam	4
ansara	4
makaho	4
obinaso	4
bawue	4
beduan	4
kontenti	4
adamfi	4
neesan	4
dutamode	4
tutum	4
woasian	4
drakon	4
marinda	4
nnson	4
komadi	4
womanwu	4
benoa	4
afriwan	4
akiri	4
kudake	4
dankaa	4
bantuannyaa	4
komedi	4
manyere	4
anyime	4
shenmue	4
antedon	4
mmanninini	4
kokorin	4
firutaa	4
hantaba	4
benom	4
waruusa	4
sikyewunde	4
hoosie	4
hohoende	4
tinde	4
okatie	4
mokwa	4
mmawuamam	4
nwaada	4
asafotufiami	4
boabo	4
atweba	4
showum	4
menyakokoro	4
mufua	4
soliman	4
osoreru	4
wimo	4
konkoro	4
kanokre	4
nkumidi	4
pandaa	4
afranekurom	4
maamu	4
kurosu	4
futaa	4
waabaa	4
winnyawinnya	4
fiba	4
wotea	4
afrikaan	4
bahade	4
kuranda	4
sabonini	4
bensin	4
annamaria	4
kaanto	4
anmfotia	4
anmfoati	4
enkyen	4
ayemike	4
waanowaano	4
annaabi	4
nuta	4
odwani	4
atokara	4
mansuba	4
bereniko	4
kantine	4
nohomo	4
adoram	4
taaso	4
desitin	4
kansen	4
asanina	4
sasase	4
babayi	4
odorode	4
lutaa	4
kroo	4
odomakoma	4
okolie	4
honoruru	4
abetrani	4
koronaa	4
needaa	4
sharin	4
wanson	4
wonku	4
anaanu	4
burukina	4
anmfitoa	4
anmfiato	4
abandoneware	4
delanson	4
abipon	4
anworaba	4
beaba	4
ahame	4
akasame	4
dedom	4
nkaabi	4
anadwu	4
homem	4
nnanafu	4
kawakami	4
merano	4
abatri	4
anude	4
finaare	4
nurufufufufufufufufu	4
maruua	4
asufa	4
patata	4
nonaa	4
bonnsu	4
baraboo	4
promotie	4
wasurenakute	4
wenkyi	4
entraba	4
ayakua	4
naraba	4
atenya	4
ahonda	4
momodi	4
yamanami	4
ahonara	4
nusuaem	4
basie	4
luea	4
duakontonkye	4
kasoo	4
wuanti	4
nadaan	4
tebebawi	4
sewue	4
nnahoo	4
moasen	4
aninwaa	4
soha	4
shantanu	4
nyinaafere	4
amantia	4
dreaa	4
owine	4
yofuke	4
denko	4
sakyan	4
nnaneme	4
nemfoman	4
odafa	4
adafatan	4
adafase	4
komaha	4
mmusuadua	4
nnietoo	4
sowon	4
odoranya	4
kuukuwa	4
manomeetaa	4
wowuo	4
mennie	4
sukuname	4
homeru	4
sewene	4
huse	4
maatam	4
adeduro	4
tronkea	4
protune	4
kunkui	4
ponnae	4
seeno	4
taranti	4
dreamin	4
ntayi	4
sapaa	4
basoa	4
akonkwa	4
kuroforo	4
akatakyere	4
ahannenam	4
papaano	4
komako	4
mewaa	4
nnolim	4
modasa	4
boara	4
makeen	4
aniwi	4
sriprasom	4
mokrani	4
kwanndaa	4
duduwu	4
wasurero	4
wuure	4
odorokasete	4
enusu	4
deduru	4
bamea	4
wowasian	4
boanon	4
yante	4
koreta	4
yosetekuru	4
opapa	4
womde	4
wuera	4
menkoto	4
srabon	4
namuda	4
nnonya	4
suaedi	4
adubiaadwoa	4
mebusu	4
nanabayin	4
santinni	4
amru	4
waboda	4
woasea	4
nepotum	4
saedi	4
lutaaya	4
abosia	4
wuinotuuro	4
kareta	4
baroon	4
ahosuta	4
yakaseru	4
aduasare	4
kenne	4
seten	4
animaware	4
tudi	4
denneboom	4
dayenne	4
hommadi	4
wudowe	4
motoko	4
obisesan	4
papan	4
akabi	4
mmusa	4
anwunu	4
toafofoa	4
kosumosu	4
wennuan	4
tonkoko	4
anyawie	4
buien	4
wania	4
keem	4
bikuben	4
maameadwoa	4
apuepue	4
taanne	4
siduwa	4
antwuaa	4
antuwaa	4
bitonto	4
sonye	4
dawe	4
kookwan	4
adwenwen	4
sunkan	4
surofi	4
finare	4
abonaban	4
ayaresabia	4
traden	4
memfoto	4
swin	4
saakuru	4
manaba	4
soraseba	4
makori	4
ananyin	4
kawara	4
sutansu	4
bufransa	4
padiri	4
kwikie	4
sorin	4
sakreka	4
nomo	4
katam	4
nsamerane	4
kororaa	4
wohaa	4
gokui	4
oboade	4
sakran	4
badwenma	4
mmone	4
funso	4
hwedi	4
susabi	4
ayanna	4
ateliero	4
makawaa	4
ahonwa	4
asosiadu	4
nwanuforo	4
burano	4
mabia	4
kasabebu	4
nwanyin	4
nkyiara	4
nwodu	4
pompaen	4
akodiakyire	4
meanya	4
ntiwaa	4
okuapehene	4
nokwareba	4
anyiam	4
anokware	4
waninkoko	4
bekase	4
nwaduru	4
akowua	4
bedene	4
mprem	4
ademasu	4
nkanokunkoto	4
anyinaso	4
nanam	4
sosete	4
tarea	4
nyakuruba	4
ahyiade	4
trampoline	4
dewantoro	4
ahoyo	4
sikoto	4
afetadu	4
buaabuaa	4
naname	4
paadanaa	4
kohaku	4
gosia	4
kanware	4
seaso	4
dania	4
akokoro	4
ntwoto	4
nnebi	4
nsasin	4
funae	4
wuwura	4
wawuda	4
ahoafi	4
tondi	4
okike	4
seme	4
adawan	4
baruwa	4
anike	4
nyinda	4
odewade	4
wommen	4
metaforo	4
abodie	4
seradaa	4
antwu	4
asomdwoehene	4
nuedwoman	4
osawari	4
ataeru	4
boadua	4
adamie	4
surinukete	4
enomoto	4
manuma	4
baame	4
bokete	4
medanase	4
tororo	4
abusara	4
bankware	4
oborete	4
wunwa	4
akomanyi	4
komanyakaa	4
handaye	4
yapo	4
odinaka	4
afanwi	4
nsuku	4
nisen	4
sataaya	4
woahoo	4
wonmo	4
anantaa	4
lunafoto	4
ogyedi	4
abenaho	4
huntan	4
kafodidi	4
habamfa	4
adoruu	4
ansori	4
sirikwan	4
bimu	4
kandase	4
gyemfa	4
aduon	4
okuduo	4
kasaforo	4
kratase	4
ahaamu	4
ammeneete	4
afenu	4
worimi	4
tuannye	4
tenkasu	4
awumoro	4
abota	4
gomawoo	4
womanka	4
akona	4
adoko	4
maanta	4
sueba	4
akrofikuro	4
buso	4
treka	4
wosusuu	4
berewokan	4
maafi	4
krewe	4
akapeea	4
bebedi	4
mmantam	4
woakra	4
sukasa	4
bratan	4
saahwan	4
mmawe	4
natum	4
kumfata	4
okyedokye	4
kewe	4
obieham	4
nammurato	4
annahenke	4
odibo	4
wotasa	4
ahonie	4
bensinnya	4
susaanka	4
sametara	4
wodanka	4
adankranya	4
hankan	4
futatabi	4
okokokokoko	4
fesore	4
adedosu	4
paradisum	4
namfi	4
wokurom	4
hosere	4
akwae	4
banyere	4
ahotonyi	4
edwumanyi	4
gyewa	4
bimari	4
funui	4
nkataanyim	4
safuwe	4
atwaeeae	4
obirama	4
kotokoebusua	4
nnirin	4
asamanko	4
hasae	4
fiere	4
ahwinepa	4
haaweese	4
etwato	4
sarawa	4
kakemaware	4
toraburu	4
nkafi	4
kenkonkan	4
nanokakan	4
drubea	4
mekabae	4
nkwene	4
akyanni	4
atato	4
metosura	4
nyayi	4
kutusitanyanko	4
kumabayo	4
kururu	4
fimi	4
widebore	4
simonton	4
sahaabi	4
komori	4
anwon	4
bonafede	4
kasabu	4
sumisoae	4
wodeede	4
tateno	4
aposa	4
asahiso	4
niri	4
teenkasia	4
adwantam	4
winte	4
okanime	4
brinno	4
okene	4
entumme	4
nkwakwa	4
aburokyi	4
sharam	4
paata	4
wenim	4
karewitebu	4
nakada	4
dankwawura	4
odieasem	4
saritaa	4
fitore	4
treni	4
fende	4
tukui	4
afutokuratoru	4
mofodoro	4
sikaman	4
wahena	4
adimasu	4
nsuban	4
hwekyin	4
tekya	4
sawom	4
anomabu	4
koyin	4
suasana	4
tinam	4
karekano	4
winu	4
nkonye	4
ayayi	4
tatie	4
konso	4
saamaan	4
asekyi	4
mmuta	4
sisua	4
wuhira	4
presidente	4
kwasiaa	4
sitare	4
kwoo	4
mmiriam	4
toomawari	4
sikina	4
sutura	4
mukunu	4
adato	4
anokwari	4
kraakraa	4
tooma	4
nkontoase	4
sitem	4
nnaana	4
akasan	4
merentena	4
debahia	4
worayewaa	4
ahede	4
aduino	4
nnkaya	4
afetaka	4
darien	4
tekyiwaa	4
tabon	4
mentenansu	4
kuntum	4
monkohwie	4
abakomadi	4
fradin	4
gyaamu	4
nanonano	4
mmika	4
hasian	4
hannani	4
atosibano	4
wonunu	4
awurawuran	4
gyien	4
gomu	4
abenahasante	4
mudania	4
woofin	4
posenya	4
enyonyam	4
wuiaa	4
matum	4
ntwia	4
wanten	4
adedibu	4
webite	4
asukara	4
baatutua	4
mpuma	4
abomama	4
tafa	4
anyem	4
manini	4
adewuni	4
pawu	4
sohereweare	4
medom	4
wuwufan	4
duwan	4
subea	4
pribumi	4
mundu	4
nania	4
yasase	4
mminuman	4
siena	4
busum	4
mundaa	4
yatafurika	4
lutwin	4
enawan	4
ahiakwa	4
mfaafaa	4
sakasu	4
twitwin	4
teaware	4
kusomewa	4
nwokwoma	4
mentenaa	4
okasarete	4
tumaa	4
kuroneko	4
desie	4
atoatoaso	4
kwantwi	4
abonawara	4
wohiahia	4
ayetoro	4
waneera	4
wandanyan	4
wotaataame	4
torontotoronto	4
dakeru	4
akunanse	4
bisebise	4
tomatose	4
anyinasin	4
bediatuo	4
boadiwaa	4
animato	4
shimasu	4
anayin	4
biakae	4
tekraa	4
fenu	4
kosika	4
furannsu	4
tonni	4
sonnae	4
semmi	4
nwomenwomen	4
nkrampan	4
hyehyem	4
masina	4
trewease	4
mukuwareru	4
okodi	4
fiariaa	4
gomakasu	4
tetebotan	4
amesua	4
nyinawonsu	4
awuakyewaa	4
kateri	4
amutia	4
adianti	4
ntampehama	4
hunata	4
susam	4
mmrantekwaa	4
sammo	4
kwantina	4
hanatutumi	4
lura	4
abasute	4
sapaan	4
tudua	4
hakaru	4
monaho	4
seewoo	4
akyeakyea	4
frode	4
ansoanso	4
odoraseru	4
haam	4
waketemo	4
yamakasa	4
nafundi	4
siene	4
baduan	4
oboko	4
bennin	4
keten	4
asiwome	4
parodi	4
kanoko	4
buroo	4
abesewaa	4
merom	4
krabita	4
fenyinam	4
netwean	4
meesiam	4
apeadu	4
nwenebea	4
baawari	4
abimasu	4
mehedi	4
afuredete	4
dedunu	4
baruserona	4
anken	4
mannam	4
muwom	4
nahom	4
opua	4
tantraa	4
mmeroo	4
nuro	4
webiaa	4
woamene	4
baafuo	4
nabete	4
entreprise	4
safadi	4
merentaa	4
nyonyo	4
burari	4
kanako	4
gyinaho	4
anufom	4
nnosoatwe	4
okutoro	4
dumano	4
edwu	4
nhoaa	4
powe	4
hofuru	4
sarumi	4
tawi	4
awarie	4
anwuri	4
sikanda	4
komiti	4
banden	4
badayi	4
buonasera	4
mokowa	4
owarete	4
ammamma	4
nearia	4
nunui	4
gyaenen	4
ahaan	4
deakin	4
baseraa	4
naseba	4
okyo	4
shikan	4
ahente	4
niesen	4
mehiaa	4
paapo	4
ahoahoaho	4
bakoaso	4
apreku	4
shiwasu	4
akeeba	4
gyenasu	4
nyankorasu	4
nimmi	4
huta	4
adabokrom	4
abusuati	4
mabepue	4
mankuma	4
nuawata	4
nuatwaa	4
porintie	4
nufuboa	4
nedari	4
noru	4
wommebisa	4
oguta	4
amenyo	4
wammantam	4
nyinaan	4
baruu	4
nkowaasom	4
sirisuwan	4
lumen	4
netofa	4
ankwasa	4
nsonsanin	4
kasui	4
kamam	4
semida	4
haapatie	4
aninakwa	4
oyae	4
wutan	4
nnwotwe	4
akoni	4
tomoa	4
akinyera	4
sowunmi	4
kwanyie	4
yadede	4
parannu	4
wommue	4
enteriti	4
sabako	4
susuru	4
akontonkonton	4
gote	4
wonkatime	4
paka	4
saadu	4
nureru	4
suwarase	4
froese	4
monokwari	4
behoa	4
odwin	4
ayipada	4
buuku	4
komawari	4
beasom	4
nnokwutem	4
mafura	4
woraba	4
nkwansimma	4
atwede	4
baboso	4
obehwe	4
moromoro	4
yadua	4
kotowareba	4
kekra	4
akonto	4
teera	4
okonawaren	4
abaetetuba	4
honyin	4
nnukuu	4
hunuuie	4
mekotoo	4
prukusu	4
mesure	4
frire	4
bukia	4
aduadu	4
mmekaren	4
honkura	4
samora	4
ammurato	4
dawi	4
barum	4
dakura	4
sanyaa	4
bieni	4
osompa	4
mmiemu	4
tweneka	4
nyesoo	4
okyim	4
briwere	4
sukunaa	4
wirinom	4
baawurewa	4
abunsa	4
yampea	4
akodiawuo	4
osiadie	4
abebudwom	4
agyaadwoo	4
abosoa	4
srapukrom	4
akatamansu	4
kandin	4
basari	4
luro	4
nyomi	4
kuroman	4
kumoraseru	4
breku	4
abakomahene	4
abuom	4
meneba	4
osome	4
besome	4
aberempan	4
obabunu	4
wohyene	4
teamu	4
nnasoo	4
nhyehya	4
kwafoo	4
afaanu	4
oyokoo	4
makukuru	4
obaakokonini	4
mondon	4
akyamaa	4
protean	4
funtumireku	4
adwiniasa	4
odekro	4
tadieso	4
ododoo	4
hwammodie	4
twentwon	4
ofama	4
abodamu	4
ahafu	4
montanaro	4
amankwaatia	4
wamahinso	4
hweawa	4
osatuo	4
afafanto	4
aherawa	4
bromide	4
hyemm	4
toaba	4
nkwamoa	4
ntoatoasoo	4
ataadesoro	4
basaaye	4
abantase	4
dadadada	4
aboyen	4
nkentenso	4
nyanyankyere	4
adwamansem	4
nisoo	4
sasaboro	4
twerodua	4
nwanwaa	4
adida	4
ntomasin	4
nsaama	4
nkontomposem	4
brabone	4
totere	4
abofan	4
adubone	4
apasoo	4
wohwene	4
ntotoano	4
ankorankore	4
okwadwofoo	4
odwotwafoo	4
odamena	4
akontonkyesem	4
obaasima	4
ayarehwe	4
adesie	4
nnufusuo	4
teateawa	4
nkoromo	4
twuma	4
tebeam	4
badwafoo	4
wotom	4
ennkyere	4
taawoto	4
owofoo	4
beboro	4
okodoo	4
kasatwie	4
honamfam	4
sudanna	4
mmoawamoawa	4
abusakuo	4
sutari	4
shanni	4
asemdibea	4
gyampa	4
nhwehwemufoo	4
mpeepeemu	4
ahweta	4
mpofrimu	4
apereperedie	4
setaakye	4
aborodwomaa	4
nyansadon	4
nsunnoa	4
ntokwaa	4
beninati	4
gyetomu	4
aminia	4
kasamfonin	4
amanitakaye	4
prakodan	4
krokrokoko	4
enwanwa	4
trometrome	4
tintima	4
titenanin	4
ahyea	4
awini	4
afromomum	4
boseme	4
adwamammo	4
bonsaaso	4
aduono	4
montane	4
entoto	4
benito	4
bayero	4
nkokorafie	4
hammurabi	4
amanmara	4
molade	4
sahelian	4
anakasa	4
finnemore	4
dadease	4
mmotan	4
amisano	4
ntintiman	4
bedwani	4
nnkae	4
aduisia	4
efiase	4
benyiwa	4
samani	4
akorankoro	4
sansunni	4
aduonnum	4
antipem	4
adidome	4
nyakrom	4
amedeka	4
amanmu	4
seesie	4
nsosuanso	4
mukarama	4
mmaranimfokuo	4
kasanoma	4
damanko	4
adibu	4
muniru	4
kusanaba	4
ayeebo	4
buoadu	4
bodwabodwa	4
akyirie	4
edoe	4
wahohoro	4
paninnie	4
agyinasie	4
mfonyini	4
nsunsuansuo	4
hooke	4
nasiru	4
tetrem	4
mpemmienu	4
aburosam	4
adweninie	4
frakaatuo	4
monodora	4
mansonia	4
edubia	4
amampondomise	4
patriensa	4
kolinda	4
gyamadua	4
mmorosuo	4
adinkrahini	4
furoma	4
bommofuo	4
haho	4
betino	4
nakasero	4
torotorootoro	4
ahinimie	4
nnommufa	4
sasadu	4
akyanu	4
kutin	4
simien	4
krakue	4
atibie	4
nnawotwemmienu	4
kodaanna	4
obodamfuo	4
buada	4
huraeenini	4
obonyaa	4
okomfohemmaa	4
nakore	4
masawudu	4
osomfuo	4
ahwehweniwa	4
aprekensema	4
efikyere	4
huruie	4
nkramofuo	4
ayeeko	4
akokam	4
okotwaasuo	4
obankuo	4
nnyankafie	4
nokommoa	4
trema	4
trapani	4
amesimeku	4
tiburon	4
nimpadua	4
etweba	4
nyaadewa	4
tweredua	4
susutwere	4
obubuafuo	4
tipaye	4
mfuntie	4
koakoaa	4
monkunkum	4
babanin	4
dabekyire	4
wokaye	4
asaseduru	4
opepepepem	4
oyonkuo	4
mommane	4
prenu	4
nwesa	4
wofade	4
kekam	4
sirie	4
besiri	4
pasea	4
duntire	4
moanom	4
woayie	4
nnsiane	4
mfonim	4
kwesiada	4
kotewuie	4
nsiren	4
molada	4
mpemaduanan	4
huntae	4
moretwam	4
mommforo	4
wofire	4
wabubuo	4
awurakwaa	4
mokura	4
modwendwene	4
mesiane	4
woampene	4
masiane	4
husim	4
paanootoni	4
nankra	4
nnwuo	3
kunsunkunsum	3
afasebire	3
woakata	3
nwirakwaa	3
mosomaa	3
ahodwire	3
wadwiri	3
nnaneani	3
sanoa	3
abohemmaa	3
amudie	3
mfemfam	3
enabea	3
akrabim	3
nimra	3
moayera	3
wannwira	3
wapata	3
asaawatam	3
ahohini	3
mpumpunu	3
naara	3
mepamm	3
moabubu	3
woasoma	3
hatabea	3
nsesadwa	3
wasakyera	3
funtummireku	3
nserewa	3
mfantum	3
sukuudansie	3
adunom	3
nsaanonnwuma	3
somasomaa	3
tekoani	3
amfire	3
mansoma	3
efratini	3
mpemdumienu	3
edwadibea	3
mprumem	3
tamne	3
nsiesiene	3
ntokurotua	3
bonsaso	3
kokrodua	3
mfusase	3
nkutahodiebea	3
nnuanekra	3
mmabubu	3
senom	3
kokooso	3
fireside	3
wawuoyi	3
habayere	3
sraye	3
ofan	3
mentimi	3
booye	3
mmotire	3
boapampa	3
adawurampon	3
anyankama	3
mpuankron	3
woruban	3
denkyemmireku	3
amoaten	3
oworaye	3
nkyin	3
aketekete	3
nkorofuo	3
kutukum	3
hohore	3
hohorebi	3
hohorebidi	3
mmede	3
egyinam	3
okotwaa	3
wokoro	3
nsomoro	3
okofaa	3
odoma	3
ogyasirama	3
makofa	3
mabere	3
aketeso	3
keteso	3
ntera	3
korenti	3
nkurae	3
mperedwan	3
abebuom	3
mpedu	3
gyanoa	3
mmesu	3
atweratwerasie	3
atetekwa	3
kokowa	3
twetwero	3
odoman	3
toroka	3
obeku	3
brato	3
bewoo	3
abetenatena	3
betenatena	3
mpentowa	3
ananewa	3
animosuo	3
goroye	3
hofoo	3
bebuo	3
opuu	3
yonkoo	3
matwene	3
edunnum	3
edunnan	3
atomfoa	3
woreton	3
meton	3
ewore	3
asuafua	3
dankwanta	3
okoroye	3
kankankan	3
okyin	3
odidim	3
obetoo	3
mporoye	3
apakyie	3
seewa	3
apamuden	3
dekan	3
tasetase	3
mekosane	3
obeton	3
ewiemu	3
akotoa	3
panyinni	3
obeatan	3
aburu	3
buroonya	3
nwononwononwono	3
boofere	3
oborode	3
mmorosan	3
nkontwema	3
danka	3
samanka	3
asankroase	3
sofoa	3
asubanten	3
nhwesoa	3
akokanini	3
pramaso	3
wadaaso	3
nnannum	3
waasan	3
kuaya	3
suapan	3
enwie	3
nkamma	3
edwaase	3
nkofehene	3
kukubenkuo	3
akunna	3
baamoa	3
kuntunkunidae	3
akantem	3
mmommome	3
opuku	3
okurusono	3
santemanso	3
kuranko	3
benwa	3
kahona	3
maninka	3
premise	3
tipanin	3
amankuapem	3
abaankoro	3
konama	3
akontire	3
osinsimu	3
sisanda	3
apentemma	3
sadwaase	3
anadwosekan	3
twenesini	3
afafa	3
abaduasa	3
atafoa	3
pankrono	3
nyameani	3
ayonkoo	3
ampatua	3
abakoma	3
saamu	3
gyapa	3
ayoko	3
ntodie	3
tweneduroase	3
abamo	3
nsamansuo	3
apeaa	3
kwaamoa	3
frampon	3
ampatatwum	3
yankyemaduo	3
akyeamo	3
konkori	3
nyeeso	3
gyabo	3
daanani	3
agyampomaa	3
gyaasewa	3
apaaso	3
ofadeebeba	3
konkromaase	3
sakyiamaa	3
asakyere	3
sanwi	3
nkuntaase	3
atasomaasohene	3
antoahene	3
baworo	3
sisaaso	3
frempomaa	3
abanase	3
ntrufi	3
ankyewaa	3
anamenakohene	3
porowaa	3
asisiwaa	3
simpowa	3
mmurosa	3
buoho	3
gyamu	3
tipaa	3
ntwin	3
ofamma	3
beten	3
wontoa	3
korosa	3
aboade	3
edwira	3
bente	3
owaduru	3
senanu	3
ogum	3
ofim	3
amoaa	3
gyebuaa	3
bafuo	3
shoa	3
akrokyere	3
danwoman	3
asakyerehene	3
nehanda	3
sebewie	3
ntiantiam	3
nokwapem	3
atokoro	3
tasuanu	3
napam	3
akantamansu	3
koromante	3
kotokum	3
sonnam	3
wontwene	3
tempon	3
nibia	3
funtumfrafu	3
okranni	3
fiae	3
anakwa	3
tantaantan	3
yaboaa	3
yaboa	3
ntonton	3
kanka	3
trama	3
osukom	3
opeduonu	3
nkatea	3
nnonan	3
tensa	3
momia	3
wookyere	3
obabarima	3
nsemmoafoa	3
nyansahye	3
akontabu	3
nyafi	3
amammuisem	3
kwanma	3
tike	3
birebiram	3
haraharam	3
totototo	3
nonum	3
kunkwan	3
huha	3
fimfem	3
oboto	3
oduui	3
duabasa	3
hyemma	3
dufua	3
dabekyiri	3
ntommo	3
atentenim	3
okwadum	3
mumo	3
atwapo	3
anira	3
ntintimanim	3
akwadwero	3
atetede	3
ntuaano	3
nsususo	3
hyehyebea	3
darekana	3
ankahono	3
ayeremo	3
aserehyehye	3
okraku	3
obaninyen	3
nsentitiri	3
aprayi	3
hwera	3
potwom	3
atirimoden	3
mpewadi	3
ntiam	3
mpapae	3
sotore	3
akotokoto	3
akyipa	3
apori	3
mpewa	3
obabea	3
niwu	3
kankua	3
aguasem	3
kuroni	3
odamma	3
totoroto	3
osiam	3
abiribiri	3
wereho	3
abotoyam	3
mmatito	3
awereba	3
bonam	3
poafa	3
akasabebui	3
anikye	3
edoso	3
mmaemu	3
tuko	3
ntempa	3
adese	3
kwasem	3
nkarabea	3
kasante	3
adona	3
huammo	3
nteeso	3
tirimpo	3
anitwa	3
ahofi	3
bemdi	3
akorokoro	3
mpatama	3
soroka	3
nsukyene	3
wabirikyi	3
abantan	3
abire	3
akayo	3
tubona	3
odamoa	3
tekremabere	3
anoso	3
feso	3
apayere	3
matron	3
funtumfra	3
ntafoayi	3
hyenmuni	3
ademu	3
mmababere	3
gyera	3
adehoro	3
sereso	3
aguamma	3
bebeta	3
nnamnam	3
nkoekoe	3
ennam	3
atuate	3
koam	3
aperewa	3
adetitiri	3
akodiawua	3
ntentennoa	3
beben	3
etoatoa	3
mpana	3
abedwa	3
abaram	3
wonta	3
sasono	3
nkokoam	3
habere	3
anibone	3
oyesuo	3
katwi	3
atomde	3
nyankonne	3
soke	3
hotiri	3
sokum	3
akekantwere	3
nkuronnua	3
osuhye	3
adankasa	3
nnekae	3
demmere	3
twenewa	3
atue	3
osuto	3
torite	3
ateam	3
asemma	3
fenemfenem	3
denkyedenkye	3
mpemase	3
mmotoso	3
fetere	3
kuturu	3
aponkonan	3
atane	3
yafumpan	3
kataman	3
ensen	3
teeteem	3
ahotwetwe	3
nworanworan	3
ntaneani	3
afaseduru	3
benkura	3
okata	3
osubon	3
wansiesie	3
sekwa	3
woantwa	3
anyadimo	3
sennaho	3
oyen	3
basakoro	3
sikakora	3
ogyaten	3
tekyere	3
mperensa	3
duonui	3
duoni	3
duonumienu	3
duonubaako	3
dunso	3
mfibewie	3
sieda	3
nkeran	3
oseram	3
wooye	3
tiresome	3
mmusubo	3
nteresu	3
manikin	3
ayinan	3
okokorani	3
monnware	3
nkurusoa	3
waakum	3
bafoa	3
prosa	3
sunyane	3
mankese	3
owuranum	3
wukuoda	3
wahyeman	3
mmofaraase	3
akutudie	3
enkoron	3
osukuufoo	3
mmaaye	3
wukoo	3
semmo	3
ahwesofoo	3
mmratofoo	3
wabekum	3
ennka	3
wanam	3
waannye	3
akapem	3
wasanka	3
mmransem	3
mmratofoa	3
wanoma	3
yakyere	3
afareba	3
basabasaya	3
somfoa	3
wakoa	3
nsunsuansoa	3
nnyenni	3
mohye	3
owusore	3
tumfoo	3
yafoa	3
mmoaboanodam	3
nkaae	3
abetumi	3
hokafoo	3
wanntwen	3
waakwati	3
ntimmabora	3
nntene	3
worehwehwe	3
mmehyiam	3
pantoo	3
ntoe	3
sedate	3
bedoo	3
awodadie	3
papapapa	3
bubububu	3
hatim	3
nwiamu	3
hyon	3
kafoa	3
yabea	3
atoha	3
somano	3
sinta	3
pookasoa	3
obetwam	3
aprenten	3
dehaan	3
mehoahoaa	3
okotuu	3
okyinsoromma	3
aninnyane	3
tahonwanonweraton	3
kaworenya	3
mawara	3
ammewu	3
wodwennwen	3
wommpue	3
nemame	3
masoho	3
abotiten	3
wapra	3
woakodidi	3
sonnini	3
wuwuso	3
abenahahaa	3
wahyema	3
twapaka	3
yoonaaba	3
neniam	3
haako	3
semonian	3
wodwennwene	3
nneduafie	3
amanita	3
woampepere	3
modoreba	3
wonnwoo	3
nwankuo	3
nekada	3
daaye	3
waetere	3
ammata	3
mmretie	3
animnyam	3
kaea	3
ogunsuaa	3
nsuansu	3
awentwiwentwi	3
adedara	3
nsianka	3
moantena	3
amonda	3
munumaa	3
deafie	3
wutui	3
worenom	3
mmedia	3
ahyeme	3
akaasam	3
nnkosuro	3
tokabi	3
nnirom	3
nukeware	3
mpaaye	3
daabedua	3
odebunmi	3
wunniboo	3
awusome	3
adehyetam	3
tirinsa	3
tribiani	3
bannani	3
dummen	3
deperuseate	3
aduansa	3
woapra	3
biribo	3
fuseta	3
nyammo	3
kuware	3
nanaware	3
sisena	3
nuanam	3
mpenmdubaako	3
asasara	3
buonumore	3
fenkyem	3
hasason	3
awamu	3
montim	3
haena	3
kahye	3
beanwi	3
denkwanti	3
asamanso	3
abotokuma	3
nyakato	3
adubato	3
goodato	3
akwatie	3
nearaeaa	3
awantwin	3
woaani	3
antinaho	3
aniwama	3
wakeda	3
yabusame	3
dediko	3
mekera	3
montenetene	3
ntwitware	3
awosum	3
worebebu	3
amasen	3
wotrime	3
wuson	3
asoraa	3
saane	3
nedonoe	3
sumade	3
dreka	3
antiatia	3
atatui	3
duuso	3
kwenye	3
wotasaa	3
sodiam	3
osusui	3
nuwaakoa	3
agyeka	3
wikitwe	3
wubam	3
aweaawia	3
nntoto	3
afida	3
nusa	3
dunnsia	3
sintia	3
mekaara	3
sueda	3
owarika	3
agyeben	3
nteti	3
kroasan	3
debonke	3
asubui	3
wubekyia	3
homeadore	3
nkyerekyerewa	3
ahemada	3
mfofoa	3
furusu	3
muweam	3
momena	3
atwuaa	3
wuufie	3
wontam	3
benedito	3
sundiro	3
bakire	3
masume	3
sanonko	3
akwaanu	3
abarae	3
weenya	3
shootie	3
kadayi	3
awenntwoma	3
duno	3
wannome	3
masipa	3
bieno	3
ahatan	3
wonnienya	3
akintin	3
hakore	3
meranom	3
nosoforo	3
kasaya	3
baabiamakye	3
mowusu	3
mudon	3
wisu	3
nyawade	3
bantuinnya	3
damfino	3
koyan	3
bukuraa	3
homeasuro	3
mmnnom	3
yaradua	3
nsasawa	3
hwimu	3
nyanyaanya	3
shikato	3
woyanko	3
suuri	3
sunnu	3
woretuetue	3
wubom	3
takataboom	3
lumikari	3
hwaneaa	3
tekyiwa	3
konosuba	3
momfia	3
woowie	3
shwie	3
sakari	3
osamari	3
hakranaaya	3
bibinem	3
metuto	3
gyaemu	3
akaatrumu	3
prepre	3
howui	3
antonya	3
wakodu	3
egyankwaa	3
biarabiara	3
afewade	3
amuafi	3
asasinsua	3
bewafaye	3
gooru	3
ankafia	3
abibimana	3
timro	3
froome	3
mekoso	3
morenyini	3
moatentan	3
kwadwoam	3
horam	3
antebi	3
sandanona	3
tomatoro	3
kaforoforo	3
sekisui	3
bonton	3
ensuma	3
akrawaman	3
woabuebue	3
anninakura	3
menndwen	3
metadade	3
aboeko	3
mewabumi	3
etonwan	3
adowe	3
neamabi	3
kabaam	3
awekui	3
nuabarimaa	3
hanui	3
hukuwa	3
amede	3
naanom	3
nayamasu	3
bewafie	3
komatua	3
woaman	3
naredi	3
tamen	3
adeke	3
duden	3
asitina	3
tabui	3
tamamo	3
motueka	3
bankasa	3
aninnso	3
tiemme	3
behyem	3
nwurabanom	3
nianyin	3
mentwetwe	3
bannean	3
adwuradi	3
asebarima	3
biribirara	3
afiakuma	3
opreman	3
ayeme	3
ahonoko	3
shamaa	3
tomom	3
momino	3
aniseeda	3
tohyi	3
yaheen	3
dewodaa	3
sisira	3
nokwarehene	3
akwabuaso	3
behisaabi	3
mmonyae	3
aprebi	3
hokuhen	3
soreba	3
nahan	3
woodware	3
nwiba	3
kasawatia	3
bakwano	3
asuraman	3
femmena	3
annanna	3
woatumu	3
woresie	3
deaaraa	3
wooka	3
sanditon	3
desideri	3
tunuwon	3
sakwaba	3
memmedi	3
duson	3
manipura	3
noasa	3
kwaakyeremu	3
ofiso	3
manware	3
maamma	3
owabo	3
atiea	3
haware	3
mekanom	3
dennama	3
ediani	3
timman	3
mmfonyin	3
karehateta	3
asemfi	3
biaede	3
tewutewu	3
akrae	3
bokwa	3
metamon	3
wutianwu	3
awarebi	3
kolade	3
amiri	3
nnamfon	3
bakin	3
baasen	3
edaha	3
montiam	3
duafa	3
kwika	3
mponkye	3
woehia	3
efakonam	3
nitotom	3
dumasia	3
mameko	3
adekese	3
wuwenwen	3
hwebom	3
kumasaka	3
twonka	3
parentwise	3
wootware	3
dumakyi	3
prometo	3
nyabi	3
saanya	3
waheedi	3
homesetra	3
furuhini	3
mariasom	3
weso	3
kesempatan	3
behena	3
tisen	3
dunde	3
awitwa	3
manuam	3
pasase	3
barabua	3
tuua	3
mekabi	3
kaeseba	3
sutanti	3
furue	3
maroni	3
yabana	3
bonamana	3
asamfono	3
tempoo	3
nsaaea	3
wakuukan	3
karidwan	3
manufa	3
nahoru	3
nsemi	3
briaae	3
abaanan	3
tonta	3
mesoro	3
mafewu	3
luum	3
anibea	3
bataea	3
entienda	3
sofera	3
nuneso	3
ofode	3
wenyinaba	3
entwi	3
ateene	3
kukru	3
wommama	3
wenwuu	3
amutra	3
kasabebui	3
monnintie	3
medabia	3
kamiko	3
saadete	3
afirikyire	3
abakidasu	3
boaye	3
nebere	3
wamusu	3
watame	3
fraadaea	3
fusetan	3
nnonen	3
kaneesam	3
abosonsomman	3
moruro	3
aniedi	3
biwie	3
tinababinaa	3
okyehemaa	3
konkodi	3
sususua	3
saria	3
anamoo	3
adumfa	3
bisaya	3
meahoati	3
nomnomnomnom	3
mubiri	3
mebin	3
nnsae	3
karenu	3
asiawide	3
manoma	3
abiarade	3
sesaae	3
ahoade	3
kuwaabara	3
pawui	3
yamamea	3
yawaa	3
nkokwae	3
abutre	3
abondosa	3
yowiko	3
atraeme	3
bannate	3
yoom	3
homemde	3
sonaba	3
annkora	3
asurowikide	3
asurino	3
watum	3
adamforadam	3
mmenso	3
molaan	3
kanin	3
frasu	3
wankoran	3
wuawuita	3
mubarika	3
dedeea	3
kenkunu	3
woosui	3
tinua	3
saniam	3
tomie	3
dreamfoto	3
deso	3
afehomo	3
sonnaanae	3
kokareru	3
poduim	3
mfatemi	3
shirin	3
fututa	3
makotwem	3
ankraa	3
duanne	3
mmirikakane	3
adamfa	3
kennie	3
woakina	3
atwotwe	3
awanwasem	3
haawi	3
wedere	3
aninunya	3
asepue	3
murine	3
nkyikafoo	3
moamame	3
mowia	3
eniti	3
annakyi	3
monwuba	3
boorom	3
wofro	3
ntumu	3
adaru	3
feran	3
bensaa	3
mendayenko	3
printudinu	3
adamfodi	3
wanwari	3
amumuu	3
lukoto	3
kasuru	3
dromo	3
mantiene	3
toreware	3
asofie	3
asemm	3
pakama	3
naebi	3
soroo	3
gyedia	3
ahemmara	3
afetete	3
benmakoma	3
maheahea	3
takrayi	3
wunye	3
asaafa	3
sukeru	3
sikwa	3
burokin	3
madara	3
sikenya	3
mariebea	3
aduako	3
sradenam	3
nndwumma	3
madwedwa	3
shitara	3
annarae	3
behiam	3
siapaa	3
monaka	3
anyatra	3
deham	3
tunkaranke	3
furanni	3
tahiri	3
wetan	3
anide	3
katira	3
kramon	3
tabokyin	3
adeepena	3
akisaa	3
bemomo	3
adwendweni	3
nofinaa	3
mmameso	3
teti	3
sakyira	3
afedua	3
amanamanoman	3
mfieho	3
tianna	3
memoa	3
karesansui	3
kenkoho	3
taaka	3
adehesae	3
sikukuu	3
atorin	3
motokyi	3
nekotodwe	3
wodeno	3
poyindu	3
nonuse	3
adakra	3
wantietie	3
nsabarima	3
edere	3
ampadusan	3
neasam	3
manyawu	3
wekanwakan	3
amawia	3
wamoa	3
worusu	3
babawu	3
oyipa	3
amanamanmufuo	3
nkokam	3
berema	3
ahendi	3
maasesa	3
katiboom	3
tendi	3
matue	3
nunin	3
mayone	3
webetumi	3
okooko	3
needi	3
soewu	3
bemm	3
adwentoatoa	3
suwae	3
atode	3
abolie	3
panada	3
andem	3
sannaayi	3
wanyanka	3
ahemadase	3
adukan	3
tebum	3
konyi	3
nkabona	3
kunsura	3
adukro	3
akwon	3
akatapori	3
bekrae	3
akukuruhwease	3
amiadi	3
abehyiam	3
nhomade	3
bewi	3
tufono	3
aboti	3
yooyin	3
kasasaebisu	3
kaayo	3
nitaataa	3
bekowura	3
ewurakua	3
awaesom	3
nanabanme	3
nyinnan	3
asanin	3
kritika	3
wotaan	3
awesu	3
kufufufu	3
tabaatabaa	3
motoria	3
nanasom	3
soonwera	3
berina	3
babete	3
kwawaka	3
potrebu	3
bidona	3
serelim	3
dedoose	3
agyani	3
dayewa	3
nkonkonaa	3
mediawoman	3
akwasiba	3
ntenna	3
asapano	3
krotwiamasa	3
kawaku	3
sremu	3
amoakonana	3
bererin	3
waakunu	3
haen	3
wahaboa	3
yaben	3
woolie	3
hoewaa	3
ammoni	3
abonase	3
nukedase	3
anitayirenkyi	3
kedaba	3
egudi	3
dafuru	3
mediana	3
tinama	3
menyame	3
kantare	3
akataesia	3
honnye	3
nidani	3
adebi	3
betwom	3
yahyehye	3
pretre	3
mantoo	3
afurudohwedohwe	3
shinnen	3
adonyo	3
babaannem	3
apaapa	3
measasaa	3
wasurekata	3
mebusua	3
kasansanmu	3
kommatintie	3
bamankan	3
nhaem	3
tusie	3
pooya	3
wesoaamakye	3
swedeen	3
fiera	3
bratease	3
poetra	3
annubi	3
asaram	3
koharubi	3
akooko	3
mfantom	3
payae	3
fraaka	3
okyema	3
sutoko	3
wutunaa	3
mukoo	3
sabatini	3
kurohebi	3
komaraseteru	3
finda	3
ansuu	3
bahaanaa	3
apano	3
makyinmakyin	3
owene	3
wosam	3
nsode	3
twease	3
nametua	3
woonona	3
madohase	3
maena	3
adaamude	3
muwomuba	3
bunan	3
enunti	3
abedelaa	3
wonkwana	3
manwinni	3
noano	3
antoato	3
moneasa	3
moona	3
nkantaron	3
okorowu	3
sarewa	3
kuuna	3
nyarinya	3
munani	3
mmikan	3
abuburama	3
basae	3
haham	3
tunui	3
okono	3
warenaa	3
nuasiam	3
hyaa	3
lunatiko	3
ahitan	3
mennuni	3
hahahaa	3
bawoyi	3
amekufa	3
adwumadin	3
fisurate	3
weteeseteese	3
sodatenakya	3
anwuanwu	3
atiaabawi	3
mmontraa	3
praya	3
owunwanne	3
matakam	3
braapa	3
akaroa	3
asokaa	3
kuridase	3
sosom	3
osusani	3
yatraa	3
wotirimu	3
taaya	3
hotwin	3
asirete	3
kowaru	3
harari	3
kakuhenka	3
warawasen	3
prese	3
ketewabiara	3
awuredi	3
nwonwani	3
makasereba	3
kunimdi	3
daadomako	3
nekem	3
meteateaam	3
dederekoden	3
asasenini	3
denmake	3
antwimakasa	3
naatin	3
shitaku	3
etwia	3
birubi	3
akrem	3
mukaan	3
abusuboa	3
monomom	3
sapootaa	3
bolate	3
bekunu	3
ankooru	3
kende	3
mmoaka	3
mafikra	3
bitanem	3
mponya	3
kumru	3
gonto	3
mamamam	3
frenyi	3
atomfi	3
abikye	3
seade	3
wankoraa	3
torikesu	3
kwasua	3
adansoro	3
efunsie	3
babaye	3
agusekosantosaa	3
akraatebo	3
tadween	3
sikahya	3
nanaakuadankyi	3
moatiatia	3
fibeda	3
ansunti	3
adiditraso	3
mamui	3
berero	3
ahoori	3
awosoro	3
sitowa	3
akwamase	3
awonye	3
ntinti	3
mankenin	3
sikiana	3
honkyo	3
biabie	3
nseni	3
tweasuwe	3
asamo	3
samesase	3
okenyi	3
naawen	3
wuatwu	3
yakowa	3
nusumitore	3
sutin	3
asesasen	3
maapa	3
akokan	3
toadwoman	3
nanomon	3
kakebua	3
yasumasa	3
deruro	3
berekenan	3
drawi	3
bannan	3
akenkansu	3
asetose	3
katebennuru	3
nunyaa	3
konsu	3
mempam	3
tomasu	3
bumpa	3
nyeem	3
shibito	3
shoho	3
yaboaboa	3
kataku	3
tantoo	3
wodaam	3
kanyaru	3
kamaata	3
biren	3
biran	3
huntwu	3
futem	3
awofodu	3
maameakosua	3
muria	3
mamada	3
nhyiame	3
wakonda	3
awanda	3
toota	3
okodidi	3
anwumire	3
yahiaa	3
akinya	3
muwuinti	3
mukawa	3
kadapa	3
wufudufu	3
amenia	3
tiampae	3
abewura	3
memrise	3
etwaroo	3
beeta	3
mansoanka	3
yonnie	3
owusuadade	3
deniro	3
owonta	3
mmoman	3
kansani	3
kerinduan	3
momokuri	3
sekano	3
mekanima	3
ammomma	3
awarewin	3
paasimaa	3
neae	3
preparo	3
hakabu	3
muawa	3
sehayi	3
womani	3
adwumakyerematen	3
tokura	3
montinti	3
fukasero	3
somom	3
mayaase	3
samaraweera	3
hwenso	3
feeren	3
mutintim	3
dawuroo	3
maruna	3
tankam	3
nabasa	3
tubeho	3
kwaseaman	3
asenata	3
brotoro	3
nhase	3
moete	3
afuafu	3
wunnaa	3
betenson	3
mufasu	3
suanu	3
amoto	3
akwasiso	3
afino	3
dusom	3
ahadaa	3
kasooron	3
wanwea	3
yomom	3
kunna	3
aseamana	3
norin	3
adempribiase	3
dedon	3
ansui	3
yonkofa	3
wantwere	3
kronkronkronkron	3
totwu	3
nankwan	3
nuon	3
anamam	3
kabibi	3
woohoa	3
wenden	3
odemukae	3
meanwie	3
afodebo	3
sokra	3
oduamadinnamdi	3
twoem	3
ofendi	3
wankyoku	3
akwaya	3
kuubi	3
batuapahae	3
nnyamewaa	3
winson	3
paete	3
yonie	3
kokodaa	3
banten	3
moronkwaseakwaa	3
akasareru	3
samaya	3
pamen	3
entradaa	3
beeben	3
yowe	3
kasare	3
sedu	3
ninno	3
aketoku	3
wowudi	3
meteme	3
nanon	3
humnkesuantina	3
nutria	3
ampahwiko	3
huntin	3
susuara	3
obore	3
wiedwoman	3
akayin	3
nandita	3
hoonko	3
timewonka	3
banniere	3
badwane	3
sahoo	3
wontonebo	3
bayada	3
mmanmo	3
yarewuo	3
hundayi	3
datira	3
manaata	3
meeke	3
wadon	3
kareden	3
anyaanwu	3
honde	3
wueraa	3
kotokua	3
sinnu	3
serannaa	3
tintine	3
serekwa	3
meduro	3
seton	3
nyansani	3
metafora	3
fuwaa	3
gyatuu	3
anyabi	3
wakenya	3
mumonkan	3
nunnu	3
nhanuumi	3
enkuwan	3
etabuse	3
nnakanoo	3
moatoatoa	3
hodae	3
aduadeboni	3
yarubi	3
dakosa	3
mmona	3
afekuo	3
wumum	3
akyeampomaa	3
hwiri	3
nikui	3
amamo	3
ahonto	3
kunwoo	3
bawaba	3
nkosoa	3
kwaako	3
adamone	3
abonnentin	3
nwintre	3
ammebu	3
kaakye	3
mamera	3
hoomam	3
boafowaa	3
ayesua	3
kruunu	3
bonnabusono	3
woretwetwe	3
akufu	3
sidaama	3
aduofua	3
adwenmu	3
tintiapanda	3
hotano	3
marawi	3
obamania	3
teasenam	3
abokye	3
adomahye	3
shankara	3
kokrommoti	3
mesuasua	3
etemmu	3
yatin	3
noorodin	3
okronkroni	3
prata	3
gyemie	3
weetie	3
tuhon	3
apolitika	3
akoaba	3
awieredi	3
handwome	3
wonkisae	3
sababu	3
komaama	3
boaduwaatina	3
saataa	3
sansankroma	3
antune	3
tereko	3
darekasa	3
anura	3
wahabi	3
nsien	3
mpabua	3
yatoruru	3
gyimia	3
nakunaa	3
seadoo	3
korintoo	3
madaamu	3
aguedaa	3
bewafi	3
nsanso	3
tafri	3
brooke	3
okonofua	3
akukuduru	3
wandahoe	3
wofra	3
selinya	3
prehoda	3
ankoko	3
madowaseru	3
mutwe	3
nakasu	3
andoroora	3
nenedare	3
ammamamma	3
shatara	3
kuusa	3
samikuru	3
beeaa	3
sison	3
tidwono	3
nkunku	3
owum	3
weeha	3
fikran	3
bamia	3
moea	3
nkenkansu	3
akunaa	3
akyiamaa	3
atikeke	3
krooaa	3
ansomone	3
yasato	3
wakro	3
abeeku	3
somuite	3
boden	3
mokoro	3
mekoro	3
enkima	3
baaniabedi	3
mahapatra	3
hayasu	3
tesu	3
kapri	3
nndwamato	3
nnkaa	3
kontoo	3
anaanaana	3
wesuwe	3
okunen	3
enani	3
masuda	3
torako	3
nyotoro	3
shikyata	3
bukre	3
afriwaa	3
nndu	3
daante	3
awuraamma	3
akarewan	3
makie	3
beremma	3
ntikore	3
nnonye	3
nonoka	3
fuke	3
amati	3
tonso	3
maretie	3
sasom	3
wanyinya	3
pokoraa	3
komokwa	3
luanna	3
marua	3
habanderu	3
aneen	3
krim	3
mafunso	3
kufunsa	3
ahemo	3
mafata	3
suruia	3
suisenkan	3
afumi	3
keanu	3
antika	3
mfuture	3
antolin	3
bolimo	3
adebekye	3
kokrookoo	3
ofita	3
konwa	3
preturi	3
daanta	3
osin	3
kakuna	3
etoda	3
hotwoman	3
boonyisa	3
moonkwan	3
koodaa	3
akrofikurom	3
nerubere	3
nantabo	3
motasete	3
akasatana	3
adasaman	3
tahia	3
ntware	3
meteen	3
bedwin	3
turoa	3
nebude	3
nennkan	3
buruburuburu	3
womooase	3
womamui	3
annara	3
seseruan	3
obinanwa	3
wanyame	3
nomom	3
gyise	3
meretiti	3
adamana	3
ahasan	3
nhaba	3
awapae	3
nuwamanya	3
panabaa	3
torikae	3
temre	3
nkurofuo	3
obiamiwe	3
mayamma	3
tababaa	3
hosie	3
mfore	3
bronnen	3
ahyoo	3
mehom	3
kaboose	3
afonina	3
melanin	3
nsonsa	3
soyono	3
beeaware	3
wunuaa	3
amutwitwaa	3
kayinu	3
berom	3
wiren	3
maneekwan	3
hyeedelake	3
ewumu	3
abaredasu	3
weasen	3
mekowie	3
ntimm	3
nsaku	3
adaaran	3
akompreko	3
akwadwom	3
asahyin	3
nnkyen	3
mondandaepa	3
beawafa	3
madisin	3
pooraa	3
atafute	3
nkyenkyenkye	3
animemoon	3
hwuu	3
waem	3
kayaa	3
komutan	3
mebukura	3
todokete	3
amammamamam	3
wayeni	3
karon	3
gyamanama	3
nsusada	3
okunusu	3
adekra	3
mayia	3
ahikin	3
delarue	3
nyamanyone	3
parusu	3
mmirem	3
nhyeme	3
nekaboo	3
ayinase	3
mmariama	3
showe	3
komaraseruno	3
kankuri	3
masora	3
tuku	3
atorasu	3
mafowadi	3
wakomaa	3
akirameta	3
ninawini	3
atatakaku	3
mamiwata	3
siesiebea	3
akyinye	3
karuku	3
furuwaseteru	3
sansuikan	3
sunwokie	3
mesin	3
karaaeae	3
takraboa	3
atinaa	3
twende	3
amorea	3
afuadansoa	3
adwi	3
brote	3
etawu	3
panua	3
mepoo	3
yaabaa	3
ataetae	3
wonkinaade	3
taapaa	3
menusu	3
memrewa	3
nakoto	3
worebo	3
adoon	3
kummu	3
neamu	3
moare	3
nsakwa	3
mukua	3
nkwami	3
antaraa	3
lufuno	3
sereni	3
suronsuo	3
siannya	3
mekate	3
nammamma	3
wadapapa	3
mesaya	3
asaadom	3
numom	3
homerone	3
shoya	3
yorufune	3
noonna	3
makurae	3
abakoda	3
swae	3
dreesen	3
asakoraa	3
daboa	3
dreese	3
susannaa	3
afrita	3
patinaa	3
mekanyan	3
adepahemaa	3
hamadon	3
duawotwe	3
nwone	3
enwon	3
pamaa	3
bania	3
safientua	3
metaani	3
adikwan	3
akyatan	3
daron	3
poenya	3
abakumowa	3
musante	3
bapatisa	3
merie	3
nkaye	3
maronna	3
mmomomom	3
federase	3
federare	3
tebanaseba	3
nikunde	3
nkyerema	3
amandita	3
atamanka	3
dasaa	3
tawama	3
nosua	3
amaronu	3
nnokwa	3
yasoo	3
betwaea	3
sukaro	3
suenan	3
yabede	3
nwehie	3
suntan	3
akinwonmi	3
tawamure	3
kwinte	3
siwaa	3
brantano	3
twaansa	3
wadare	3
bufete	3
asuntoo	3
nwoya	3
suberikomu	3
ogunyankin	3
kutare	3
bradua	3
kaanon	3
wanusu	3
awonwan	3
honkasampo	3
awodikora	3
ananke	3
motoa	3
tota	3
oburota	3
owuten	3
nasete	3
abonku	3
pasada	3
obasamma	3
wakuda	3
osowareru	3
nanidesu	3
menkaye	3
anonyin	3
yanka	3
gyaasewaa	3
osuso	3
shamehia	3
dennso	3
wennso	3
afusase	3
mebuku	3
ataku	3
awuaman	3
terasa	3
sayon	3
amanwise	3
takimura	3
brenni	3
papabiaa	3
wuno	3
derehem	3
wannabeen	3
marike	3
samme	3
wuwawu	3
sorano	3
ofomata	3
adwumakasekese	3
mehem	3
saakoo	3
huannu	3
wuaaea	3
akawa	3
sokwan	3
koyati	3
kwahowae	3
akankoso	3
mfiemmiensa	3
komforota	3
siken	3
sanaam	3
bebota	3
bikaa	3
womanwa	3
kabisa	3
pretense	3
dufi	3
abaaho	3
sorokwu	3
afrea	3
opamo	3
wanumpaa	3
nnamma	3
ofosuaakwabi	3
yahowu	3
triba	3
anonware	3
ogyibara	3
amakwam	3
meede	3
pawoo	3
wannyan	3
tankoto	3
wodadwen	3
mmonwu	3
nedim	3
boru	3
tokwae	3
horae	3
bibea	3
naamamae	3
feria	3
sanoase	3
makaba	3
wokodaa	3
monkware	3
kaafenta	3
samete	3
tumari	3
mamanwa	3
sarasua	3
akwani	3
tokuto	3
tukasa	3
nehyi	3
sareaam	3
asaru	3
asantekyere	3
metani	3
saapuu	3
babeaba	3
kaaru	3
aketemo	3
podenka	3
aseese	3
honae	3
twenekani	3
mufoye	3
nnyira	3
adwia	3
homeade	3
kotokuraba	3
kwadwoowusu	3
naseti	3
nkotonoo	3
nenim	3
wafika	3
muketara	3
yosora	3
bisinkaa	3
baben	3
beewafa	3
entiera	3
nnweko	3
musuabampo	3
brannaa	3
boson	3
kabaete	3
mumafi	3
etina	3
wasaware	3
wanworie	3
animera	3
nwiaba	3
kadiri	3
aseria	3
narukoro	3
annabinim	3
mendori	3
worehye	3
wasura	3
akunnu	3
noadansie	3
anneda	3
owaraseta	3
sahota	3
mutenka	3
menkanta	3
homankabu	3
siwe	3
aherase	3
mensiden	3
wodome	3
awuduankwanta	3
sikabonyi	3
adeni	3
yasaraa	3
nimfodora	3
monahia	3
makosa	3
woenea	3
premi	3
bakware	3
maduare	3
goduto	3
woaho	3
antene	3
yarem	3
sheabaebae	3
baabara	3
katrinaa	3
nkondi	3
nndimma	3
agyakwaa	3
nnaena	3
nhonno	3
bewoman	3
dayam	3
neboase	3
obuna	3
koyima	3
medaho	3
kenyataan	3
lusaa	3
hokan	3
medwedewa	3
afransa	3
awesam	3
makotoama	3
awanku	3
biriani	3
nekomamma	3
nokwanda	3
nuuraa	3
asame	3
yaatra	3
bafowaa	3
nhyera	3
mamoritoosu	3
amanome	3
asaabea	3
nyom	3
okumura	3
kuubo	3
sahia	3
monkoa	3
masoro	3
yanwusese	3
barede	3
wakrukyire	3
andoon	3
santrofie	3
adebuo	3
kwadwokurom	3
baakrime	3
afonsoafonsa	3
sinmu	3
teritori	3
sorooman	3
bokyo	3
trime	3
aminyim	3
awarua	3
nabua	3
boonyapan	3
afunika	3
wonmma	3
okwumo	3
atunu	3
kubarima	3
twinnyere	3
fundamentum	3
suisia	3
wawehia	3
setelan	3
wonkoto	3
goya	3
nekwahomapa	3
akyeansa	3
tooyi	3
shinto	3
nebosuke	3
nyansafu	3
babebea	3
yadea	3
trofi	3
katasutorofi	3
wesesa	3
anabananaa	3
yoresan	3
kasunde	3
terin	3
adaatude	3
hunkan	3
baankwan	3
berekua	3
korelin	3
naapaa	3
adenin	3
tabisa	3
tatakae	3
enuamaa	3
yolanda	3
posuwanko	3
daraku	3
luumi	3
nnemmoma	3
newasa	3
morete	3
kamanomano	3
suaru	3
buana	3
nantinkwa	3
mommaho	3
owuma	3
adenwia	3
enyide	3
nsonson	3
nkumakura	3
biteme	3
ennyahide	3
paade	3
dansen	3
motomerareru	3
nodona	3
desaa	3
musumena	3
nitebeam	3
abonda	3
akwaniasa	3
obison	3
sikadi	3
noonka	3
mekeba	3
simmam	3
egufom	3
woedi	3
afinaa	3
temae	3
watuawu	3
suisame	3
wooa	3
saakyaa	3
bebedue	3
horonko	3
kadem	3
sukyin	3
metwem	3
sadato	3
sadatoo	3
baese	3
weaponwoman	3
semeru	3
sikama	3
namdari	3
warawa	3
memerankan	3
afrikaman	3
yantamm	3
metenkoa	3
suneekaa	3
awodidiaba	3
saawe	3
aturu	3
makayam	3
adedamusaa	3
twana	3
srafi	3
atwian	3
atwaen	3
mannyan	3
adotem	3
newari	3
menkyene	3
museso	3
samaaye	3
adandi	3
beteende	3
awaraa	3
woowi	3
bereke	3
akabane	3
saason	3
kaesena	3
nnyen	3
nanyin	3
bosuankye	3
hawie	3
shibaru	3
awankwaa	3
shinu	3
poriwa	3
menyamma	3
adufotubi	3
mfita	3
awaseteru	3
showadwoa	3
homebokura	3
batuti	3
yakyima	3
abonsu	3
merepene	3
hakui	3
wuia	3
soafoam	3
honkin	3
nsekan	3
sansuien	3
suita	3
mehemanam	3
durumu	3
nwanaforo	3
sameta	3
teke	3
awesomedom	3
adansekurom	3
awutewui	3
tebebu	3
parue	3
aboakye	3
akakoma	3
konam	3
mmuoso	3
ogyemekye	3
nwere	3
obofowaa	3
dawudaa	3
shiso	3
sude	3
sohofi	3
kakaduru	3
afenyaa	3
ofenya	3
nhawina	3
nayira	3
komakoa	3
saboten	3
nkuwom	3
weatamoo	3
bunum	3
noomo	3
sasusaku	3
maabara	3
subiri	3
awum	3
honnea	3
nkweeni	3
printere	3
todidi	3
subeam	3
oguntuase	3
maamebena	3
swunsoa	3
wanimonyam	3
woofon	3
mamia	3
homeanimehikaru	3
awareae	3
sunapua	3
ankokuu	3
morenyin	3
woannum	3
bonkabon	3
twua	3
ankantim	3
wuenoo	3
apebendelaa	3
mototumi	3
aheati	3
muaafi	3
abofia	3
titebi	3
owane	3
werese	3
tudoo	3
nkelabea	3
ahomrakye	3
edemede	3
bonyame	3
ahonnen	3
soranowoto	3
ntense	3
yamereba	3
awakyan	3
awamewu	3
luwam	3
saamaa	3
poamri	3
naafua	3
mmabon	3
seronko	3
bedeede	3
menyakiti	3
semaa	3
frenare	3
politia	3
hunkuna	3
masumu	3
ntiama	3
summaa	3
wafuku	3
weada	3
meaka	3
sitewi	3
saeson	3
wokadaa	3
breese	3
beresan	3
nyaayam	3
hafu	3
wiraanon	3
mahoman	3
owunna	3
betoko	3
obibiri	3
tebie	3
kokoma	3
adabum	3
akokofunu	3
pomote	3
asamankase	3
kaniam	3
tuam	3
anawa	3
okosa	3
nondaba	3
kakooyo	3
wukyinkyin	3
waruiko	3
badano	3
namri	3
nibiru	3
kerem	3
mmaamo	3
mmamamamm	3
teenie	3
asubiaro	3
kananse	3
mparu	3
tooaware	3
afridi	3
abansom	3
nosam	3
akwantuomu	3
aweasom	3
hotwori	3
enimonyam	3
kabosu	3
masamdi	3
adamdi	3
baawumia	3
watiaa	3
metim	3
santakuroosu	3
biribiwoman	3
wotosora	3
abeena	3
netotoo	3
tidi	3
nhonmi	3
komman	3
wunan	3
pawi	3
mamorarete	3
odara	3
timmie	3
muero	3
sirabeta	3
taboada	3
wanyo	3
kaketemite	3
wakakaka	3
abetem	3
wusuroa	3
dehia	3
sinnka	3
efisa	3
shonnaa	3
wuiam	3
waaban	3
wahana	3
meriaho	3
bataka	3
maera	3
kemon	3
bimota	3
karelate	3
suwam	3
ababaabaa	3
turabi	3
kumankuma	3
nnwunade	3
obimma	3
dansare	3
krutie	3
amuri	3
kasabien	3
ammutaan	3
awute	3
kafon	3
munakomi	3
hafuu	3
bereweeke	3
wakanano	3
entebaa	3
sowaabi	3
birui	3
gonne	3
wurare	3
metae	3
produsen	3
horaana	3
karenemma	3
namewoman	3
haeteru	3
mamoreba	3
biwuu	3
adamuso	3
mufirika	3
demure	3
baaraa	3
wintika	3
winnwin	3
boenkyo	3
musebinaku	3
nekasete	3
moapatra	3
sibae	3
bridada	3
anikwa	3
adwoamantebea	3
maaputa	3
wuhamesaa	3
wamaso	3
kapeseri	3
abodwoe	3
dadoa	3
wuton	3
motarasu	3
nkyemfa	3
luban	3
nnenne	3
mawuoo	3
kabawu	3
hahinni	3
berapaan	3
basuu	3
hyandi	3
akeko	3
osuma	3
draan	3
baasuto	3
denno	3
atenua	3
adebiem	3
akanina	3
nkwaasem	3
wankusubade	3
asemon	3
wirenka	3
harimaa	3
wundaboa	3
makere	3
nyabonyabo	3
shabani	3
abowoma	3
bintie	3
buono	3
adueni	3
kokurare	3
anyidi	3
okui	3
premaankura	3
numoo	3
mannuru	3
summam	3
keaton	3
biafada	3
mehadi	3
twintie	3
banso	3
gyewu	3
asuati	3
manara	3
kokrokoo	3
mateadamfi	3
ludiaa	3
nyaha	3
menkomo	3
opaekaa	3
gyime	3
afiea	3
nantuanya	3
nnatuanyaa	3
nnatuania	3
nnotuanya	3
teawu	3
wutea	3
mebon	3
aturem	3
awosame	3
mokoda	3
menosu	3
mmabesa	3
nahwere	3
safeede	3
noada	3
awufi	3
deden	3
kutaae	3
wonnkowu	3
honin	3
serenata	3
akwakyi	3
musum	3
kenkeba	3
adwise	3
hakisute	3
kadewere	3
ahotenkabu	3
susumimasu	3
kaana	3
oyedepo	3
hotuna	3
kabayare	3
okoroom	3
wuduan	3
paakurae	3
buti	3
siwi	3
bannyi	3
baaerara	3
futurowoman	3
toforo	3
nyinase	3
awoon	3
nkemnaso	3
entranoo	3
tripae	3
kanyame	3
ammori	3
mukidasu	3
asantekenya	3
nanwufu	3
apatram	3
sunnin	3
aduansere	3
oduware	3
bondowoso	3
taawa	3
mukam	3
korinna	3
abinaanu	3
feesie	3
wooanom	3
brahem	3
sarase	3
nnaame	3
mahenkye	3
siberiaa	3
afemue	3
ofemui	3
bream	3
adesadewa	3
afaanaa	3
afumisa	3
bantwini	3
dutumi	3
nkwinika	3
brodi	3
namemawase	3
krahasu	3
motore	3
pataan	3
kwaabon	3
nkasu	3
hotaemmi	3
andame	3
seawoman	3
shisui	3
medowino	3
meduwin	3
ahotone	3
susuanne	3
kaperen	3
aniti	3
totan	3
sarawibi	3
daaba	3
amamforo	3
tianya	3
afemuia	3
koroma	3
sranoo	3
edasu	3
abotaa	3
kaakyireadwoa	3
soosoo	3
ahemma	3
pohoda	3
nikodemu	3
anuine	3
aboafrae	3
hohen	3
furikiri	3
nakafurano	3
nanokan	3
woankyea	3
ofurufu	3
morona	3
twosum	3
motwitwa	3
bubuui	3
annakodi	3
baroma	3
yatafi	3
mammone	3
mfade	3
wakokokokoo	3
bruto	3
adeboni	3
ababaka	3
saayem	3
nnona	3
afuubi	3
asodieama	3
asaritoayame	3
bitaae	3
atwemma	3
nkoahene	3
hoona	3
sufro	3
huhyae	3
kasori	3
afuwin	3
neeaa	3
amesiere	3
ntiene	3
mahamatweaa	3
honim	3
wanyamon	3
nwoyi	3
yaadan	3
wansuu	3
korera	3
matante	3
apatie	3
sekase	3
mamannyanko	3
buran	3
oyakodon	3
neekosam	3
ahenekan	3
kesiannye	3
badaayi	3
nsonowa	3
waasonan	3
obahemaa	3
duhon	3
naayem	3
hurum	3
sekaseru	3
kwarewa	3
afohoma	3
nokwareasahene	3
motorowerowaa	3
akomfra	3
honowuwu	3
ahesurosom	3
bundu	3
boontiam	3
sease	3
marubae	3
paruru	3
tawaran	3
sarada	3
yaekyi	3
adinkrahemaa	3
tadafumi	3
akraba	3
nofoaafi	3
adaakwa	3
wofona	3
wadwuman	3
annkaa	3
safiri	3
pansin	3
sadewa	3
mpeaa	3
koane	3
kowasase	3
boahemma	3
buibere	3
nanum	3
pahodu	3
kuria	3
beataa	3
ayamma	3
obasara	3
banite	3
tweakui	3
adarian	3
nyankyera	3
wotoko	3
makoye	3
obinya	3
afelam	3
kunia	3
wanika	3
aketewaa	3
mfakari	3
mepran	3
kwapani	3
owamana	3
adakuna	3
asahin	3
ahoana	3
mmoyom	3
wubeewu	3
worunnsua	3
nonsia	3
nniba	3
ntonsu	3
obamaman	3
satusuro	3
anabaena	3
nneete	3
nkunimde	3
akinsanya	3
betuetue	3
betwere	3
wannkasa	3
butuanon	3
saamana	3
samea	3
akwoaa	3
ofiraa	3
edukue	3
karibi	3
sosososo	3
bren	3
nanimokamo	3
widaa	3
bomoden	3
akwe	3
sikarewa	3
mmnmm	3
sunabako	3
banyo	3
mokunu	3
haae	3
birika	3
nyafoman	3
ogyaba	3
ntakramu	3
komarase	3
antona	3
meantwintoo	3
wuafaa	3
nikiten	3
obaawa	3
nkunimdini	3
kuke	3
menene	3
nabonipaa	3
moofi	3
ahemnntawe	3
mereboaboaa	3
hokoreru	3
berone	3
ninon	3
mmekum	3
afrasa	3
kwamosesa	3
nsinano	3
mowafi	3
fubuke	3
tintintintintintintintin	3
anoteewa	3
tintinneneen	3
nnura	3
ntrakwa	3
gyebiwaa	3
mmuamma	3
wuwenyin	3
biberon	3
anatra	3
bidemi	3
frenni	3
showenyinnaya	3
fetiri	3
osabu	3
abeke	3
beresoni	3
odomua	3
anyanso	3
sakae	3
hansuu	3
nepawi	3
maanaadu	3
shafi	3
yaraaka	3
agyekwa	3
betese	3
afurosu	3
kokura	3
asiananmu	3
bokuno	3
mawarie	3
makyinkyiniakyinkyini	3
brenton	3
wuedi	3
promnite	3
manimuonyam	3
anwe	3
nayame	3
debiso	3
kuura	3
odampoo	3
asafoakye	3
nntwareman	3
mmfiti	3
awotiwan	3
ahiase	3
katui	3
aduayom	3
nimunyam	3
mahoden	3
abinaya	3
danwomansan	3
matano	3
prabo	3
abeku	3
hayere	3
apren	3
metaboman	3
wodam	3
aboni	3
antrofi	3
natewa	3
bitaye	3
buduruwa	3
nikae	3
nakade	3
soroku	3
kasanari	3
afranewaa	3
baaben	3
timata	3
akotokum	3
benyamma	3
aparesen	3
wareta	3
takwim	3
bubuin	3
yokosuka	3
ayidina	3
suntoma	3
nkonkonkoare	3
nanofoam	3
dafoforo	3
ahotwin	3
babewoman	3
amoroo	3
adenubi	3
mankyese	3
anwomaso	3
nsusuaa	3
banmm	3
manimu	3
dewaan	3
menemme	3
baboyin	3
amuso	3
kanti	3
adwindaa	3
dansui	3
kuwaete	3
matutum	3
makaroni	3
atamom	3
momata	3
sintiti	3
shonen	3
babasia	3
monomode	3
daemo	3
tabuaa	3
obueakwan	3
asonye	3
atuonwu	3
abaata	3
nkosonnwuma	3
biminni	3
fikyiri	3
sorosorosoro	3
swabi	3
honkanen	3
sunsonie	3
wutuke	3
kakikae	3
aborowa	3
pansa	3
owukidi	3
mmaduako	3
fenka	3
turunda	3
kramofie	3
makoare	3
mammaterasu	3
ewoman	3
waane	3
soramafu	3
mmaku	3
mahin	3
saboo	3
kaare	3
wamekomaa	3
adimitoo	3
beduaba	3
ababose	3
deeside	3
abokinaa	3
ayomi	3
katoaa	3
nhyin	3
broadwa	3
nheso	3
oforibea	3
payie	3
akasaba	3
nkansoa	3
bamena	3
meetaa	3
awoware	3
awadeen	3
wosudendu	3
potaa	3
ntafufu	3
wubeaa	3
metiani	3
woohwi	3
muaradua	3
medeline	3
huadu	3
kasima	3
manumu	3
nadim	3
abaduru	3
mabato	3
mahen	3
noku	3
oburaato	3
tapuu	3
nwakuba	3
ahotokurom	3
afrako	3
maaye	3
bawabu	3
batutua	3
akinmi	3
mabootoo	3
tayorinaku	3
enyinaya	3
hooyo	3
adofoasa	3
warewu	3
wuebu	3
adasea	3
kemono	3
towaa	3
awiaso	3
yannaa	3
tienen	3
nyabu	3
obikyere	3
biraabi	3
oguro	3
nannaware	3
bofem	3
neweaa	3
profite	3
medon	3
yamoa	3
nnetaa	3
adesiwu	3
pranon	3
wipo	3
afonsa	3
sraasu	3
nwannaa	3
koharuwanko	3
annani	3
hakufu	3
merayakan	3
babuaan	3
yaduaan	3
anodin	3
makrem	3
wunnyin	3
nehwene	3
woakyinyim	3
maasakari	3
abakoo	3
abandonaba	3
hakidase	3
netwide	3
yatara	3
mmabane	3
seramm	3
panduan	3
akwaku	3
kawia	3
okwaya	3
ewufum	3
agyinatufuo	3
woabasa	3
ennyim	3
wankwan	3
aduonunomu	3
womfie	3
nehoso	3
niseho	3
newom	3
kesewa	3
nwaaba	3
antonsen	3
adamamma	3
fikraa	3
werakuru	3
mufian	3
mowadwa	3
asumura	3
dasaforo	3
karani	3
kokuhaku	3
deemma	3
sufri	3
gyamfia	3
mmabi	3
kontom	3
maakom	3
samelia	3
asita	3
tirade	3
sonto	3
badababa	3
pansu	3
gyanwa	3
amarase	3
adaase	3
muika	3
mabaakra	3
wanoyera	3
woronka	3
abiban	3
deenaa	3
afadua	3
mamase	3
freese	3
ankwasema	3
sweetim	3
kantunu	3
wudinna	3
awonso	3
korokoko	3
sunkye	3
aboden	3
seamen	3
lukoma	3
pannini	3
akwasu	3
nhiamdu	3
betrue	3
afooyin	3
nkwari	3
amamme	3
nkumi	3
wukumi	3
hohohohoo	3
oguanma	3
mmpo	3
weedona	3
berene	3
nansua	3
abonnema	3
afonsu	3
fumikiri	3
boakyiwaa	3
anukuntam	3
ennenno	3
akyiriakwan	3
adelinaa	3
osinsen	3
daman	3
kumamato	3
adukra	3
enyimonam	3
bereketie	3
mekwati	3
mpendwa	3
ninkye	3
sukuutaa	3
makyidom	3
drae	3
adabu	3
warumi	3
mananda	3
nawaho	3
kuusamo	3
suti	3
obirin	3
antonni	3
andura	3
poyo	3
awonsu	3
mutam	3
shomarim	3
sumaseru	3
adakamua	3
abeeba	3
bokoran	3
kamdora	3
booma	3
poman	3
saamane	3
anyie	3
annwumere	3
awutan	3
asesoria	3
wuuaa	3
surie	3
tonda	3
weeda	3
naseebon	3
okoka	3
worede	3
sewindin	3
enaada	3
titedamebea	3
neeruu	3
takatoo	3
opensesam	3
deaha	3
okeke	3
sukasete	3
osibisaba	3
somanko	3
adubease	3
nwenni	3
sakodie	3
amorim	3
nkotokoto	3
nakutarata	3
sareba	3
mfim	3
mfote	3
sanama	3
afren	3
ewete	3
ayankoko	3
ampaduafia	3
woora	3
breton	3
wireline	3
ankuram	3
ammantemma	3
nabia	3
pokokya	3
dadano	3
kudamm	3
wakayama	3
sumasero	3
nimfie	3
afolasade	3
biwepa	3
natasa	3
waarom	3
ntaaen	3
ntoakwa	3
bankaa	3
sirin	3
nhamahama	3
wontumu	3
nubie	3
basase	3
koharu	3
atria	3
afisawa	3
awoyea	3
nnaso	3
nyakyi	3
ayade	3
anipa	3
nasonna	3
tarue	3
adwaenen	3
nwokokoro	3
suwarasete	3
komanduru	3
akokoram	3
adabanka	3
nnyakraso	3
amelie	3
mudanya	3
pria	3
oworo	3
kudasu	3
monyame	3
boroto	3
nnaware	3
afuamoaso	3
abanyaso	3
animeraku	3
mansuru	3
obinnim	3
akremu	3
gyoten	3
norikoe	3
bime	3
owayam	3
musafa	3
ankwaanoma	3
dempa	3
yatiawam	3
medori	3
duruma	3
yodomi	3
hasete	3
kasewu	3
yamame	3
kasabisa	3
ahelie	3
shera	3
apari	3
baasam	3
momoyi	3
senoo	3
masita	3
ahewa	3
afiede	3
soata	3
wumunumunum	3
shennawi	3
agyiewaa	3
bididi	3
monwie	3
ntaaya	3
weekyin	3
budaa	3
nwoyo	3
beremi	3
amisare	3
nnyinye	3
owaso	3
abanteae	3
monafa	3
prueba	3
nepekwaawi	3
seram	3
hamde	3
niaka	3
ntinda	3
woanyere	3
memotoo	3
kutusita	3
damian	3
dubote	3
sumiwi	3
sikare	3
tanne	3
bonnya	3
awusum	3
bonkano	3
britan	3
sitano	3
nerea	3
mpapaya	3
adanwanso	3
nyaabaayine	3
nhae	3
mawene	3
paraayaa	3
demamu	3
morada	3
hansika	3
kannse	3
depan	3
akyana	3
fusete	3
konmude	3
marufi	3
waenkurasu	3
antonine	3
antwaa	3
munin	3
tomiko	3
muketeru	3
wotowan	3
nabiebakye	3
awuito	3
podena	3
sheeba	3
tasua	3
monsuno	3
watam	3
mpaawa	3
sofofia	3
adamea	3
aponkyiba	3
sahaaba	3
buakwan	3
nikokasa	3
apuma	3
breanne	3
hawasu	3
kamui	3
wowonan	3
atusase	3
bonkwan	3
braham	3
fueae	3
afelien	3
goenka	3
annuum	3
sorom	3
afakye	3
sakri	3
wudanin	3
medumi	3
mantannin	3
huafu	3
baaeada	3
amitaa	3
howawan	3
sero	3
kemampuan	3
kemari	3
gyimadu	3
dankie	3
yosuro	3
baseru	3
sakradi	3
woekuku	3
maboko	3
nkwani	3
huso	3
saanaa	3
osomo	3
enkyete	3
wemen	3
owami	3
bannato	3
mpesa	3
edutuu	3
takia	3
akami	3
awasum	3
boorowa	3
tuntua	3
tokimukae	3
srode	3
hanahana	3
matamorae	3
wutian	3
naween	3
nkewu	3
anuka	3
anetaa	3
andin	3
nnyabo	3
betwen	3
ayewaa	3
santwire	3
ayina	3
tennkuu	3
sikoraadam	3
nontwintwi	3
tamma	3
biriku	3
yannu	3
bitwodowu	3
nyinahene	3
efoko	3
tokwan	3
sarapata	3
amerikaan	3
danimire	3
awarade	3
monitaa	3
opanyinntra	3
tonde	3
nikoro	3
kurikara	3
obayi	3
webean	3
kumikae	3
hakuu	3
adubiase	3
nesaweka	3
pasuma	3
mufem	3
koyom	3
kannea	3
amanama	3
osansani	3
panwaa	3
shinkafa	3
haremu	3
etraa	3
mokye	3
prendi	3
belaka	3
nsuatre	3
afenyadua	3
beense	3
merante	3
adamantina	3
oyebere	3
kahotam	3
sumankwahene	3
hyakutoo	3
amaku	3
nakase	3
saahea	3
niaba	3
fetuu	3
nhya	3
oworae	3
wanminya	3
abarara	3
habataku	3
wayan	3
papase	3
derekwu	3
honkuruwa	3
biarase	3
tannerintie	3
kasatintin	3
afeese	3
ahemahem	3
wofuru	3
saronno	3
woenniawe	3
wonmu	3
twentwan	3
hamo	3
brendaa	3
morowa	3
nyanyi	3
hoowa	3
okomfowaa	3
kodakasa	3
ennaku	3
wankyaria	3
hotaka	3
medowiase	3
wakareta	3
tedibea	3
fuui	3
pokonyan	3
honandua	3
beeti	3
shimaeba	3
ponne	3
ntekwasa	3
tuta	3
ahasuo	3
moaha	3
hakusen	3
nhowa	3
adedekye	3
owuwanyanuwu	3
mewone	3
aboasu	3
nereden	3
tonnie	3
woofataa	3
hokutoo	3
akwamarina	3
kanaabi	3
wommoa	3
mafini	3
bebonamakye	3
temitayo	3
wotenatena	3
meaho	3
egyapade	3
nabawia	3
kamforowe	3
annikintie	3
nayo	3
ayeri	3
sesama	3
nnanyerem	3
nkenna	3
mannom	3
asawe	3
poesie	3
koronda	3
wito	3
beteween	3
fikrim	3
huriwosuru	3
ntahonankwa	3
obaabesia	3
barimma	3
baahan	3
mabami	3
tiandi	3
karamase	3
pamda	3
hosannaa	3
naminide	3
ninomaru	3
situatie	3
adumasa	3
noosaa	3
matikan	3
neaye	3
nwamo	3
tiana	3
nnedinso	3
harumi	3
babuino	3
afonyaadam	3
mmowa	3
sokura	3
osawe	3
adumawi	3
wisata	3
haren	3
nokwaawi	3
ababua	3
fenton	3
sakebeba	3
asawere	3
mfundie	3
kuremasenka	3
ataetaru	3
futokoro	3
paasonen	3
amata	3
homesite	3
moakyea	3
okyese	3
sweese	3
sooneeta	3
adaraa	3
furimawasu	3
ofinsu	3
daen	3
nutriaware	3
nasea	3
masian	3
newahoni	3
owiredua	3
shofu	3
kodedewa	3
swimfan	3
dansoadwoa	3
adwoapokuaa	3
wantewante	3
okasare	3
maameantwiwaa	3
beafada	3
nhomi	3
anikaa	3
wunuu	3
honduran	3
kokona	3
luise	3
mataaho	3
winsa	3
wubinya	3
saamo	3
haamare	3
beraa	3
mmekorita	3
findi	3
abantawanya	3
honkure	3
adode	3
baria	3
andiru	3
kasoaa	3
dannawi	3
sankum	3
owire	3
nkasankasa	3
osomfooa	3
moebukuro	3
kebebu	3
ludwin	3
bonwin	3
hokuso	3
nameru	3
fenya	3
yareni	3
demedi	3
abosuraa	3
hakari	3
krate	3
hasin	3
marumi	3
enote	3
bitooma	3
moredwen	3
amoroasa	3
borodin	3
kronti	3
egumi	3
nkoru	3
natusua	3
denkyemoasue	3
baabea	3
beemm	3
nabare	3
ayerebi	3
daaban	3
hohoemeba	3
harue	3
kratae	3
akamaro	3
sokosa	3
sosafa	3
nababan	3
gyakan	3
memmoroo	3
wokosuru	3
bonsom	3
ahwenie	3
neakrase	3
ntaapo	3
hadisim	3
haronini	3
seere	3
suedi	3
basanti	3
bomitaba	3
kanne	3
katoka	3
badewanne	3
hakura	3
ammumme	3
amakoromo	3
pahemman	3
sennyi	3
sanaaheene	3
bonwere	3
hayinyinyin	3
ataan	3
adibatam	3
wutam	3
twiti	3
sakase	3
kuenya	3
koodi	3
mmanyase	3
sroda	3
wayae	3
kenyaa	3
marinnaa	3
kwatemaa	3
egyiwan	3
momani	3
fukan	3
maritim	3
kuroodia	3
adworo	3
nkuwe	3
antwepren	3
kafaara	3
owoa	3
bikari	3
asenna	3
lunahere	3
maahom	3
ensian	3
woore	3
hareteru	3
abandonaa	3
danaya	3
patae	3
homawoo	3
aboansa	3
deepame	3
odorasareteru	3
atwewa	3
afuresasete	3
madumere	3
kanwan	3
ahyekyere	3
mmderase	3
bankwae	3
wanwanwanda	3
melakyi	3
wosese	3
afonia	3
atisie	3
ahondi	3
yamana	3
buraapaa	3
mmoframfaadwene	3
serubi	3
sendi	3
oyasu	3
hotaruabi	3
aduasanum	3
wetea	3
winka	3
nanayere	3
tenua	3
toyotaa	3
banaaye	3
adaaye	3
musuem	3
seatrade	3
kewu	3
pasadena	3
wuarom	3
humoro	3
ensaa	3
wonke	3
yonsuwan	3
furoa	3
nnammorato	3
akyekyiri	3
wunwi	3
akasie	3
woansom	3
boyaa	3
nyamekasonti	3
pawise	3
hakata	3
botase	3
tiamu	3
aboseaa	3
mfumfu	3
nkubiriku	3
aprekuma	3
owusuasante	3
nnwendwene	3
hanu	3
tahaa	3
truehere	3
koroyiaa	3
afuse	3
kenkeria	3
trakoniti	3
sorenka	3
komosubi	3
afrosiane	3
tenom	3
woansu	3
wiba	3
kwaseade	3
anituan	3
nudaa	3
humdum	3
koraete	3
gofi	3
akrata	3
yamanu	3
wondwom	3
poreso	3
buwa	3
adesoye	3
nuwe	3
proteasom	3
teebu	3
katami	3
manninen	3
dasuke	3
adakunna	3
daayam	3
beena	3
ntwitwaso	3
nsofi	3
nahia	3
kwakwakwa	3
mafro	3
nyamma	3
ayamadu	3
nkuna	3
wiae	3
niseko	3
nketesiahemaa	3
edumafa	3
wakiso	3
manisa	3
somawia	3
nikyia	3
saweraa	3
afrosibi	3
kuae	3
mukaam	3
kontinua	3
tabanam	3
neenim	3
afiro	3
marumo	3
daarin	3
santanabae	3
horowa	3
brenu	3
bufoneen	3
anenka	3
wadwem	3
adarayada	3
wookie	3
akonua	3
feen	3
worom	3
ahide	3
amde	3
nakoruru	3
pompa	3
mmimma	3
mekuruwa	3
abunabaa	3
awinya	3
kariba	3
soten	3
fuwatoro	3
koonse	3
wanone	3
nnaebue	3
okoyino	3
nyimi	3
abusufian	3
wiafu	3
nnakuraa	3
asarehon	3
oboafu	3
wapoto	3
okunnu	3
nahiara	3
somodi	3
korosaseta	3
aharoni	3
teamfi	3
mesomasameso	3
beniamino	3
sukunda	3
anasua	3
nebuo	3
bonataa	3
poraa	3
asofofie	3
denae	3
dakotaa	3
kantamanto	3
madin	3
wankie	3
akanu	3
seewedu	3
pratama	3
menetwitwie	3
kaara	3
satwe	3
semene	3
nwim	3
sebae	3
tatete	3
baseline	3
nnabuko	3
paabandi	3
amodi	3
aponte	3
nkoyim	3
akinde	3
atakasa	3
barunko	3
fuso	3
broasintie	3
beruwa	3
waere	3
ponkum	3
kadon	3
tariri	3
nsaasewuranom	3
motoron	3
somantri	3
adande	3
durawa	3
anaam	3
posua	3
kriese	3
krotwiamansa	3
benasia	3
ayesaa	3
banti	3
asenua	3
makwadawesoa	3
gyaamadu	3
anwonani	3
kwian	3
wapere	3
nnwam	3
tieam	3
monokuroomu	3
morue	3
selian	3
behie	3
nyamana	3
subenu	3
frade	3
semuanya	3
kasamewon	3
abune	3
awanwi	3
seken	3
mebadia	3
tomaa	3
susumaneba	3
abitaa	3
nkroom	3
murata	3
kannan	3
deekodoo	3
owuamanam	3
amorosea	3
adanom	3
ewurabena	3
kafuu	3
kwakatoo	3
badewa	3
kudaka	3
mundue	3
ankuu	3
worebesua	3
kakura	3
mutabaahyia	3
kusari	3
nemurenu	3
goeman	3
wuwua	3
akonko	3
mukaebi	3
habibu	3
krime	3
okuraseni	3
oberon	3
derae	3
soasoa	3
sibanda	3
akyeen	3
suaraa	3
enkosa	3
katita	3
kokose	3
dedue	3
mfanteman	3
yonata	3
shitete	3
nnapa	3
neaapa	3
bosede	3
bayisuo	3
amotia	3
mmebea	3
nurin	3
bradeen	3
nnamnso	3
fikraan	3
bebunni	3
ntoni	3
adwea	3
bebae	3
akoson	3
afesua	3
batware	3
sumadi	3
kunumunu	3
tumare	3
tamese	3
apone	3
noyo	3
sokodua	3
kakuteru	3
anuman	3
sinama	3
niria	3
kakua	3
mmuse	3
sawarasete	3
anukone	3
manku	3
baenaa	3
sasaete	3
seete	3
fuua	3
drema	3
yanaabi	3
poataabaa	3
worotan	3
nsukwa	3
preda	3
akri	3
kariru	3
okufabi	3
abadempo	3
menakan	3
bonemana	3
haayi	3
haramasehonoo	3
homehonoo	3
noruda	3
awawan	3
tadoru	3
atwenewa	3
hwute	3
hute	3
shinsen	3
santri	3
kasena	3
meaabere	3
nekora	3
amintiri	3
wotiaa	3
nkoane	3
kumasawa	3
muoaa	3
yamfa	3
wakayabi	3
ansaya	3
kuromanni	3
asantemantan	3
noreba	3
aweke	3
dekasa	3
wodeho	3
tadapaaya	3
meamea	3
ahwiam	3
adeboye	3
anamm	3
momfom	3
konyanko	3
mariamma	3
ntuen	3
wutete	3
nyankyerenase	3
nkanansa	3
worenkan	3
twuan	3
yokoso	3
trintintin	3
menemukuro	3
makadi	3
sikorae	3
amfohare	3
amfoan	3
bronnson	3
gosim	3
susuan	3
sunahama	3
abaayiwa	3
nkotua	3
afikyi	3
meretiem	3
brosura	3
sayeda	3
sutum	3
merenda	3
botumirim	3
masonware	3
madia	3
serere	3
monkaba	3
fumm	3
owurae	3
kudasaru	3
banson	3
sumikura	3
namoa	3
motenase	3
kunaan	3
adanada	3
tabiti	3
tasuro	3
osameru	3
ananka	3
kuraputon	3
wutaandu	3
adwaen	3
medoruma	3
newute	3
akuwaa	3
tabasom	3
eneko	3
odwaen	3
oyawunmi	3
nnite	3
afutam	3
britannia	3
primma	3
yareda	3
babanna	3
kolie	3
osim	3
ahiabu	3
enduku	3
lukyan	3
promofoto	3
monkam	3
koomo	3
hontonokyara	3
ntentam	3
akodia	3
sundiata	3
ketema	3
woaae	3
numui	3
abuafonyinaa	3
tabanyaruu	3
baabie	3
mamataa	3
bahaataa	3
pruna	3
sramanerika	3
ayamebisakura	3
yaranakya	3
yarutokya	3
wokunu	3
akokonam	3
nsuroma	3
batuaa	3
takada	3
obeeba	3
asiafone	3
asamoabea	3
monotone	3
kotosa	3
wudome	3
mooae	3
mmaru	3
nworaba	3
nemme	3
netie	3
shikumi	3
atufunwa	3
komaneko	3
okoronwanta	3
asasura	3
nnebue	3
andiamo	3
mahyin	3
honampa	3
anemuonyam	3
mmakwena	3
deboa	3
sunsan	3
mapri	3
tabase	3
ntaase	3
moonwan	3
sururi	3
obosusu	3
simmi	3
nnafie	3
meresa	3
baakanya	3
prakoso	3
fian	3
akaya	3
mfidikoe	3
shabanaa	3
makofi	3
amonoo	3
katanka	3
kumikokan	3
atayin	3
moru	3
nnikuu	3
wintime	3
honsu	3
moaso	3
memmatoa	3
safooro	3
semo	3
obekyinkyin	3
binnie	3
kaerae	3
satire	3
atayi	3
awumni	3
marito	3
mmekwa	3
mmfima	3
sadu	3
kosia	3
wotim	3
naaye	3
fewe	3
wofurafuraa	3
menwie	3
afuma	3
konda	3
nkyeem	3
saaban	3
fuufuu	3
oboesaserareru	3
deewa	3
podua	3
awomaso	3
bibibiara	3
katoko	3
humin	3
hwereso	3
owareba	3
bereham	3
annaade	3
prota	3
mannyaa	3
menntum	3
damien	3
kayae	3
nkukuma	3
boankra	3
darate	3
mmanin	3
obisui	3
nsentia	3
ntremu	3
ntreha	3
anatoo	3
ntweneka	3
ahonnidie	3
tromperie	3
kraban	3
habite	3
entendu	3
nsunsuano	3
bandim	3
atakum	3
anofi	3
osuduku	3
abosomdan	3
brekasa	3
merenom	3
daadane	3
soresore	3
weebisa	3
kurowa	3
asuasem	3
ofae	3
adaduonu	3
enante	3
kasasini	3
kwadutwum	3
opeemu	3
ababone	3
obosomfoo	3
nsukakye	3
pampasohemaa	3
damedame	3
apremuo	3
bonkwae	3
adiesu	3
adaati	3
natron	3
banmuhene	3
ntahara	3
awiem	3
sabare	3
basarawa	3
dantanohene	3
kwatwoma	3
mmentiahene	3
dantano	3
aseto	3
basabasayo	3
hwemu	3
adandan	3
okakyere	3
akyitae	3
ntanenyi	3
mfedie	3
osoretiafoo	3
kwantabisa	3
amerindian	3
temperate	3
osiane	3
anantuo	3
nyisaahene	3
akawamu	3
ntonturaa	3
nhiamu	3
krukruwa	3
okokoodurufoo	3
awofoforo	3
okwapaa	3
batafoo	3
wonnkyere	3
krakase	3
nkabere	3
kokoodurufoo	3
nkwaba	3
adantamu	3
anyansafoo	3
efurum	3
apemfoo	3
pamu	3
bodamfoo	3
kwankora	3
abodomaba	3
bammo	3
toasoo	3
ahohoa	3
mpenesoo	3
ayamu	3
ntentenoa	3
abofraba	3
hwehwemu	3
ahodasoo	3
mafoo	3
opakum	3
osoafoo	3
nserabo	3
nsuto	3
afurumu	3
wohono	3
huenyan	3
ntokwakoo	3
sabasa	3
obadwemma	3
denmmo	3
konkwan	3
konkuraa	3
mfoo	3
boapayo	3
monkom	3
abasoo	3
nteanteaa	3
hamankaa	3
nyamfoo	3
ensese	3
ataadetam	3
boapaye	3
wokoso	3
hyeda	3
kunyin	3
oyikyere	3
ntrasoo	3
asaneem	3
niton	3
aberempon	3
anuoyam	3
asasewosoo	3
bosoo	3
nsemmo	3
obodamfoo	3
boronoo	3
okwamma	3
krotaa	3
duukuu	3
budafoo	3
akofoo	3
nkatwam	3
adapaabo	3
wonnsusu	3
banmmo	3
okotokoro	3
enwa	3
oboson	3
wusuu	3
hwerema	3
naafoo	3
nyennyen	3
nkorom	3
akuturukubofoo	3
nkasaho	3
promenade	3
akentenwa	3
ntokurontokuro	3
afuomnnuane	3
ahwane	3
mpeewa	3
wapamo	3
furuma	3
ogyamfoo	3
pokwaa	3
koton	3
ataatae	3
tensoo	3
wonntaa	3
ntafowa	3
aberimaa	3
wokabom	3
hwennoro	3
ahomankan	3
nnuapae	3
nwirawira	3
trome	3
ntafi	3
twibo	3
ntomabamma	3
safoo	3
adentan	3
twabea	3
amenya	3
asaasetam	3
melanesia	3
tekete	3
badwafie	3
abibata	3
sekune	3
ntuo	3
kunani	3
amenyaa	3
anwenwene	3
wommoo	3
nnansoa	3
abibiremu	3
nkakrakakra	3
abadiekyi	3
nnsia	3
nkurafidie	3
fetri	3
bediakyire	3
mmarani	3
anyoa	3
akake	3
nsufin	3
awesia	3
atoke	3
nkitahodibea	3
nkanyansom	3
nnwumasua	3
anokwan	3
ahammienu	3
ahosua	3
wafra	3
mfonibea	3
atwantam	3
amesemi	3
adwumabea	3
eduosa	3
wiaso	3
akayida	3
agudietuo	3
kuoni	3
busunu	3
ahendwa	3
kwesie	3
ankoranko	3
barikisu	3
abibere	3
ketwaa	3
mabunu	3
nnuani	3
awubia	3
mfonintwa	3
kraataa	3
tamfoe	3
nwoase	3
twenebo	3
apatwa	3
anyinasuso	3
yatwi	3
mfirinnwuma	3
amanmanmu	3
wotintimm	3
kontrata	3
mmansini	3
aworokakya	3
nakan	3
nhomasa	3
nkundwa	3
tanikyi	3
edinaman	3
fiboa	3
abediakyere	3
nkurabata	3
buoyem	3
bandua	3
mfiedie	3
aguamdi	3
nkuo	3
mayenne	3
hoteni	3
kowaakrata	3
ewereko	3
nkurasenkurase	3
amammuini	3
nsasesini	3
daanodini	3
mapasua	3
wanunum	3
adwumako	3
nsusue	3
akwadere	3
akorankoran	3
amukorabea	3
mmuasua	3
nasetra	3
adesuawie	3
aduason	3
abetiase	3
fukuoka	3
gyinapem	3
kaeme	3
ayire	3
ayarasabea	3
bawaana	3
adumakuo	3
woenenyo	3
mmramma	3
sikakrabea	3
nitrosamine	3
eduanu	3
nsasae	3
afiese	3
nikanika	3
kwaduu	3
nnwentom	3
nwentoma	3
gyapan	3
ameria	3
dentin	3
asawinso	3
batatuo	3
nwomanimni	3
bebaako	3
poreku	3
memuna	3
nankwaseni	3
mpontunwuma	3
mprim	3
aduku	3
morita	3
amekoafia	3
tuferu	3
manmu	3
kuruman	3
worenyini	3
titirie	3
tantamani	3
aponkyibaa	3
frafraha	3
satuo	3
keran	3
nyimakan	3
dawuni	3
furan	3
mutara	3
bedan	3
ayemfra	3
bonsoe	3
nnuaneduro	3
shabaka	3
pampanso	3
pakro	3
nsanonnuma	3
tadane	3
mpumpunya	3
nakitare	3
tenaase	3
bumankam	3
wedelia	3
nasaasetam	3
bramante	3
mmirikatuni	3
ofosuhene	3
duasini	3
kwanmisa	3
nansini	3
teriparatide	3
kumea	3
tansania	3
sadie	3
soresina	3
sebetwane	3
sesinam	3
aponkodan	3
osoafuo	3
denkyemmoo	3
asukotwea	3
afikyireko	3
nsisuo	3
abosuo	3
ahemmuo	3
nenkyemoono	3
abubuafuo	3
abosomakotere	3
sommoro	3
abatuo	3
abakyiba	3
santorini	3
musoke	3
asasewosuo	3
asaduro	3
apuuto	3
apontuo	3
apomutenetene	3
apasuo	3
mmoakua	3
kotere	3
okoromfuo	3
akomfoo	3
ahyemdie	3
ahwidie	3
nnufrafuo	3
osamufuo	3
kataasehye	3
ahomatorofuo	3
kuroase	3
oyaresafuo	3
kayayo	3
kaseebo	3
nokwafuo	3
ofidikafuo	3
asiren	3
besiren	3
asiadie	3
kotokoro	3
dadiwa	3
kowensani	3
nufoom	3
mannakin	3
atirimuode	3
osofuo	3
mframaden	3
nontwi	3
ntwiredie	3
sukokyea	3
ofareni	3
odamfuo	3
nariwa	3
nankanko	3
mumuumunu	3
mumunu	3
akonma	3
nyaatwomfuo	3
nkoronsankoransa	3
mmirenkenson	3
mfonintwafuo	3
tomme	3
sradedua	3
goroe	3
nkotokurodu	3
okuromani	3
matene	3
afononoo	3
nnwammire	3
amusiebea	3
woankame	3
meresiane	3
ntwesan	3
afiemmoa	3
adenwono	3
aniku	3
adintrumu	3
kwantene	3
sanesane	3
nkamisaa	3
nkuta	3
kurakuraa	3
afufuo	3
beraka	3
samfona	3
hararini	3
husani	3
suwisie	3
montene	3
nnarewa	3
matiatia	3
nkuntumpaa	3
masunsum	3
firafira	3
osisire	3
adwinnwan	3
nwenwenente	3
anankoroma	3
nehelamni	3
mawoso	3
mapete	3
anwansena	3
afemfam	3
ntuatuaano	3
moredie	3
nhono	3
nkudaa	3
mmuburo	3
adamfikyi	3
kelita	3
duamda	3
eguo	3
nwuo	3
abofufuo	3
kenania	3
moadidi	2
mekanyane	2
animuduro	2
mmirekyikuo	2
atweburuwa	2
nimrim	2
siwabire	2
wahini	2
nkasasie	2
mpore	2
menteam	2
afasusini	2
porepore	2
abusudwene	2
mempae	2
merenwie	2
ansiam	2
monnsoa	2
moadanedane	2
awaamu	2
obohemmaa	2
konmunde	2
osiadan	2
hwehwemudua	2
kuntunkantan	2
kuronti	2
ofaye	2
monnkyea	2
mosusuo	2
montum	2
moansunti	2
womfiri	2
merebubu	2
wapono	2
meturuu	2
akorese	2
padie	2
watimi	2
fituom	2
mpesinianka	2
mmomire	2
osene	2
wamo	2
atwibo	2
efrere	2
kontomere	2
enese	2
kekaaye	2
obebie	2
okofa	2
obesen	2
wakoyi	2
detie	2
opepa	2
tadie	2
nyiwan	2
nsina	2
fuom	2
boaso	2
nsaye	2
mpani	2
nkwaseafuo	2
totoye	2
obedwane	2
aboatea	2
kwaduampon	2
odoankoma	2
akomfan	2
kontrompa	2
ketere	2
mmirikisie	2
akuaferi	2
obommofuo	2
kuahaban	2
bowerewa	2
gyaam	2
watiatiam	2
kuruti	2
oboama	2
dakowa	2
tontoroni	2
nsensansensan	2
wofanom	2
betoye	2
nkotokoro	2
kotem	2
annwie	2
wannwie	2
asantekwa	2
wabere	2
aberekyie	2
wantiti	2
edeeben	2
ntwuma	2
dadwa	2
nsiramma	2
aserampon	2
nnyinam	2
taferetafere	2
adueku	2
mafuo	2
nsankuroro	2
mapaepae	2
aponom	2
wadwonso	2
odware	2
aniniwa	2
sofuo	2
odwaye	2
batafuo	2
eduruu	2
dedaye	2
wabeto	2
noaye	2
osinasinaye	2
mpuroko	2
kontirehene	2
nnadie	2
hyebom	2
awennade	2
waduwa	2
akonnya	2
ayerenom	2
kwuku	2
keba	2
edinnsiananamu	2
pronuon	2
aseredan	2
twitwatwitwatwitwa	2
asiniasiniasini	2
aboatan	2
papapapapapa	2
mmoframmofra	2
kwaabere	2
awaasem	2
ensia	2
awesa	2
monton	2
moreton	2
merenton	2
worenyo	2
worebesore	2
beposa	2
dadin	2
akorafoo	2
akummaa	2
nkumaafoo	2
asenom	2
wofaasenom	2
woanko	2
booso	2
nkokoo	2
horade	2
abankye	2
aboofere	2
nnonum	2
woanyane	2
manyane	2
notea	2
opremo	2
atiridie	2
awotere	2
fieni	2
ofini	2
mebeduruuie	2
enkwasea	2
mekooe	2
asempapa	2
karakara	2
tampan	2
twereduampon	2
asonafoo	2
ahyene	2
kofre	2
nkofre	2
wakodidi	2
wakofre	2
woabisabisa	2
mankokasa	2
merekoro	2
nkidi	2
mekodi	2
mennkodi	2
merekosane	2
merenkosane	2
metasetase	2
meretasetase	2
menntasetase	2
wosore	2
nkyenseemu	2
wonanabarima	2
sooyi	2
nnsorenoaadua	2
mepepa	2
akototoa	2
woaton	2
fetelasa	2
watwitwiri	2
apamudene	2
aburofuo	2
behyehye	2
abafra	2
mufusuo	2
waanom	2
mmoayen	2
nantwibuo	2
asantetwi	2
saminaya	2
ntamanwono	2
atommoa	2
nkukunwonofoa	2
odwumfoa	2
madim	2
anapaduane	2
sekrin	2
metikya	2
momnua	2
ewaabusua	2
noadi	2
mfeesen	2
wasukuu	2
mmeretenten	2
hoahyia	2
afuomdwuma	2
sewonenam	2
mmiensaho	2
wabehwe	2
hunuie	2
wapan	2
nsemmane	2
nsubanten	2
montwere	2
manadwuma	2
akuafoa	2
amanadwuma	2
hoasem	2
nanommommra	2
agyanommommra	2
anyinaka	2
mmisano	2
paepo	2
etue	2
bemayeanya	2
homfasoammiensa	2
nwomamu	2
dubona	2
nedubona	2
ahintahinta	2
asikasu	2
nnwontoa	2
gofomma	2
patudadikro	2
baawua	2
saahene	2
nkonwafieso	2
banmu	2
bampenase	2
adowaa	2
akrafena	2
abosomfena	2
adowahemaa	2
apenten	2
osoode	2
amadinda	2
akadinda	2
madinka	2
mpasaatia	2
sande	2
asumenya	2
ataadafinam	2
nyaadoam	2
krokrohinko	2
dapaakan	2
adaedwoada	2
adakwa	2
amoaman	2
amoana	2
atraman	2
dadadadadadada	2
anabo	2
twitwikwa	2
obofunu	2
kusukurum	2
osekye	2
ketekyire	2
dankwadwam	2
adedemma	2
atumpakani	2
mannka	2
kwaante	2
hyiawuhene	2
nsusuane	2
kwadwum	2
dansinkran	2
asankare	2
akoweakra	2
kurofi	2
kwankwaahene	2
nyankamase	2
asinanmu	2
ntofie	2
aninkurowi	2
ntodimaa	2
sekyeaman	2
biaku	2
senkyera	2
akyenebo	2
sakraboten	2
kwatia	2
oyiakwan	2
gyaako	2
bieku	2
akonoano	2
ampaforako	2
berabata	2
adomahene	2
gyinan	2
freduedu	2
mmabaduam	2
entera	2
amako	2
gyaanadu	2
antaadafinam	2
delineate	2
nsubaa	2
kontonkronwi	2
gyinaampanduodu	2
asantesem	2
asokwahene	2
kaasehene	2
santena	2
adutwim	2
yaanehene	2
ofasamoa	2
anakutini	2
aduonin	2
tampon	2
yafowa	2
woahyae	2
gyimaakye	2
ahenahene	2
asomorodwe	2
bekwamin	2
kradua	2
abotena	2
nyankyeremaase	2
akyamponeso	2
anumanyese	2
kanyaase	2
kokofuhene	2
nnannuro	2
mpaboahene	2
akontase	2
amire	2
bedaase	2
womaaso	2
mamesene	2
bokwankye	2
manweri	2
awisaa	2
krukro	2
woredue	2
potentia	2
ntimaa	2
apeapa	2
berenya	2
wabena	2
kankanmmea	2
nyinkyin	2
nsaakyi	2
yamoaa	2
apenkra	2
odaho	2
agyaakwa	2
asusuhyia	2
abonu	2
ntotoroso	2
afaaseduru	2
dahenease	2
danyaame	2
kuntanase	2
pankronu	2
kodaso	2
akromaa	2
konkosini	2
mampontin	2
awawia	2
kokroma	2
ntraafi	2
ahenkurohene	2
dabini	2
anwomaaso	2
gyenyaasehene	2
ayeduasehene	2
nkontonko	2
kankama	2
pramiso	2
sawia	2
bruku	2
sarin	2
siaya	2
potere	2
asamman	2
bosompo	2
bosomafram	2
bosomayesu	2
anonwi	2
etonam	2
kandwe	2
awane	2
kwaaso	2
kukuaa	2
abanyie	2
atribawuni	2
sundeme	2
ogyampo	2
owomma	2
nsima	2
botoku	2
ateko	2
tonkwe	2
akumma	2
osamane	2
asamantawa	2
atawa	2
konkom	2
amenemutwitwi	2
okota	2
nsome	2
nantam	2
woabere	2
obereku	2
anama	2
botokura	2
nawase	2
nturu	2
brode	2
wonyen	2
kasakyere	2
twafufu	2
okwansen	2
nhyen	2
mpempema	2
adibone	2
sonani	2
wofere	2
betem	2
etweri	2
damma	2
aseredowa	2
asommen	2
wonnom	2
owiafi	2
toamum	2
agyama	2
nhinti	2
bisekyim	2
kwankyen	2
kahiri	2
akunse	2
okotiaa	2
adepamfoo	2
trotra	2
yabedi	2
nhyea	2
nsakon	2
akyera	2
ntosoa	2
nkwamma	2
sonin	2
apeada	2
dakono	2
apanka	2
asaredan	2
manubea	2
gyeaboo	2
kotokuhene	2
ankoanna	2
kuapem	2
tuedi	2
baakam	2
berante	2
kumaseni	2
komasini	2
swue	2
obedwa	2
wakofiti	2
waekofiti	2
murubo	2
ofemm	2
odwuui	2
maabise	2
meebise	2
bebekasa	2
okoyi	2
okasakasakasakasa	2
tontono	2
wondeda	2
wiwan	2
hwua	2
nunnum	2
bummum	2
numnum	2
dumdum	2
sensansensan	2
namne	2
sensensensen	2
kanyakanyan	2
sensesensen	2
dunnundunnum	2
dunnunnunum	2
munnum	2
bebabeba	2
bibabiba	2
birabiram	2
femu	2
odumdi	2
obedani	2
bransam	2
wontoe	2
wontooe	2
okasakasakasa	2
ofikoo	2
edena	2
kramakrama	2
akamekame	2
annaso	2
kwannya	2
nhoraa	2
apamfoforo	2
abubusem	2
akoaban	2
entoa	2
mpumpunase	2
apatiriatom	2
teno	2
okaka	2
wakokwa	2
hyerehyere	2
oboaye	2
mfakaho	2
akohyen	2
abarabu	2
bodin	2
nyatwom	2
tamudi	2
betwabere	2
sankyiri	2
mfedi	2
mfraframu	2
sesasesa	2
akonson	2
aperesem	2
kurum	2
mmotoam	2
akuaku	2
atirimodenne	2
okwanmu	2
ofranka	2
akotowa	2
karawa	2
pakye	2
barakye	2
osorokye	2
atakaraboa	2
nwatam	2
troma	2
atroma	2
akoaye	2
abodeammo	2
teterete	2
anadwode	2
oprae	2
gyennyentwi	2
adarebo	2
pamfi	2
nserekyiri	2
apokye	2
apakyi	2
nantwiba	2
dekedeke	2
ahosore	2
apoma	2
dansedi	2
ntetewa	2
okofoni	2
pokwantea	2
asoredwom	2
nsahyede	2
abayide	2
abosiri	2
kwari	2
mmofraasem	2
ayise	2
osuwisie	2
ofumni	2
kantamma	2
semodebo	2
nsawoso	2
nnokonnoko	2
atirimusem	2
asuboe	2
nsaso	2
mpanatwe	2
kurura	2
amanade	2
adiasie	2
mfatae	2
mmoso	2
kokosiadwe	2
akwaewa	2
mfiriwa	2
ntodika	2
atempa	2
aduannaka	2
nnuabo	2
kwakwadabi	2
nnipaku	2
mpram	2
asiti	2
tratrasem	2
opatuwu	2
sikwan	2
oporo	2
ofrote	2
mmotoho	2
amanto	2
depose	2
saraha	2
ntentoa	2
naem	2
kronkronye	2
ntwaremu	2
mfonoe	2
asowui	2
sakasakaye	2
adufrasem	2
nkyemade	2
okramandwu	2
baduaba	2
mpontere	2
ntwironoa	2
ntuta	2
edumien	2
nsubo	2
ntata	2
ntuso	2
ahodom	2
nsohye	2
nyamo	2
kotra	2
totwa	2
denye	2
nteani	2
ntwetwede	2
nturuturui	2
titiru	2
owuodi	2
monommonom	2
soakyini	2
eguabo	2
twitae	2
okuntutam	2
borotoa	2
ogyennyentwi	2
pomasibere	2
tonasum	2
mmoase	2
kanwe	2
owisie	2
akofi	2
mframadom	2
obosonsomni	2
mpoforo	2
akekaduru	2
monnuom	2
borebore	2
ayensin	2
mmesea	2
oseren	2
serebo	2
nkwi	2
odampan	2
ayane	2
ahohofi	2
baman	2
duano	2
anitane	2
amiade	2
witwa	2
nsonokese	2
opapo	2
ntwehoni	2
toae	2
sikafere	2
owono	2
anyadi	2
seseara	2
nsapamu	2
awosanne	2
mfimu	2
asasewui	2
ogyafram	2
ahohorabo	2
mfentom	2
apesemadi	2
amukora	2
mmeda	2
koekoe	2
bonnodwuma	2
sedea	2
kerasin	2
dadesen	2
mmotafoa	2
kofoni	2
opani	2
aberantekwa	2
mmuadabere	2
ntintimi	2
monomm	2
nnyennyentwi	2
anosom	2
abotoa	2
osikyi	2
anyankonne	2
twebo	2
hamahama	2
twahina	2
anowatere	2
buroferedua	2
asenkwa	2
asempatere	2
samannya	2
aniwabu	2
asasehono	2
anwemmo	2
oguannam	2
abowere	2
anantese	2
birimmirim	2
enui	2
akwanmusem	2
wofasebea	2
ntereso	2
nkyekyewa	2
burukasa	2
dafua	2
pradadada	2
asofohye	2
kurennyen	2
adesoatraso	2
butraso	2
baram	2
ahooya	2
ahennan	2
okasapen	2
ntenteso	2
ofafiri	2
nsianeho	2
patapata	2
osukese	2
nnyinnyan	2
awerehoni	2
prumo	2
oponkowa	2
weko	2
nkukunwene	2
mperewasem	2
asentitiri	2
nhyease	2
prune	2
keteketewa	2
woakom	2
animase	2
safu	2
mmonna	2
hyerebahyereba	2
poripori	2
nyiso	2
mpemanim	2
ewea	2
ananmuhye	2
homedibea	2
aparo	2
adwoyi	2
poroe	2
awereawere	2
sereka	2
mmatokwa	2
apeko	2
asakese	2
nsasa	2
ntutui	2
takom	2
mfewa	2
ponam	2
mpame	2
mprennu	2
nwebo	2
suafi	2
bamiawu	2
ofinipa	2
ofienipa	2
kranku	2
sindere	2
adafitwa	2
krananana	2
opeso	2
duosia	2
seretoa	2
habammono	2
apomu	2
anyani	2
aniwuhye	2
woasen	2
adekorae	2
tapo	2
primm	2
afreso	2
nkwaseam	2
aguam	2
pankran	2
werem	2
kansese	2
adidisika	2
sommore	2
nsaberan	2
tonsure	2
okanto	2
hyede	2
nteaseenam	2
akwapemmede	2
biribiwa	2
osudanna	2
obiwom	2
abonkyi	2
hurufem	2
amumoye	2
mmaninyo	2
duedue	2
mmomome	2
okukuruboo	2
ahaham	2
wiaseni	2
apompono	2
oposie	2
owetare	2
abereduru	2
abokon	2
ntaraa	2
anida	2
nnawu	2
adwensa	2
woanwie	2
kukum	2
bankua	2
namesake	2
potentate	2
nsenkumaa	2
koramma	2
sannaahene	2
bokyea	2
ayipa	2
mehororo	2
moaya	2
ntimmaborabaa	2
dentim	2
ayeremoo	2
wabetontom	2
wabehyene	2
akyirenomu	2
dendendenno	2
semmade	2
kakabafoa	2
adansediea	2
waanya	2
suafaa	2
waasiesie	2
ahowosoa	2
basabasayafoa	2
wabekaekae	2
mubere	2
abodwokye	2
awadewan	2
nyamesurofoa	2
mmeransem	2
monwu	2
moannko	2
wabuae	2
waapam	2
wammaa	2
nsenkyerenneene	2
obenom	2
nsabesa	2
muketewaabi	2
watutuu	2
anommum	2
aduradura	2
muahye	2
aberea	2
efinne	2
aboafoo	2
waasanka	2
nnsare	2
mpono	2
noasaneaba	2
ampaarase	2
nkantankyesem	2
waaweda	2
nyetomu	2
abiraba	2
waatwetwe	2
asesaba	2
wakaae	2
wabekaso	2
nawabenya	2
apapafoa	2
wahyene	2
hwammadie	2
akuoyimu	2
papayo	2
ntotoo	2
atemmuona	2
temmufoo	2
wasusuu	2
waannyae	2
asomfoa	2
waatia	2
hoama	2
adanka	2
serewatoa	2
waakame	2
seabeka	2
wabedie	2
ntateboa	2
akumuuie	2
baaea	2
waabua	2
apora	2
odimu	2
ayeasane	2
wanomanya	2
waabehye	2
watenaa	2
amawaannte	2
abakasem	2
waasisie	2
woamane	2
nnsusuu	2
asesabo	2
mfirine	2
waaya	2
pabafoa	2
adankoniasem	2
wabuapam	2
wannsuro	2
hwammasem	2
momoaboa	2
atamfoo	2
wataka	2
wabedaadaa	2
yaadie	2
amantufoo	2
duruduruduru	2
akwantuni	2
maeboro	2
noyeanuanom	2
mmonsamfoa	2
nnkyekyere	2
mmorosoa	2
monnkunkum	2
abenyini	2
adesusuie	2
nnamfoa	2
banene	2
mmemfa	2
awayera	2
warebeta	2
waahwehwe	2
semmadebafoa	2
abesuro	2
efinse	2
mafoa	2
awuradenenea	2
awontoa	2
toasoa	2
nankuro	2
abuboneti	2
wotontom	2
basayo	2
asukadafoa	2
nempaeba	2
nyamesomfoa	2
asusuui	2
makaka	2
mperesie	2
menemoawu	2
waapaepae	2
agyidini	2
ennane	2
wabebue	2
wabenyane	2
namodie	2
maesoamo	2
ahwenwe	2
suura	2
gyeemu	2
asotwenoho	2
mammoni	2
nokwafoono	2
wafin	2
moanwene	2
moannka	2
amantufoa	2
bekyea	2
sensoromaa	2
ntaatasoa	2
waateretere	2
asukakyea	2
nayeremo	2
nokorenaaba	2
adankoma	2
wamawaatwere	2
wayiakyere	2
mmanten	2
seanka	2
waayera	2
wabesu	2
fensa	2
beboaboa	2
keseebi	2
awuradeno	2
haamaan	2
nkontompofoo	2
wadebemamo	2
awontoatoa	2
pooe	2
moakyiaka	2
nokoredie	2
awufoa	2
wonntumimma	2
tehea	2
abapreko	2
aboteremu	2
nkyerehoo	2
papayafoa	2
wabede	2
waabisa	2
amaneba	2
wannsesaa	2
waekoo	2
waboaa	2
nnamum	2
momra	2
daadaafoa	2
beseeayekwa	2
awoonsuomu	2
nwomabimu	2
modesiesie	2
manodinsese	2
waamma	2
entiwannye	2
abadwe	2
nayeakata	2
moannyae	2
mennsom	2
wanmotoomu	2
monwura	2
wayaaenoho	2
enona	2
fikwan	2
akyireka	2
wannwenwene	2
watenawanso	2
binsowadi	2
badwafoa	2
wabetumi	2
wanntie	2
besane	2
asaasemu	2
annsusu	2
atiafoanono	2
tumni	2
ahomema	2
sohwesofoa	2
akonia	2
mfatohoa	2
teneneeno	2
mekyerekyere	2
monsomno	2
dansowa	2
apani	2
wareba	2
warehwehwe	2
aduadewa	2
nntiaafenkoa	2
gyahan	2
ahonnuo	2
abadamfoa	2
annsare	2
mmabeka	2
benenam	2
senkafoa	2
witumi	2
modwiri	2
mokua	2
akwantufoa	2
nawapo	2
nsankyire	2
namonye	2
nomfa	2
tuim	2
asontie	2
watere	2
wabesoe	2
suansoa	2
aseepaa	2
gyahannam	2
awabeto	2
kakabanibi	2
hamawan	2
amanebafoa	2
nununuu	2
keseepaa	2
nawokaa	2
gyaeme	2
nnyete	2
ahyenoma	2
wabenunu	2
wabadampaa	2
obisafoa	2
soransoranmea	2
kaabere	2
waanane	2
ntramma	2
mpakyere	2
bewosoa	2
wosare	2
akakadoro	2
ahwede	2
nehoadanseeno	2
wanntan	2
nsofa	2
akomato	2
soroabofoo	2
waabu	2
nntiatia	2
asorakye	2
adebane	2
yofoo	2
nnommarima	2
tieren	2
apetamen	2
subampa	2
barasa	2
anokasa	2
nnwewemmoa	2
mpasatuo	2
nsereba	2
tiawatwam	2
konnwa	2
ahahammono	2
sakere	2
mpofrem	2
asunoma	2
nwatonturowa	2
atrapoeatrapoe	2
nwennweneho	2
mmuasuakuo	2
atomasie	2
nkukunwono	2
akununom	2
abodini	2
nkonnwafie	2
abasom	2
prududududu	2
mutra	2
ntemntemntem	2
nnkoda	2
kodae	2
ahanamakye	2
aduawatwe	2
ahaanum	2
ahaawatwe	2
apepepepem	2
afebaa	2
apankye	2
wafaase	2
akohen	2
ahaawotwe	2
merebisabisa	2
mpetepete	2
meedae	2
mubesua	2
ntetease	2
santehene	2
hoya	2
wamoamoa	2
burodua	2
woanntumi	2
wunntumi	2
asayi	2
somafodwuma	2
okrade	2
wuuma	2
yarisa	2
daduanyi	2
abufufa	2
bannabanna	2
ammamote	2
nadannu	2
enidaaso	2
nikwanso	2
dumaa	2
ahipa	2
nhamona	2
mennwene	2
papapoo	2
akoapa	2
nyameakwan	2
tuteaba	2
kohyiae	2
aponkyerani	2
annen	2
ameara	2
apakama	2
mabisadea	2
efekan	2
woaben	2
baseba	2
harawarete	2
yohanne	2
denyansu	2
marianka	2
wonani	2
buoo	2
nntoso	2
wuntumisa	2
koosam	2
nonononnonono	2
kanoano	2
motohoro	2
nanaman	2
neahennae	2
neakennae	2
nnunnum	2
amoama	2
obiso	2
sawadeekaa	2
woredinnwen	2
beneminyime	2
abebea	2
duodua	2
wannaanka	2
woampo	2
mmedu	2
nsasebere	2
nononnonononono	2
etintim	2
ewuranom	2
mentira	2
okyiwu	2
kooma	2
nyino	2
kwaaku	2
gyankatia	2
adanmu	2
wannyi	2
nsusude	2
momakase	2
susuroo	2
subere	2
wowesome	2
yahyia	2
afunatam	2
bamamom	2
okoman	2
amita	2
nyaneno	2
twimu	2
wonnum	2
apumua	2
amende	2
nnayam	2
nnoyam	2
nnkyam	2
samoan	2
ataerareta	2
atwiwaa	2
lutari	2
osokye	2
kootie	2
kotoa	2
mebotantim	2
dadaakwaawan	2
ntuaka	2
awurude	2
toaehea	2
feedin	2
maafa	2
akren	2
bintumi	2
nsurofi	2
afasom	2
mmemo	2
adote	2
wodwiraa	2
nayem	2
akwabamo	2
ntiatiaso	2
asasewomi	2
tataaso	2
montero	2
wosowu	2
weebu	2
kafie	2
nabeeda	2
aworoe	2
efimi	2
triwi	2
nosaka	2
mukeba	2
pamere	2
kokuban	2
biaraye	2
nanue	2
nuiti	2
nkurutudwuma	2
ahoyaa	2
krede	2
nkare	2
somua	2
wubeda	2
oyikwan	2
ahebi	2
nayamasete	2
mensoo	2
hoson	2
motoman	2
saabia	2
banyera	2
mawareru	2
bofum	2
mekora	2
bonusa	2
mesenaatintie	2
anumdwa	2
anierotika	2
mufunwa	2
nyakonnamdi	2
meparadise	2
yoohwan	2
turedure	2
brewa	2
mooni	2
drabaye	2
asiaman	2
menyara	2
koahweabanema	2
mehene	2
sebiane	2
awien	2
srikankan	2
momota	2
menasa	2
moone	2
sukumu	2
maton	2
abusuasem	2
edibannoa	2
kokiso	2
antonna	2
soroti	2
wammam	2
ahowe	2
nyamna	2
womentoaware	2
beara	2
babeaa	2
nnoho	2
ahaedu	2
makunka	2
anamotena	2
naamuu	2
kwuta	2
kuruwaseteku	2
muinto	2
asakuraapore	2
bendaa	2
eweda	2
fitintime	2
wuanna	2
aduin	2
biade	2
menyesua	2
hotimfoto	2
bromma	2
hawedere	2
fikye	2
matewu	2
hasea	2
sehaa	2
aseha	2
kadwaa	2
makotoma	2
osuofia	2
atebasom	2
entina	2
okukuruu	2
manona	2
bruse	2
gonaa	2
datwaea	2
moonan	2
tripoto	2
wanwi	2
mepen	2
winnen	2
kafea	2
kawunani	2
wahinta	2
kowaretanowa	2
wudwu	2
kumare	2
ammfom	2
ansore	2
oyede	2
tunmise	2
nnuia	2
montone	2
nekiribim	2
hanamduane	2
wahoa	2
amotuamu	2
sahebi	2
nnatin	2
kakikaete	2
etomitoyin	2
amandoo	2
bendayan	2
okureru	2
ammeam	2
bisonwin	2
hadama	2
nkatumuo	2
sorare	2
asikewue	2
wantanabi	2
hyerinnya	2
osite	2
dewita	2
taebae	2
wukoa	2
bediri	2
makuramoto	2
enteaa	2
futuaa	2
akaboko	2
baasusu	2
maatafi	2
abennsowe	2
sakende	2
tabanete	2
wokoron	2
toraeba	2
wenia	2
besuu	2
kafamda	2
odomu	2
okani	2
anden	2
numaan	2
nyamesompa	2
hahahahahahahahaha	2
kakikaeru	2
hannawoa	2
wukuu	2
okotuaa	2
somuke	2
babuunni	2
prim	2
aninim	2
wotokoyi	2
hosuien	2
netanya	2
aboyan	2
ahibi	2
sutabaa	2
mukako	2
sabase	2
padanu	2
makabawi	2
potwine	2
nsowura	2
kwirirayi	2
wewi	2
tafoo	2
sekrane	2
poetum	2
wunsen	2
panamanian	2
sintika	2
mutuere	2
awufoe	2
pasonini	2
kompa	2
kunman	2
mufom	2
gyebidie	2
korenkasa	2
matwere	2
suime	2
nyarekan	2
brona	2
korana	2
merekosua	2
browu	2
konoko	2
akyinapa	2
awudum	2
furasato	2
banaayaa	2
noonam	2
tameda	2
kahwabo	2
wonkodidi	2
yaadesaba	2
ewiane	2
wahora	2
wayakyi	2
amero	2
tatin	2
odoyo	2
twesari	2
kotaewase	2
anitore	2
kakimakure	2
taaheri	2
kuuti	2
birisu	2
beero	2
akokaa	2
soarin	2
ketuaa	2
nyianusua	2
krikosu	2
kenkae	2
annson	2
semere	2
homebonne	2
tianyi	2
ahwuu	2
neteru	2
wankintime	2
baesua	2
okonomi	2
akotwitwa	2
afieka	2
nnaneakyire	2
nkawe	2
kranin	2
hosamam	2
anikyikyie	2
boahennanaadu	2
twama	2
mehin	2
adamayi	2
fumikomu	2
adeboro	2
ansuasua	2
mfantemfate	2
aninsaa	2
pakati	2
wansamdi	2
momiri	2
twumaa	2
aneaa	2
kasato	2
abaesa	2
obesuasua	2
ntriesaa	2
sirenkyi	2
makanaka	2
neenoa	2
bitum	2
menkye	2
mannipaaya	2
nnamennan	2
mmafuna	2
wubekyi	2
nammakam	2
nkyewie	2
suisaa	2
beaammu	2
edwamdi	2
kareware	2
abataaru	2
kareeba	2
yanano	2
asonomanso	2
mmaniaye	2
obamakosa	2
seea	2
sarene	2
sakoon	2
gyerase	2
darima	2
bebiaara	2
paesa	2
nawani	2
babemom	2
musaeba	2
nsamena	2
hannabuu	2
furasete	2
kamawa	2
aderu	2
aboasam	2
patraani	2
hwankwon	2
afiati	2
wonimu	2
ammemaa	2
musuae	2
mennsan	2
betwene	2
bawaa	2
nafata	2
edui	2
keduanya	2
frukwan	2
wunyere	2
kommaku	2
akoso	2
sankofaa	2
gomori	2
adake	2
opuni	2
sunno	2
akwanto	2
wosase	2
atomase	2
shafa	2
sofonea	2
munsa	2
kabonaa	2
amaya	2
datowu	2
tetamu	2
waawawawawa	2
nnwonkro	2
sukyie	2
branuante	2
nworisa	2
eweden	2
twominute	2
mfikri	2
sofom	2
wommubu	2
eneasa	2
darie	2
naparada	2
mekoa	2
deane	2
mekeka	2
sedara	2
shonin	2
niere	2
nepre	2
barennaa	2
edehia	2
tabidwoman	2
edewede	2
potofu	2
sebiri	2
futakoto	2
oporu	2
shaheen	2
ahyinaa	2
yooa	2
asowansowa	2
etoenyo	2
horu	2
kaayam	2
menduro	2
somara	2
konnya	2
wutwi	2
yonaa	2
wibisono	2
anyito	2
ahiem	2
bataanaa	2
komodaa	2
anokaa	2
oyonkoaa	2
biwakokokoro	2
nwaye	2
wuumfi	2
odoriakase	2
egyoma	2
nsonsuanso	2
benton	2
enkoaa	2
woyinwose	2
ammetwa	2
afureko	2
anteson	2
wareteru	2
mutaa	2
motoroso	2
duboko	2
ofofi	2
naakaa	2
ahomateaa	2
asomfohene	2
adametea	2
katoom	2
muibase	2
ahaahaha	2
nakokokoro	2
mpasuso	2
kakaaku	2
baennaa	2
kepo	2
tonkyaawa	2
kwakyeadu	2
abonna	2
nnwanne	2
wubekyinkyim	2
dakwan	2
muhiadin	2
mommura	2
demoro	2
tirore	2
saatana	2
etoyia	2
panta	2
dadepoma	2
saraya	2
konkya	2
sotona	2
tukaeru	2
wutaata	2
dadwin	2
amanta	2
niwaka	2
komarete	2
nkurum	2
bendim	2
suasananya	2
nsanye	2
akosimadaam	2
bitania	2
panoroo	2
mereman	2
asasen	2
krokyia	2
ntianu	2
moronene	2
dabawenya	2
wanabea	2
basaye	2
manekenka	2
asurem	2
banwa	2
nnyama	2
ammomom	2
bonmannaa	2
nnabon	2
makomam	2
weta	2
fraba	2
ponea	2
sehem	2
nkororo	2
nomum	2
praanam	2
neanka	2
hodina	2
nkwasa	2
buenisimo	2
winmani	2
fimfie	2
asanko	2
woatim	2
ahwiren	2
taaen	2
merekokum	2
wumamano	2
goren	2
bedebedebede	2
senedi	2
nunni	2
gyimmie	2
biribari	2
anibose	2
wonnwia	2
neroo	2
etaatoa	2
nameafua	2
ninmu	2
fureawase	2
sranda	2
furikaere	2
mebufu	2
karikon	2
komite	2
efendim	2
ninti	2
fuanna	2
asofon	2
afianya	2
dayinwansui	2
wapoma	2
anuma	2
lurofoto	2
kasatani	2
windin	2
aporu	2
kannamma	2
oboran	2
adutwumaa	2
motoren	2
ofoawua	2
yakarete	2
afotosu	2
agusu	2
nnwansena	2
akonsa	2
medwedewe	2
surubeme	2
humu	2
yafoyi	2
owankwae	2
semiwa	2
abonya	2
atiase	2
somonim	2
ewano	2
toke	2
honnidaa	2
hasoman	2
yaware	2
kaseto	2
shaden	2
afunwa	2
mannara	2
akankye	2
babayin	2
sorunsu	2
tamia	2
mmeno	2
wiwitwin	2
soroemasu	2
ntehwantehwa	2
nkankyi	2
nkyerekyerease	2
nekokan	2
droomfase	2
fuusui	2
shaan	2
afeama	2
awuanto	2
sikapaa	2
amni	2
nyamane	2
mampan	2
nannen	2
wubikano	2
yonna	2
obiekasu	2
suiro	2
ahonedie	2
mmasesa	2
wubeti	2
wisanu	2
wubenwen	2
nkiri	2
nowereman	2
ayisoe	2
mebusa	2
sharaabi	2
kabaabi	2
trompeta	2
enero	2
konodin	2
paroni	2
nesuro	2
boontanom	2
kuwaa	2
momentumi	2
nwannwa	2
atomika	2
adwontoni	2
adeam	2
keru	2
besim	2
yapri	2
porisu	2
momme	2
nnisu	2
hohonderu	2
beduaan	2
frumi	2
tuunanenmese	2
takyiakwaa	2
moanan	2
nyiase	2
yoani	2
nansuua	2
kasonka	2
tufoante	2
koakura	2
wodewose	2
mpoten	2
tiada	2
sitafooti	2
nwonko	2
womantum	2
annamneedi	2
atrakwae	2
denderen	2
swianne	2
saanayi	2
adwokata	2
twuinkuru	2
meeso	2
ababea	2
teaso	2
hoom	2
mammarama	2
hwiesa	2
beneen	2
nanaadwoaboaduwaa	2
kwunyin	2
abekunkum	2
obadam	2
seduru	2
paarebi	2
yakokoroko	2
monyini	2
nnoke	2
tronkasa	2
adadewa	2
bosumehene	2
adawe	2
neneem	2
tontitaa	2
yamahaa	2
woresuasua	2
poota	2
butona	2
siraa	2
ahakata	2
nsuwansu	2
merenyini	2
shinkyo	2
nkronso	2
kwamenaa	2
makyarim	2
ahomare	2
meboafu	2
teboho	2
metoronome	2
tibiare	2
tibiase	2
okoseru	2
bamme	2
owiasom	2
bumoto	2
sokoro	2
ammoman	2
tontease	2
awanse	2
tarantino	2
marewin	2
okumade	2
sipaayi	2
nsaammoa	2
merusu	2
aboasa	2
sikayena	2
ahiati	2
homewine	2
bereken	2
mehisowusu	2
kakoku	2
mehakyi	2
akoroa	2
wedom	2
ntranoa	2
atraaban	2
tinsa	2
bannen	2
kokari	2
ntwise	2
atotoatoto	2
annafora	2
nntina	2
sikaaraa	2
apawu	2
paradesiaa	2
tuanya	2
merepam	2
kafekasa	2
koria	2
dumankuma	2
breaka	2
kamaboko	2
tason	2
swapo	2
busumunu	2
saaha	2
samfie	2
awaeaa	2
nebeason	2
agyinaso	2
saakumma	2
ansonyam	2
moawuia	2
manamanni	2
samraa	2
mmomade	2
nanina	2
amekoro	2
mammea	2
anowaanowa	2
wubedwennwen	2
ahooraa	2
mehofoto	2
nkesim	2
atokuru	2
hahahide	2
dannsu	2
ahokaan	2
ayaansa	2
tiamdae	2
nnatan	2
nkontono	2
hanie	2
nwonodi	2
boroforo	2
efeaa	2
baadwa	2
asanwa	2
hoyeni	2
akotaa	2
atatamesasete	2
kosereaa	2
nukuini	2
muin	2
gyamfiaa	2
musubeba	2
amaebi	2
anwonnwade	2
munafi	2
mommommom	2
buuaa	2
andinyan	2
shinkuu	2
ewum	2
kaebae	2
bebum	2
warewaa	2
neasom	2
srisuwan	2
abaranam	2
nantra	2
hondennamen	2
bidari	2
nwawuo	2
andini	2
wanoose	2
tatabo	2
sankusu	2
mammonya	2
nyammon	2
paapapapa	2
pamadapa	2
ammfea	2
maaho	2
madira	2
susuampaara	2
kumikasa	2
worutua	2
bannanni	2
notum	2
kotowarikimi	2
andinkra	2
bronto	2
wanimase	2
gyekyi	2
betani	2
daruwu	2
awadeema	2
wunkwaa	2
katora	2
enyon	2
adahanna	2
keseba	2
montonya	2
akinwade	2
nentwea	2
boroda	2
sonse	2
asiae	2
mediae	2
buaka	2
katre	2
wofasom	2
akowe	2
muha	2
hanata	2
moduware	2
asamakase	2
aminakoyim	2
feebie	2
siedu	2
ahempa	2
ansaakyea	2
nenka	2
baakoo	2
kumarakom	2
abewuitunu	2
kataram	2
medaram	2
wundoo	2
moeda	2
kwonyin	2
woatum	2
osahen	2
ankatakata	2
akwoma	2
tonkawa	2
daanka	2
okwaho	2
nuso	2
manaduru	2
wonkade	2
demente	2
suntaa	2
booae	2
hasumi	2
kofomani	2
saadawi	2
aninda	2
furuwaseteku	2
moframma	2
oprame	2
sukiru	2
twinsie	2
fenkata	2
nsonkawa	2
okayama	2
tayasu	2
amorino	2
sakrowa	2
dannam	2
metum	2
bemo	2
hakyo	2
akosuadurowaa	2
sorowu	2
adutwiaa	2
okraseni	2
darasa	2
animasom	2
suima	2
baedowi	2
wumra	2
sepedi	2
promemoria	2
kamayata	2
madowasete	2
nnoka	2
nnakaa	2
ammanoo	2
sunayama	2
hamanasu	2
adono	2
amuasekyi	2
tuunse	2
honma	2
kurofoforom	2
surade	2
barekye	2
twookyaa	2
beke	2
samankwe	2
behoon	2
sahabi	2
nkurasedwene	2
soaeboro	2
nahiti	2
tompoo	2
boose	2
nkarasu	2
woheni	2
kusiwaa	2
kokokoro	2
gyekwa	2
monsura	2
saasen	2
waanso	2
asokye	2
nsabaa	2
mansuu	2
wahanne	2
monke	2
wofoto	2
wekukronkron	2
tekremm	2
eguma	2
fieaa	2
noserare	2
komui	2
eduonuanan	2
afewia	2
weenam	2
monwa	2
honuna	2
wunade	2
fusari	2
tenkuru	2
sekyeredumase	2
monkoo	2
srum	2
nwinya	2
semire	2
afurotuu	2
nwinman	2
sindoro	2
gyete	2
oguaanyi	2
okanume	2
turoyo	2
suuru	2
mamano	2
nyamese	2
nekoosa	2
ensata	2
mufosa	2
wukari	2
akyieso	2
akyinakurom	2
mmerepammu	2
baaruu	2
samnom	2
pamasen	2
awesomekim	2
nomanta	2
amorosamamma	2
antiadware	2
yoonsunkye	2
nakutewa	2
ahohiamu	2
sasayaka	2
ayebaye	2
mueen	2
adamfontana	2
kokutan	2
satekoso	2
awansom	2
maboe	2
newondi	2
wanitwa	2
bawomui	2
tiennom	2
woronkowa	2
okitasama	2
shawa	2
mayaresae	2
kowakunaru	2
woampatere	2
wuitiam	2
amurade	2
tripuri	2
toraeteku	2
melania	2
sakon	2
bennya	2
birikin	2
titoro	2
homansu	2
murayama	2
nimfu	2
wakasaken	2
noansa	2
demaria	2
yanyanni	2
kasamoto	2
taafuru	2
baabui	2
brani	2
woreha	2
afufufu	2
ensanya	2
ahoahoahoahowa	2
adaren	2
saaedi	2
mmumufim	2
adeno	2
homewoman	2
goyi	2
afoam	2
habatakeru	2
awisewu	2
yanson	2
mmroso	2
kusorebui	2
mmanam	2
nyankere	2
nyankerenease	2
mesumi	2
afransen	2
sinndire	2
tunesien	2
tinian	2
shannu	2
suwannakrua	2
biaabi	2
mapaseka	2
mudana	2
obiehame	2
kesereba	2
simmon	2
atweredua	2
atatete	2
gooen	2
tomea	2
nonntwian	2
taawakyi	2
efrayim	2
sosen	2
lusankya	2
hyewonwin	2
karikuri	2
aputoo	2
temuan	2
taede	2
kodomora	2
matiere	2
entwan	2
weesuaba	2
nunumiaa	2
karimono	2
kabedowa	2
morehyia	2
adanisa	2
branea	2
aprinti	2
awienda	2
nunnunman	2
bananen	2
finto	2
kutasa	2
okufukaku	2
profuma	2
wufum	2
etaku	2
futaba	2
mpanyi	2
mmamda	2
kakedasu	2
soohemaa	2
woaseda	2
mawaseba	2
sandwi	2
anohana	2
shoton	2
nononsensemomma	2
susuro	2
nindaro	2
ansonwoo	2
yasete	2
nhenepa	2
wusitan	2
tatara	2
okito	2
fenomena	2
bansuwan	2
abiaa	2
fuson	2
metapa	2
merito	2
apotro	2
nkyetan	2
nkotonko	2
sisiriri	2
kantana	2
luwoo	2
winnaa	2
fikrannya	2
awoho	2
egue	2
tarentum	2
tebia	2
trinkwa	2
afiehyiapa	2
adamani	2
soason	2
nteha	2
efiara	2
adwamantam	2
efuntamfuntam	2
nnwere	2
adelino	2
woteta	2
monara	2
kukoma	2
apaanaa	2
sanasum	2
pawasum	2
nibaa	2
nimanya	2
fumfum	2
adaayen	2
wonmano	2
twadafi	2
owase	2
metuta	2
adansonina	2
bateri	2
awita	2
asahikawa	2
mmodem	2
ayanyan	2
yowapeda	2
nekiba	2
osawuru	2
dreamfoam	2
mokada	2
mebuita	2
woakyikyim	2
nune	2
munsem	2
lumfiti	2
kawumm	2
windi	2
moniri	2
ntwasa	2
nsandi	2
sadwaa	2
moretua	2
mfuduan	2
kataabo	2
ahemmame	2
nekwae	2
fesen	2
nankoma	2
asesesaae	2
adamonin	2
enaenti	2
kwanda	2
batanaa	2
niwe	2
ahowie	2
afosase	2
ayanni	2
nikra	2
aderika	2
meresesa	2
nkwim	2
tuoni	2
bruka	2
shote	2
bretaa	2
nnwaakon	2
baapare	2
monufia	2
nkosuahene	2
transua	2
masufi	2
tehya	2
berensu	2
ennyam	2
debidebidebi	2
odem	2
batebi	2
trokosini	2
tansa	2
masakoakwaaba	2
anantwibere	2
dasebere	2
owosoro	2
ahomeda	2
nwarem	2
debade	2
sukuwarete	2
kaaton	2
nadedine	2
norikae	2
funato	2
osisie	2
akokonin	2
kuroso	2
mumaa	2
antuan	2
debeera	2
kadaru	2
noadware	2
bereka	2
taroan	2
dusu	2
wusuwu	2
shantaram	2
maami	2
kaasua	2
atien	2
fukaso	2
tikoduadua	2
aberebere	2
tenan	2
abike	2
karibu	2
adanan	2
nsibi	2
awuibam	2
hasamarete	2
wasureteru	2
sukuran	2
obataan	2
ediriweera	2
somansa	2
kuikui	2
manade	2
ayimma	2
momose	2
mmfie	2
maayeka	2
enwaan	2
atwaade	2
neafrika	2
edeme	2
sayehone	2
maawa	2
obeewu	2
nwumo	2
nesom	2
nnaahona	2
abaawe	2
merekye	2
horotoforo	2
atapa	2
anikiko	2
momoware	2
worawute	2
finana	2
twike	2
maseroman	2
saakyi	2
mmiriwu	2
detatwin	2
nneato	2
nisuoo	2
susuworo	2
noanowa	2
wotaku	2
nahata	2
adofoman	2
futatusu	2
medannya	2
aniebue	2
awondue	2
biante	2
entran	2
ogyamma	2
sikuraadaa	2
kuantum	2
fenua	2
afita	2
akokura	2
yabisa	2
netorase	2
watarasete	2
tikae	2
tuturora	2
agyo	2
moonaa	2
fiafehyi	2
nnonna	2
drosu	2
abenkwe	2
korunya	2
waponkye	2
dumon	2
amfabian	2
frendi	2
deano	2
kubota	2
mmarimasa	2
ntinkum	2
adweaa	2
abansono	2
pawam	2
kodera	2
pokan	2
simonne	2
aseko	2
beeson	2
wahon	2
weeba	2
yamakawa	2
prensesa	2
seharaa	2
hotaram	2
tiriwi	2
bemia	2
awoebu	2
kantin	2
sonkronsuo	2
adepapabi	2
lurawui	2
yasaburu	2
tetenwom	2
sikone	2
pripara	2
wummi	2
kaaboame	2
maanden	2
mamaakosua	2
owem	2
bamnaso	2
babaria	2
keso	2
wudin	2
kuudere	2
wohyi	2
okokoko	2
kamdem	2
simawa	2
odoraseteta	2
weena	2
kusomeriken	2
nweran	2
nsurima	2
nimete	2
boronitaa	2
afotoso	2
enkantra	2
tinne	2
huawie	2
nkrankra	2
bankraweeba	2
lunea	2
wannaruwae	2
hananim	2
medakasan	2
wirenkyiren	2
baayie	2
amubea	2
womoa	2
abandonaadaa	2
frua	2
bookoo	2
osori	2
nkarikaa	2
krimma	2
wodeba	2
woomametwe	2
nhawuaa	2
bataataa	2
sansuru	2
nepabi	2
bataade	2
madine	2
tosui	2
nenyeni	2
mmaayiwa	2
nayini	2
kubenea	2
abotiabi	2
torubu	2
wadoku	2
obomi	2
swimfie	2
boatie	2
anamori	2
mayeka	2
okumasan	2
animenya	2
neanne	2
firewire	2
adebare	2
momaam	2
ntotoro	2
abasirikare	2
asakraka	2
bankyease	2
kadua	2
medikamentendose	2
kaesuma	2
kotedi	2
bakran	2
kotira	2
nomen	2
animeanime	2
amakyewa	2
ayinyin	2
sitebeam	2
kripaa	2
nyanyian	2
paasia	2
hookano	2
wunnam	2
bintabo	2
tarinni	2
mmisin	2
waniko	2
biapae	2
marimam	2
yarabi	2
akasen	2
owowe	2
kasafoforo	2
hommi	2
oyiri	2
panadura	2
kroese	2
goyita	2
aboyewa	2
sonoro	2
kolase	2
nntaru	2
nnsuru	2
adaaba	2
dusuran	2
kadaka	2
akwaadi	2
hwuru	2
nwewine	2
hanini	2
basano	2
efimenko	2
mepena	2
nyinnaa	2
ogundoyin	2
oyirenkyi	2
katen	2
frise	2
enkanenkan	2
marakasu	2
lunna	2
bankafoto	2
bikwani	2
atirimuodene	2
nnadoa	2
buon	2
funaya	2
sonsuro	2
oboetete	2
bikekona	2
nasafoam	2
kanoha	2
abamdi	2
awantika	2
someta	2
korusu	2
wawera	2
sikafuo	2
wanwuwanwu	2
kadamanni	2
krato	2
nikumaa	2
saboro	2
apewa	2
ntonya	2
adaawan	2
konkwa	2
danon	2
atoransu	2
akiame	2
banaro	2
obuma	2
kwamfuta	2
shaba	2
tunanina	2
baabam	2
mawuni	2
moatuatua	2
yosem	2
sekyo	2
apempensika	2
paasaban	2
bawim	2
monnarae	2
wunufa	2
haboa	2
abuasu	2
aninini	2
hyimraa	2
sinatraa	2
kroton	2
odedosu	2
nimfomania	2
harusame	2
mediteranean	2
tinkaa	2
honnaa	2
teawui	2
atehamereba	2
wonkomo	2
kuwan	2
aheadam	2
sandiae	2
akune	2
edwinneene	2
atuso	2
paeen	2
solita	2
wayira	2
namom	2
baatoo	2
owesu	2
asuwaa	2
twikoo	2
kudammu	2
nemurimasen	2
nhwin	2
madere	2
nnusu	2
wenona	2
abonnera	2
ankaretaa	2
kunum	2
asumo	2
nnyinsua	2
nkuraasenkuraase	2
bapewuan	2
antre	2
hundi	2
betidi	2
nwasom	2
kehan	2
komanno	2
sebiaa	2
printre	2
aweaton	2
babeafie	2
nnanke	2
newen	2
nnke	2
afrodisia	2
hukum	2
parapara	2
nanaka	2
naayamodi	2
kokokan	2
tereasaa	2
ofom	2
fero	2
konkonkokon	2
nonye	2
akwamaa	2
mpotemu	2
trato	2
shireba	2
yokoku	2
okakwu	2
amorema	2
wankaan	2
korama	2
afenndi	2
akofenawuo	2
tasukufosuno	2
susaa	2
kuuro	2
fetene	2
anwomea	2
nkyiase	2
ahemmum	2
warawaseru	2
kameda	2
susuaa	2
adebua	2
goraa	2
gyansiama	2
etumu	2
wakaka	2
noyi	2
wakariaeru	2
atorenkyem	2
notumi	2
mmonte	2
wudubu	2
wonwa	2
semiri	2
sammoho	2
kamidi	2
siakam	2
nnennya	2
printan	2
mesesae	2
switi	2
maduraa	2
honoria	2
payo	2
sunomoro	2
wansasamon	2
santim	2
wahedi	2
twomore	2
mankyera	2
kosem	2
sasakura	2
keede	2
apempam	2
tindana	2
daayo	2
tesim	2
akumademo	2
podenkae	2
beburaapaa	2
beberapa	2
awareru	2
parantaa	2
madonnu	2
amunimuni	2
baabean	2
nakoko	2
momase	2
ayibere	2
winina	2
wamfunu	2
bibeni	2
mumme	2
kapannda	2
mantete	2
wofeman	2
homebi	2
dennison	2
mommae	2
annahedaa	2
obubua	2
benka	2
dedikodusu	2
hanasete	2
masami	2
enyimonyam	2
ananyina	2
asasewoe	2
amdeese	2
beesen	2
waawam	2
woaea	2
mabore	2
tuaawan	2
tweason	2
damase	2
findwe	2
denneden	2
duaae	2
winyinwinyin	2
muamma	2
bonsomere	2
awawom	2
dehino	2
bewuraebi	2
satema	2
wipa	2
anitananaadwoa	2
enkaru	2
sunmi	2
akato	2
nikoma	2
payoo	2
gyani	2
abadaye	2
nundi	2
amofosu	2
kotaku	2
woorooma	2
menewaa	2
osoroso	2
mmanini	2
akabon	2
nibu	2
meboka	2
somuketan	2
manayan	2
afoaanwaa	2
trofimu	2
subaha	2
prorinwaa	2
kawaa	2
adwoko	2
asomfie	2
mowina	2
wadea	2
akonam	2
nofretete	2
kentewene	2
munwu	2
nkyekre	2
woronkin	2
sorowa	2
oguin	2
kumikyoku	2
woare	2
kwabenaa	2
kofofi	2
sometara	2
weka	2
apaaraa	2
shannonon	2
sonabaa	2
ahwandi	2
kotokan	2
wafoo	2
butuan	2
friede	2
ataadwoa	2
kaafite	2
daata	2
kwasiabi	2
atiahwe	2
beeba	2
baabaari	2
kusabana	2
nutoa	2
afano	2
modore	2
bibiro	2
bedabi	2
homebae	2
brosa	2
sekyia	2
asawira	2
afuren	2
pakari	2
warukoto	2
mmoreno	2
odumu	2
wanwimon	2
nwoha	2
srimfi	2
traen	2
oyemaa	2
drosera	2
kokoyi	2
mahanti	2
mmonnato	2
nakusa	2
ayakura	2
saapon	2
shokotan	2
wunderino	2
anunu	2
sonote	2
fusa	2
fidaaye	2
akema	2
nnote	2
yonnaa	2
nnaane	2
mumfiti	2
amanem	2
waakyi	2
mamame	2
kwofi	2
temarohirani	2
wankosua	2
aponkyewaa	2
dudasu	2
gyamfinanaakua	2
sadan	2
trampo	2
makran	2
wakyato	2
nomakwui	2
nnekwa	2
bolare	2
duaen	2
amansua	2
afrom	2
nabasu	2
asikoko	2
nnean	2
shoyo	2
akrotiri	2
tumanom	2
shanae	2
mabusu	2
wantinti	2
nnawie	2
nhanko	2
surati	2
nesoa	2
momitiba	2
woyintabi	2
sapano	2
adwumankase	2
nonnini	2
tanwani	2
afurumnini	2
nesete	2
yabae	2
amubu	2
nkote	2
hoyina	2
lunakuu	2
nyinaaramu	2
shikakui	2
asamasa	2
mununu	2
abaanwa	2
asunya	2
ansuti	2
tokosumi	2
abofeteara	2
abofetease	2
kuuso	2
naasen	2
asakiku	2
yaakinti	2
sodinokibi	2
akataa	2
swodi	2
atoroe	2
mfikra	2
osehwom	2
mafiea	2
aboronomaa	2
awantura	2
wuninti	2
noahide	2
swene	2
matrose	2
deten	2
benko	2
anyinso	2
nuede	2
nsunwunu	2
amaradeni	2
wanduruum	2
patase	2
woranin	2
koteni	2
maayam	2
tinyamma	2
botua	2
tomarikeri	2
sundaram	2
asonahemaa	2
kenkahen	2
baburasete	2
ogyaru	2
anusim	2
mfinna	2
kutuma	2
pradi	2
nyeboa	2
sumaso	2
femua	2
nkrantewu	2
mabetua	2
enyinaa	2
afasaanon	2
tataete	2
kudaku	2
napae	2
makwaa	2
maadesaa	2
kotiboto	2
wamda	2
hohyia	2
promonya	2
prodite	2
weton	2
pasara	2
kwasiafuo	2
naen	2
biwin	2
wafro	2
waadaa	2
tatami	2
akeera	2
akolade	2
anatase	2
nebisa	2
adweeku	2
adoore	2
promdi	2
akiara	2
weana	2
biruano	2
motaapa	2
hodayehia	2
nkorania	2
panomaro	2
gyaanam	2
napaam	2
afuraka	2
nyaakoaa	2
aboronommaa	2
abarebune	2
yahea	2
wuabu	2
etri	2
hadwan	2
akafa	2
gyeduaa	2
sitara	2
nahoo	2
samaroo	2
wonkono	2
ntaawua	2
amdui	2
okisari	2
sunaye	2
shankaraa	2
nwonye	2
shikaru	2
awuri	2
tatia	2
okurasenin	2
akume	2
senkakuwan	2
tweem	2
biabiaa	2
ahwin	2
nepo	2
benesom	2
burakon	2
naduru	2
akokwasa	2
saribekyan	2
nurikae	2
bekura	2
anwatin	2
derosa	2
wuroyanka	2
atwimamponua	2
akromia	2
gorasu	2
korabi	2
weati	2
biriwaa	2
mabuo	2
tuitekure	2
teriberi	2
dereka	2
tomebari	2
obeama	2
amfami	2
tumne	2
asoho	2
antrim	2
neetan	2
atoone	2
animania	2
nikundemo	2
basesuka	2
metebabere	2
kataruna	2
yaraan	2
lumare	2
tareru	2
nnme	2
swidan	2
abiana	2
bakram	2
mensakwaa	2
nkakrawa	2
hakasete	2
nusumidaseru	2
beetwe	2
asompa	2
drebaa	2
aniro	2
sodikin	2
meedwene	2
nowuu	2
netrayataa	2
measiam	2
badenya	2
duben	2
sanora	2
wakarimasu	2
apasu	2
wonwin	2
owokano	2
kabinenware	2
buhoaa	2
hosamm	2
sinsu	2
natwania	2
kuriakose	2
muura	2
watara	2
sitwe	2
pawuea	2
babeara	2
sawubona	2
wasukuma	2
ateteen	2
nkwataho	2
wosinwu	2
timoroso	2
nyannya	2
eguae	2
hyakuno	2
asite	2
wankware	2
anaayaa	2
ampaniampaa	2
enomfon	2
dewase	2
webon	2
nyawuto	2
fufaa	2
kururin	2
antwikonama	2
takanoko	2
babuiaa	2
eduam	2
nkemdirim	2
amoeba	2
okofoforo	2
pameran	2
masidonea	2
honyi	2
feraribara	2
etide	2
warere	2
kwadwoadu	2
babearan	2
babeasen	2
paripo	2
kasaboo	2
adewu	2
haepeha	2
nhyieso	2
ateni	2
bronse	2
nwede	2
hodasu	2
nntoa	2
babiron	2
nyeho	2
kuufukudearu	2
beretaa	2
wesewaa	2
mateeba	2
funtie	2
awudede	2
kantaa	2
nanunso	2
abikeade	2
kwasen	2
nyaboa	2
ankabi	2
abosomakotre	2
tweduapon	2
mmannya	2
wuenwuen	2
noasaban	2
musubare	2
nweri	2
memmfaa	2
muworofa	2
sitakoma	2
sofane	2
wandum	2
nkania	2
mmimom	2
debika	2
gyinantwi	2
kankaa	2
wannahome	2
atatoro	2
wemade	2
odiba	2
kuato	2
ayebae	2
twemu	2
obaabasia	2
babisian	2
nkentenkete	2
kanua	2
dansuwa	2
musoaa	2
sekyiwa	2
bedina	2
mmuitoo	2
nkwonkwu	2
kakedi	2
ayemm	2
wanikoo	2
yamui	2
akwasiase	2
akwatikon	2
swere	2
nyamanna	2
nawui	2
danwi	2
abakwue	2
sorata	2
sukase	2
awesomeadam	2
hakuhen	2
saken	2
dansoo	2
sareta	2
wesom	2
yandi	2
besiaa	2
dedeenam	2
asasantin	2
akyereako	2
nesea	2
profuturo	2
sekonda	2
akinokasa	2
ennae	2
osirian	2
tebelan	2
neware	2
annia	2
budae	2
afamelan	2
woahohoro	2
badanaam	2
kenwi	2
animaku	2
fuuto	2
sukuramu	2
babine	2
anafolie	2
animem	2
nofon	2
bridaa	2
kudaru	2
kwabera	2
enanu	2
swade	2
makina	2
asoke	2
takasue	2
enyare	2
anwine	2
nyadi	2
hatae	2
wantanmen	2
nkre	2
nunnaanu	2
honkohonkoman	2
kunwari	2
yonse	2
aguda	2
awomaa	2
panne	2
kowaretemo	2
mabufu	2
naakye	2
atoda	2
nankuraa	2
shami	2
dasanakya	2
yowaa	2
kenyo	2
measam	2
abakua	2
asoduru	2
saananim	2
nuum	2
nyinawabo	2
daakuro	2
mapapa	2
fekin	2
nkareda	2
akwaso	2
mmiwosu	2
warewareware	2
naamame	2
bironkuma	2
akedabo	2
matrayae	2
okoho	2
yabase	2
nannannu	2
adaepa	2
nhote	2
honyararara	2
ammuin	2
ammui	2
wamesama	2
teabi	2
woamakye	2
batutwin	2
papeta	2
woasanatwitwa	2
yareti	2
wesera	2
andoa	2
sakyame	2
mmomomomomom	2
woosu	2
bekaraari	2
atubata	2
ofofotoyin	2
ayiba	2
sodu	2
nkwate	2
soyin	2
komanda	2
kurisutaru	2
adandonware	2
anunso	2
anunuso	2
anweankwanta	2
tenime	2
damabi	2
muhyi	2
aboaboabo	2
parom	2
kasabua	2
patwon	2
nkoonkukoo	2
sasame	2
awaho	2
wonerae	2
nuwen	2
koraereba	2
andwurae	2
daawunu	2
modeen	2
mpamono	2
weekese	2
afebu	2
teponnya	2
siatam	2
sarimi	2
timpano	2
basayata	2
nanoro	2
babui	2
woadin	2
nokwan	2
hanadi	2
ahamode	2
kokromoti	2
homemoon	2
kuntoro	2
antonieta	2
akosoa	2
awooda	2
okete	2
tuinkuru	2
wapataa	2
kwakunu	2
wutum	2
andokwaa	2
anokwaa	2
nnomma	2
akwahyiaa	2
apraye	2
tubon	2
mannwen	2
fremaa	2
nkenkaso	2
tutukurom	2
fidati	2
swaahaa	2
bonniebede	2
babean	2
menasu	2
nanian	2
paatapa	2
tayin	2
dunwan	2
muntari	2
abanni	2
abomasa	2
abooma	2
abomosa	2
seselim	2
okyesonyame	2
kasaadwoa	2
woano	2
sumero	2
wapeka	2
woamia	2
nnitooe	2
memadunen	2
harira	2
nyapaa	2
abiawaa	2
benwoaa	2
nyaannu	2
nahebi	2
adamfam	2
ayannie	2
waniduka	2
eduoa	2
sohofene	2
kuwe	2
sirima	2
sokora	2
menyaakari	2
sabawin	2
endaadaa	2
honyanie	2
hunkonko	2
enyinnanya	2
dekunu	2
wamono	2
sekura	2
bibedebie	2
babedebie	2
winwonwon	2
dantuma	2
makomma	2
homeasia	2
fimu	2
weten	2
nyamankan	2
sarita	2
annyane	2
tuen	2
nayamaseta	2
kuraedesu	2
amahia	2
nyahonyaho	2
pasum	2
sunuru	2
mankura	2
akumpreko	2
amfidu	2
neelam	2
mekyie	2
bonku	2
hontem	2
mankasu	2
swedenni	2
bikuma	2
kukuduru	2
nwamdu	2
atana	2
nteere	2
mufiti	2
takaramono	2
sakakraman	2
nadwe	2
kataata	2
wufera	2
adanon	2
yaaku	2
wotenae	2
efim	2
kodaware	2
temdetududu	2
nekwanu	2
mmaadam	2
patokan	2
winnan	2
efesose	2
dakimakura	2
hannarae	2
agyinsam	2
hwansu	2
monkawe	2
semaforowa	2
agyetoa	2
fufufufufufufu	2
osasete	2
koruhasu	2
antwone	2
harua	2
tanon	2
panaa	2
hanabata	2
manaso	2
bawui	2
sidawi	2
dakarete	2
kronkon	2
edetuo	2
hakanaku	2
fuuta	2
tuuraa	2
mariwa	2
abibikwan	2
saabelie	2
mmatwe	2
amnaa	2
wakarete	2
babino	2
natafoto	2
shadwoo	2
akrubutui	2
okokan	2
serennade	2
kareemi	2
mosebi	2
boawe	2
homeami	2
hoeea	2
mehyiae	2
serano	2
moonwise	2
mammri	2
obenyaade	2
monyan	2
tuame	2
nidea	2
kurunaa	2
wakren	2
nomikomanakya	2
neadansu	2
atonita	2
nwinne	2
akebia	2
mpampon	2
mfeko	2
mfekaa	2
yorumu	2
mamusu	2
moontwin	2
nnwomasie	2
afisania	2
burasu	2
atakati	2
harumnya	2
narade	2
samate	2
lutien	2
nwunonwunane	2
sukie	2
enyinawonsu	2
abusabaa	2
obike	2
tatebue	2
motomeaeba	2
ahetrase	2
nwibiara	2
froman	2
nnakwe	2
abotonada	2
edona	2
adomfie	2
amarikan	2
anyata	2
kwabene	2
desuwa	2
hominim	2
wannabeewu	2
nnanubumom	2
abodemokratie	2
mehantan	2
enkyekye	2
ataafi	2
afunumunini	2
nnekaen	2
samooraa	2
tebime	2
brannam	2
senwamadi	2
narakoduru	2
dantwin	2
wunnisamin	2
soyabean	2
nebahin	2
mmora	2
demare	2
hokohoko	2
tania	2
kemano	2
kwona	2
wantuni	2
amawakata	2
abewie	2
yadu	2
obiakonwa	2
yatuu	2
ampoa	2
ababaduaasabea	2
sereboo	2
yammi	2
nyafaro	2
kaesa	2
paanwi	2
akate	2
bondesom	2
sunia	2
broeken	2
abakana	2
setra	2
saata	2
sankwa	2
asuworoe	2
troasom	2
honkonko	2
komameso	2
obuka	2
katoakra	2
sasere	2
akwaadu	2
ponnama	2
batanyi	2
metoko	2
beetaa	2
naamua	2
akaruku	2
wadaade	2
worisiesie	2
nnamoto	2
mebiam	2
senorita	2
tadatada	2
owusuaanana	2
beedu	2
santenkraam	2
wotrinkwa	2
etwu	2
kwamedebiaa	2
apumone	2
mfinda	2
yosuabafi	2
atamam	2
butukuru	2
amansuon	2
kasusu	2
soakrasa	2
marem	2
sundara	2
bukuro	2
sukuraa	2
wennsu	2
wokwaren	2
sodaaya	2
yantofikri	2
adwumankaakyiri	2
abayama	2
yasante	2
sammiri	2
bareteru	2
muesum	2
abaasusu	2
ankosoasoa	2
namukasa	2
pakwaan	2
kokoase	2
wanini	2
sirimasenka	2
amoabea	2
nsami	2
lutem	2
anidom	2
hadware	2
egyamu	2
mmeamm	2
senuan	2
nkakraba	2
bekarari	2
wakosomonua	2
anwiankwanta	2
anwiesu	2
damarasete	2
eguraa	2
hamadi	2
kewaa	2
antaawu	2
antawua	2
afarewaa	2
hareware	2
ansani	2
wanwanko	2
konkro	2
binkoo	2
akowan	2
tetware	2
womanso	2
abuakwankwanta	2
kakeraa	2
kwataru	2
newoon	2
ntawuaa	2
teten	2
somiti	2
biribonwa	2
ademide	2
momoka	2
binkusu	2
yowane	2
okomonuwua	2
asoara	2
ankuma	2
ammuna	2
pahene	2
wubiti	2
frodi	2
yomeba	2
moyewu	2
amoamoa	2
nasam	2
beredere	2
bataate	2
obinaa	2
satine	2
bonen	2
wantri	2
brinda	2
paransu	2
toofan	2
womisan	2
asasebere	2
momonko	2
bareduu	2
fiako	2
aborowia	2
tuuboyinka	2
adeso	2
owiwi	2
kotweaa	2
ahomansikantie	2
dabeem	2
kahana	2
woamm	2
enyimenam	2
nitria	2
ayimadu	2
dawaae	2
haabise	2
wokyim	2
huten	2
poria	2
yakitori	2
sebunnsu	2
mamoranakya	2
nkweto	2
meramera	2
saakasu	2
trento	2
sisimea	2
berin	2
mafoti	2
tuhia	2
tanye	2
afosa	2
asemfofro	2
habidi	2
homasubi	2
naatukodi	2
kuradi	2
obaakane	2
takuru	2
aheam	2
ammirikakane	2
etabaa	2
sawura	2
bebude	2
okuntoro	2
nkoakoaa	2
etekuru	2
brafie	2
anuonyara	2
waawaweawewae	2
makena	2
pokuwaa	2
nnanabo	2
sotoaso	2
abitibiwinni	2
kuremasen	2
wakarannaa	2
afebia	2
nonoonono	2
tufafi	2
awamoa	2
kokomaka	2
kwonwoo	2
awiewia	2
nkyaban	2
yanaayi	2
wufodu	2
nyamani	2
abusuwan	2
brerae	2
abowi	2
mankono	2
yaasoama	2
wataban	2
kruta	2
babumi	2
wanwanya	2
lubedia	2
tonyare	2
korayem	2
karinna	2
denan	2
yamena	2
owusunanayaa	2
wanaya	2
asusuwa	2
akyakam	2
kareti	2
krotoforo	2
derim	2
mosama	2
haraeaa	2
nyonkuru	2
weru	2
yotoku	2
ponnya	2
akyeabea	2
mekoati	2
abiwudi	2
nanasam	2
gontran	2
tipene	2
paradumi	2
boataeaa	2
asomusubi	2
nhoyo	2
metrimu	2
tuinwuu	2
damasu	2
wakoku	2
nokiba	2
adiasom	2
naanni	2
tuamanomano	2
beehyan	2
yamamma	2
muanda	2
atrisam	2
akyimnu	2
abotoo	2
akraya	2
fiaan	2
nkwasiabuo	2
kodamo	2
baanka	2
nwodwie	2
kunnakamin	2
sakukoro	2
endaa	2
nnadiayin	2
hareta	2
wunsuaa	2
seahide	2
kadewaso	2
awuronsua	2
fransoafran	2
sinu	2
nehene	2
nndwani	2
kanama	2
atemuada	2
pokwae	2
mfekayi	2
taahea	2
mmuroa	2
atasa	2
bokye	2
akremi	2
sweere	2
nebesa	2
boarae	2
shinsenkan	2
nikori	2
atoye	2
owuti	2
edudunya	2
yokohoma	2
wuudia	2
nkokosa	2
banwana	2
nnaem	2
anontwi	2
asemenea	2
behaa	2
wueda	2
ayedi	2
gyaradesu	2
nanatano	2
deari	2
tuute	2
kokono	2
twinnie	2
wanyanya	2
mamem	2
aboasofoo	2
sutanya	2
sensa	2
benyamesen	2
adini	2
teaten	2
saraba	2
maerae	2
akwede	2
bebabea	2
ntumda	2
mmuim	2
wuneawa	2
mmune	2
atrase	2
akana	2
wannawawoo	2
kasuan	2
maedi	2
okiko	2
padade	2
wabuke	2
owona	2
honkina	2
awadia	2
parete	2
hunyadi	2
mukuwanu	2
sansuwan	2
nnamoko	2
shiko	2
nkunwasie	2
paeba	2
bisosu	2
hawam	2
nkanyani	2
kukadi	2
adebesin	2
sosoru	2
menyabuson	2
ataerareru	2
biku	2
nkantikonto	2
tiannan	2
atweahene	2
karadano	2
amoebean	2
anutamma	2
notaan	2
hwehom	2
mokete	2
tofaa	2
obuko	2
wunwunmumu	2
adannewi	2
woronya	2
wofine	2
andimiti	2
gotoman	2
sintidu	2
momen	2
ampaepae	2
shitetemo	2
wumuna	2
wadutra	2
tebite	2
mewuradwoa	2
okumono	2
kokonsenya	2
sankraman	2
eduasan	2
karasia	2
awunnya	2
futumfunafu	2
worididia	2
preamfi	2
kwadade	2
datwoman	2
tedua	2
wantonwoman	2
asanade	2
swaarie	2
tabore	2
osukuru	2
shannadu	2
bebea	2
nsuamani	2
amoruso	2
memoma	2
natabo	2
nnipanam	2
danwaa	2
yoriko	2
mekita	2
okaseru	2
timmi	2
atemu	2
hwiraa	2
aberi	2
yankudi	2
suta	2
bidoo	2
amarimaa	2
nyamdawaa	2
webide	2
fukete	2
seeduwa	2
wanukaka	2
kuasa	2
fumidaseba	2
krasunata	2
sakurada	2
ahelasumi	2
moadabi	2
eweku	2
ammarie	2
mebakyikyi	2
asooka	2
nkomonye	2
pahiri	2
fekye	2
yonyinyin	2
saasoa	2
takokoro	2
sakonwan	2
atamfa	2
odehyeba	2
adebanke	2
asianua	2
shimesu	2
sakoa	2
bimasa	2
sabasabi	2
fikrebi	2
owuwewowu	2
mukuu	2
moyenye	2
korisu	2
dekia	2
annaadamfan	2
awareka	2
abusano	2
obem	2
nsusuansoo	2
awuiten	2
subo	2
mufie	2
dabien	2
badwe	2
nureta	2
agyaka	2
tabesasetetan	2
daemon	2
kenkyo	2
ntara	2
sisiraye	2
aduakye	2
moowan	2
mamaya	2
bewuu	2
okamota	2
bakabenni	2
mennkye	2
asaae	2
habebaa	2
akinnaanu	2
huwae	2
amfumu	2
saheba	2
honomi	2
homde	2
yafununya	2
atweneboanda	2
ntodoase	2
burie	2
wantronso	2
dedawe	2
deweda	2
kofuku	2
mpuri	2
mafua	2
kafunua	2
enahoro	2
poasa	2
kroatie	2
baanin	2
kasuro	2
sirikanya	2
hodim	2
ammonite	2
wannkoame	2
tuina	2
saayaa	2
santin	2
kwankwaa	2
nuase	2
futarikiri	2
wubetuimi	2
komamusubi	2
homeaso	2
simidi	2
nyoko	2
editon	2
akakwan	2
yammanuru	2
mennson	2
noyin	2
okari	2
kasaneawasete	2
baakase	2
kolam	2
niawanu	2
awirehyemu	2
adaruma	2
kaaboo	2
abansa	2
mempesona	2
marebito	2
ademabua	2
mehinwa	2
osansafiri	2
branso	2
deepa	2
muuito	2
badeda	2
moroko	2
surinam	2
wasuremono	2
humme	2
nokaa	2
awomansoon	2
sumantutunyi	2
menenenanso	2
twafohene	2
mabute	2
woahem	2
nafeesa	2
nkota	2
okyerekurom	2
aninisin	2
tummo	2
siwaakum	2
wandodwu	2
mataba	2
okusuri	2
ansaaku	2
anmim	2
ewoase	2
nikomi	2
ahenam	2
bitraa	2
hodibedi	2
odoriakasu	2
mamfam	2
mpapokuo	2
tanahaa	2
sorensen	2
ayena	2
montante	2
shamima	2
anibo	2
kokusare	2
seekwan	2
asufi	2
woatuatua	2
kabatoro	2
netede	2
tipota	2
melin	2
pokoase	2
kasaba	2
deepo	2
witabasam	2
hwinano	2
wafuo	2
nikodema	2
nekodi	2
kwansenmu	2
boyama	2
akena	2
akinyosoye	2
tweeda	2
ayamo	2
animan	2
suafa	2
mfunsu	2
wosiaa	2
tafoya	2
soyenim	2
annsuro	2
ahannumma	2
okodu	2
sokanon	2
sinwa	2
binnya	2
wantoma	2
sunabokori	2
adunum	2
ayasua	2
beterano	2
susumeru	2
tarika	2
maafin	2
munannuam	2
saniata	2
afutoto	2
trepo	2
owusuantwi	2
akromfuo	2
debaabi	2
ensonkan	2
yakuba	2
obiaran	2
kwanto	2
awakosu	2
kubera	2
benyamen	2
enteni	2
pafoo	2
sadea	2
warea	2
abekasu	2
obakasan	2
paraakram	2
dunwudui	2
awooaa	2
ahoero	2
nwabuaso	2
anaku	2
hokenka	2
namakodanamada	2
bowasa	2
akomadi	2
adabanya	2
adabati	2
adabayo	2
mmiron	2
seafasa	2
fentie	2
awonome	2
abannabeta	2
afamanaso	2
akurofi	2
abenahennehwaa	2
hodode	2
barawe	2
payiso	2
akukuu	2
pakadaa	2
womankoko	2
somem	2
abitara	2
kahyi	2
ntofon	2
karuwaa	2
oyanko	2
moakora	2
kriso	2
sonnino	2
sutoro	2
habeebi	2
furadansu	2
moonsu	2
sitenko	2
kwankaram	2
waheeda	2
ahoate	2
nwayawu	2
terike	2
anyanime	2
katinka	2
shekyi	2
temennim	2
amamoo	2
meenan	2
nokwaa	2
mooro	2
sibelia	2
koyindinaa	2
afame	2
boako	2
berare	2
prennuu	2
simonkaa	2
shwu	2
andaman	2
tempenya	2
asimi	2
yamamomo	2
barisua	2
kedamono	2
wubipo	2
homamaso	2
akatoo	2
hatahori	2
nakatoo	2
nwabu	2
danyae	2
holien	2
wuumu	2
kabera	2
amamarikan	2
sweta	2
momna	2
anmom	2
nomam	2
bremu	2
yadoru	2
abitemo	2
keetaa	2
tweedwedum	2
moodoo	2
antukunnaadante	2
noti	2
awaretune	2
mmarinaa	2
potofi	2
tukareru	2
nokosuno	2
sotokaa	2
nehoma	2
wakwam	2
kasesoo	2
obediente	2
afuntum	2
wotibua	2
tokutoku	2
kubeta	2
okone	2
enane	2
aheawan	2
ayasa	2
kanyam	2
swaha	2
gyanewaa	2
nesin	2
humankode	2
moane	2
adankwaman	2
paeanapaa	2
nnuabuo	2
dubara	2
nakwafa	2
seedi	2
etoeno	2
owudise	2
mebaae	2
sedayiam	2
nnkua	2
asikam	2
bukime	2
akrabemma	2
mmommum	2
womfaporon	2
karesaseru	2
nnanyere	2
dubin	2
ahoroma	2
haari	2
saabaa	2
makakuha	2
wuwi	2
wohiammoa	2
pahin	2
tabusu	2
taena	2
nkurufi	2
nkroabata	2
tusam	2
buide	2
sororo	2
makama	2
pokoe	2
mebirie	2
siten	2
profumo	2
afonkin	2
neeti	2
bitumen	2
apuane	2
denkare	2
tammi	2
sowaa	2
swoa	2
nyebi	2
swimm	2
abaadi	2
papabie	2
sakyiama	2
muuse	2
hwoo	2
sompan	2
ofosuhemaa	2
medika	2
winase	2
ahotomato	2
sarona	2
kasuano	2
momease	2
memari	2
akotwa	2
tiebani	2
adeliaa	2
abeen	2
soyaa	2
nweam	2
dabinu	2
wuewa	2
etebo	2
mmonkaa	2
afamaku	2
parabeni	2
mowabema	2
wotam	2
yomimasu	2
hwuason	2
saburo	2
owonam	2
tietore	2
ahenkara	2
atrano	2
freesiaa	2
wansura	2
adipose	2
babanye	2
ntokua	2
wusuanyan	2
prie	2
patumma	2
ntakua	2
kronya	2
bansu	2
abosaada	2
wankonya	2
osasuna	2
shean	2
mamenkwae	2
wusiwa	2
atwiduro	2
annamarie	2
belam	2
noase	2
truma	2
bantuaa	2
ntite	2
baapre	2
amosuro	2
aherenno	2
mukudori	2
wooti	2
netafim	2
welin	2
mosesena	2
kuraku	2
fradua	2
afroditaa	2
wannatokum	2
mfoe	2
boanim	2
tonkowa	2
akodua	2
trinaa	2
asoaka	2
ninnini	2
denton	2
niane	2
parakasa	2
nanoe	2
odasum	2
mamoritakya	2
adinkaa	2
obada	2
masataa	2
binwan	2
nisase	2
afatia	2
kakaya	2
moram	2
mesuinu	2
woredaadaa	2
makubo	2
kamasutra	2
sroom	2
honse	2
dromfoto	2
lutum	2
karamete	2
seeka	2
ahoyerayera	2
tebede	2
toraretemo	2
wakati	2
ayika	2
tamafuru	2
fumibito	2
oyatamafuru	2
amanya	2
nanahemmaa	2
namani	2
winside	2
womusubi	2
numo	2
godoroforo	2
ewuraadwoa	2
paware	2
sahan	2
kubisa	2
krawumm	2
ahooe	2
makowua	2
tenawanwa	2
adakwana	2
wekre	2
sikuda	2
sikudaa	2
hunkaa	2
bakuru	2
owumaa	2
nkomarisen	2
nkakasa	2
sikinti	2
awonkanso	2
briannaa	2
wankofi	2
wunani	2
owuni	2
yaram	2
medianama	2
ayatem	2
anosua	2
humanwoman	2
yokum	2
nomikonda	2
okyereman	2
bahiara	2
nnyara	2
adumano	2
bedede	2
finu	2
weewinnin	2
deato	2
kabayan	2
shonkyin	2
kuruwasare	2
teha	2
nonakade	2
mantweaa	2
wuwinkan	2
tofepa	2
maruehonkan	2
nomikonde	2
yafuso	2
tunaa	2
mamamia	2
munnababua	2
antipase	2
okinni	2
nyinyinyinyinyi	2
adeabeba	2
bisaso	2
makramo	2
tumitumi	2
ayea	2
marenni	2
atonko	2
mmani	2
tabaware	2
afisare	2
dewaware	2
kewan	2
mmamaahene	2
abitabi	2
somuketetan	2
bafomam	2
wanwaan	2
suantie	2
hanyan	2
yohannse	2
teatri	2
kumnipa	2
atumari	2
andikofi	2
hohanna	2
yohemi	2
entietie	2
kuufuku	2
adannia	2
wubena	2
odemu	2
mokwaa	2
afrekano	2
shinema	2
bodiam	2
nnaako	2
afenan	2
afomam	2
winyahoo	2
hoedoafia	2
ayoade	2
barufi	2
anditi	2
nwomaso	2
sukabumi	2
adaanya	2
konomama	2
daabidaabi	2
hyati	2
lubawa	2
ewunia	2
haewonnie	2
antone	2
tude	2
bensu	2
nkrankwanta	2
nutome	2
molia	2
korua	2
wakana	2
agyinaesie	2
nisin	2
twintabo	2
adaripare	2
agutan	2
belahannya	2
saabu	2
yosu	2
teriba	2
gyaha	2
kumamparebi	2
torarete	2
lutera	2
wakorinto	2
konkotibaa	2
netamu	2
hannae	2
masaha	2
baayafata	2
sasetetanda	2
amafuru	2
makebea	2
kutinan	2
teetan	2
poesia	2
akaawa	2
abakuma	2
enkaakyi	2
manitaa	2
muara	2
sunkara	2
akeen	2
bidaye	2
amusuora	2
yamadori	2
fitori	2
kakinomoto	2
fitomaro	2
awurakua	2
tomaseto	2
habasikie	2
aheronom	2
tonaeruto	2
wonkoko	2
ahofono	2
dewani	2
mesera	2
ahaen	2
neaha	2
ahadufoyi	2
mokuwa	2
dankasa	2
nnafonom	2
ankitaa	2
fitra	2
nsemako	2
gonkawiwi	2
ahinsakayi	2
norona	2
nweea	2
ahoron	2
tinture	2
yaeka	2
dekaetia	2
sawada	2
akyan	2
enneaware	2
maduabum	2
kookuu	2
makaseba	2
harema	2
tofiakua	2
tabiso	2
bitaana	2
beeda	2
baanna	2
nnaaba	2
hyakuman	2
yaede	2
okowia	2
gyaawa	2
adehyetumi	2
nipankyemia	2
koranto	2
annkye	2
dankan	2
nyarewu	2
dabikamannaani	2
asoabam	2
yaafoo	2
makenna	2
beresin	2
metewote	2
fitea	2
makisa	2
enkore	2
wakam	2
wabawa	2
fuanya	2
mukuru	2
nninin	2
sisisue	2
mfian	2
serennam	2
ahaman	2
kuturintie	2
premama	2
bawani	2
boahinmaa	2
monayem	2
ayawa	2
yoosu	2
osumafi	2
kameha	2
hotomete	2
brama	2
kotodori	2
nekomimi	2
mahoro	2
mamana	2
asemone	2
setare	2
gyawi	2
wubetintim	2
meadi	2
ntenda	2
krakraka	2
homedon	2
enkikoo	2
edwuna	2
osase	2
biennaare	2
suewa	2
awuwan	2
kanyama	2
madisom	2
adwapa	2
wankoowa	2
godasam	2
fiare	2
fieda	2
nituna	2
awukyere	2
kamea	2
obaapayeboaa	2
tapete	2
waawaate	2
serenate	2
basaya	2
adeen	2
worehome	2
boawoman	2
tise	2
bitewa	2
bitwe	2
wimm	2
wintokorinto	2
anomon	2
binwoo	2
bohea	2
sokaraa	2
hawari	2
anyasoo	2
okosusoo	2
friara	2
maadona	2
wunibom	2
asori	2
furuwaseta	2
aneeka	2
obedayi	2
ahoahoade	2
anmasam	2
fumo	2
waden	2
ankasankasa	2
baera	2
afekuru	2
wayero	2
ofenia	2
afenea	2
afeniaa	2
kwaden	2
sumiara	2
awanna	2
meaan	2
naabea	2
saatwika	2
womenwoman	2
memorare	2
memorase	2
aburaman	2
wenwa	2
kakraakakraa	2
kampo	2
yadana	2
mukanyam	2
siriri	2
wokohyiaam	2
akokoma	2
nwanwene	2
bunkakan	2
takakura	2
kwanwubae	2
mpayebo	2
polare	2
sewidi	2
tankye	2
awesomekate	2
wonipa	2
annunen	2
komfoamonan	2
atrasadaa	2
mfuaa	2
fueta	2
maandi	2
enyinabirim	2
mmita	2
taabae	2
nyanta	2
aheneba	2
ammaayi	2
koasam	2
wansaka	2
nhomma	2
namdaa	2
kafiti	2
wanneese	2
yosaburo	2
beenda	2
akrim	2
tebo	2
winware	2
operae	2
kurowanwan	2
tiworiwu	2
atarima	2
masame	2
nnaamuse	2
semintie	2
adamanso	2
sorenye	2
nwamuo	2
ntafoti	2
kotodesu	2
okoren	2
debutanti	2
dansuri	2
soade	2
awosade	2
abarayam	2
tabereba	2
katoe	2
nankoku	2
kwamoa	2
abaayo	2
antinmaa	2
biben	2
yoonsu	2
kokoto	2
kumdi	2
nonese	2
kasamma	2
mfuru	2
noyon	2
atuaa	2
wamoase	2
saruman	2
munaaden	2
baridi	2
trebi	2
honkaku	2
nyirana	2
enasa	2
nasae	2
kaetie	2
koroseno	2
asaayi	2
wenwima	2
mentenkan	2
baatere	2
shonkoraa	2
madera	2
lumikintie	2
kadusua	2
wammoe	2
obesita	2
hannyamaru	2
suhoredi	2
anada	2
mankase	2
womin	2
mebadoa	2
tinndi	2
kwansene	2
nyante	2
adwome	2
abowano	2
ahoso	2
soline	2
torosu	2
benyamenkano	2
akyaabaan	2
shoroye	2
dunkum	2
buusutaa	2
nwabata	2
wohim	2
ahemmusa	2
awasan	2
shiana	2
morato	2
akrofrum	2
mekawa	2
tweapease	2
sorani	2
siriane	2
bruni	2
kaayakammena	2
saranya	2
wawawaan	2
kasiankan	2
ayiso	2
adetonwa	2
bibari	2
sotaaya	2
nantaa	2
yadore	2
mmufasa	2
mabankese	2
belaebo	2
bedaari	2
demman	2
nyaniba	2
komunuakaa	2
tafuna	2
nwabara	2
abiade	2
asenamaso	2
okuaso	2
enimre	2
nkri	2
sunaya	2
obiebi	2
merase	2
enayim	2
mfaton	2
bedewe	2
akwaforum	2
hanamomo	2
adeenkra	2
tinariwen	2
meahomo	2
bosidin	2
kokodidi	2
satane	2
daabo	2
anitakisa	2
noonon	2
mpemebien	2
wonnku	2
korekoso	2
mmankaa	2
damaso	2
krayina	2
abookyi	2
sooson	2
haese	2
nire	2
amiko	2
frome	2
sotinwa	2
lumafi	2
bikyaku	2
moonkye	2
wafaayen	2
amaruka	2
mendota	2
kwadwowa	2
suufi	2
franwoman	2
obedenno	2
hyianne	2
kokoron	2
danya	2
akimm	2
mommahen	2
amebiase	2
mmufimo	2
hoonom	2
poroka	2
kakuru	2
seakura	2
atendi	2
krademo	2
wonsekyi	2
wonsayem	2
nuatri	2
ogyatawaa	2
obiwu	2
ayanem	2
bisirekyin	2
samarinda	2
obaasan	2
nebea	2
nemde	2
nononko	2
adehene	2
akwaakwa	2
bebedero	2
wanyabi	2
kwotie	2
waahaa	2
akinawa	2
brahimi	2
desirae	2
nankya	2
mofuku	2
takiwasure	2
owatonna	2
simete	2
simeru	2
haneru	2
wofia	2
mpawa	2
nyankware	2
teare	2
soeara	2
ofuani	2
masate	2
nankina	2
anoraa	2
adabaan	2
baeti	2
kusuufam	2
kasaantuma	2
mameen	2
nammura	2
sonnia	2
mmotuam	2
awinse	2
anwise	2
aweben	2
atoapoma	2
ataapem	2
deposite	2
woraban	2
nnsono	2
oparebeaa	2
moyan	2
mankuu	2
aminadabu	2
tabam	2
darin	2
taakwana	2
gomibako	2
mmekom	2
ahedu	2
karinaa	2
sisinni	2
gotatam	2
brandibae	2
babayide	2
notoraku	2
homawim	2
nadam	2
makrama	2
tosan	2
homata	2
nnubise	2
babibi	2
anabi	2
amamfi	2
nure	2
tomaram	2
aseneen	2
womaniam	2
badinne	2
katonya	2
keneaa	2
nasakyan	2
simonsen	2
wuntum	2
gyankyi	2
agumadu	2
atankwaadi	2
adufaria	2
okurukuru	2
adawukwaa	2
paakaa	2
okoraforo	2
bukute	2
kaamin	2
neaseno	2
wuwuwuwu	2
etea	2
nyonto	2
pontotere	2
dareese	2
etweakyiri	2
bikita	2
aberehyi	2
twurutwu	2
sinise	2
homekue	2
masakanayam	2
dewataa	2
baebu	2
anue	2
krisae	2
bayabusua	2
yokasa	2
ositaso	2
koomi	2
wannaade	2
nehote	2
wonnin	2
asedino	2
mmennu	2
ofisa	2
awinaa	2
woonya	2
akaebi	2
ahannaa	2
enkofa	2
wokuro	2
etwere	2
abawuo	2
kosokoso	2
masese	2
asamma	2
wuten	2
yoosam	2
seben	2
nkude	2
afumam	2
atwanta	2
efuufu	2
tiwie	2
wiro	2
afrikyan	2
mfume	2
atanua	2
behari	2
keruberosu	2
adummim	2
osaete	2
summomo	2
medipren	2
nworu	2
amankwu	2
haekye	2
kabanda	2
tankyoo	2
paapapapaa	2
nitokyo	2
anafokasa	2
karadutum	2
nitra	2
afowowa	2
anonto	2
antonim	2
yoonkwan	2
winanso	2
mmolira	2
medibase	2
amrase	2
hawufi	2
konosida	2
wanyaturu	2
niaturu	2
aweataa	2
tutoo	2
nketua	2
owusukrom	2
wawunu	2
solare	2
aguewaa	2
sikaniba	2
gomakase	2
paabu	2
anaturo	2
teresia	2
denuma	2
fima	2
behyiaam	2
anadan	2
naanda	2
apoya	2
semde	2
maahasohane	2
namoroo	2
bemame	2
tokofi	2
tiama	2
sabaha	2
abonyin	2
godanwa	2
entite	2
sehen	2
meridin	2
nsenkyira	2
katrum	2
akukuduro	2
badwoman	2
nason	2
senkyo	2
marenka	2
wandwi	2
bubue	2
nyepere	2
papuan	2
nsenama	2
agyamankam	2
wadansu	2
neduasa	2
broko	2
aduram	2
nierare	2
efiamma	2
nnkokwa	2
nyarumaa	2
nhyamekye	2
adansehene	2
babeaban	2
nwanto	2
tonwan	2
ntonwa	2
feese	2
makose	2
prue	2
metade	2
bitaayi	2
wutuwanko	2
tammam	2
ahyiranana	2
lunno	2
baansuri	2
yanemuonyam	2
hororo	2
okunade	2
senaa	2
anonnaa	2
moanaa	2
odesaa	2
fireware	2
nkantaa	2
weeabea	2
fuman	2
gyinda	2
bueenaa	2
sabisabi	2
anibae	2
wanokokoro	2
ayakomaso	2
bipasa	2
adaawayirenkyi	2
nhabete	2
efiduase	2
mayakasa	2
winna	2
srara	2
hamen	2
kaennakya	2
drawintime	2
abekoko	2
abayari	2
okaraseta	2
woonka	2
aniraakaranam	2
ogunwade	2
barani	2
tamako	2
hosuton	2
meburu	2
asubonka	2
naaka	2
abonnine	2
antooa	2
muitete	2
ofosohene	2
obibakasa	2
hotowa	2
naken	2
busuaan	2
afranso	2
nahana	2
gotena	2
anndom	2
twotone	2
akasease	2
bikokwa	2
gyakuru	2
asapuwa	2
taaro	2
ansensu	2
akuafohene	2
kawasa	2
koorasu	2
makofoto	2
tamaam	2
sodebo	2
showumi	2
kwanni	2
sookie	2
hwean	2
bennyaan	2
awaremake	2
abendano	2
nkatieso	2
odiaban	2
asumiko	2
suana	2
anosike	2
muubi	2
bawiti	2
mononoaware	2
sikure	2
namoda	2
nkenda	2
yowan	2
gonka	2
okabu	2
atesuwa	2
naawotwi	2
aniekwu	2
oyon	2
wotwuta	2
nimuonyam	2
shinta	2
wabasara	2
weawe	2
oguamanam	2
hokie	2
sennan	2
yoduro	2
wonsoo	2
profie	2
muson	2
noren	2
ameasa	2
batudaa	2
ataakura	2
takim	2
sawarebahon	2
homeamansan	2
betewe	2
nsaako	2
nekase	2
dewama	2
mutaan	2
efete	2
ahenkwan	2
awudereni	2
woron	2
amakon	2
kadata	2
enkayem	2
nyenkan	2
tomoto	2
apena	2
akadu	2
solan	2
wiamu	2
nwaeri	2
moaeewu	2
adubabafemi	2
suankye	2
annkasa	2
homemamde	2
tusuamusua	2
nabikasu	2
safie	2
bantuin	2
goorama	2
kaatum	2
montantin	2
nannan	2
atwimakwanwoma	2
yaasafoa	2
obaapayaasafoa	2
abease	2
wakutokoro	2
aborisade	2
naasan	2
nsanaa	2
bamen	2
kansodaa	2
okyerenaanaaseda	2
enwui	2
twinkaa	2
anamfa	2
damani	2
makahone	2
momona	2
kakarimusubi	2
ntutumm	2
tetrade	2
ahonia	2
nepeneeno	2
memepapaa	2
sereba	2
nnawuto	2
hudayi	2
akaakaa	2
wasurerarenakute	2
wariwofekuu	2
nnoron	2
kawuma	2
nanakura	2
primusua	2
hawasete	2
ntotoananmu	2
noosuwan	2
menehem	2
anurum	2
asafi	2
ataekata	2
editore	2
nwuruku	2
hawan	2
hanwa	2
hwaan	2
funnka	2
muteba	2
wumidui	2
nofrida	2
nkyenoa	2
nonabahia	2
osukaru	2
konkomana	2
mehiata	2
afiaawe	2
tikitaa	2
wurara	2
sunnan	2
abesinia	2
yasotomonoo	2
bahome	2
wonwan	2
brewu	2
fumanwa	2
wakeae	2
mfoma	2
ahabu	2
dekyo	2
deesen	2
nkabini	2
yahen	2
netwan	2
panyo	2
kontente	2
beewom	2
adaea	2
mamemimae	2
horimime	2
ahwana	2
mamatwan	2
abomafoon	2
abaato	2
nwawuba	2
duduu	2
kwantere	2
yonsen	2
mahomie	2
nsuontem	2
sotaa	2
kamosonde	2
wusen	2
fintinwu	2
dubem	2
kwumi	2
hotosu	2
bahaate	2
sukunimi	2
nannie	2
apowa	2
akyempon	2
hosom	2
dakra	2
hamadaama	2
atudoroae	2
namrataa	2
nekwa	2
tieten	2
nhota	2
hamuwuna	2
bahere	2
wahenaa	2
ferere	2
ketaa	2
amro	2
maedewa	2
ampofi	2
fente	2
lunnaa	2
wudayi	2
hwirom	2
swoo	2
nenyi	2
tatatataa	2
agyenyiwaa	2
suruibu	2
namara	2
padanaa	2
suasom	2
akomfodi	2
odabae	2
pasutri	2
nkwade	2
berebia	2
aguanta	2
wurewurafuo	2
wamro	2
shonkyaa	2
kwoda	2
susuwan	2
sosie	2
ntaae	2
deare	2
woeehwim	2
woeetwa	2
hotodi	2
wammoma	2
ahomahomasu	2
ammamre	2
anyibi	2
ofidi	2
wuwenwu	2
afetute	2
lunda	2
honkasa	2
abusuakuruwaa	2
okimari	2
osaberema	2
hyan	2
wimmfi	2
sayae	2
dutaa	2
dewuso	2
werenka	2
oyinka	2
adekasamawa	2
nukereba	2
profoto	2
lumu	2
haruko	2
kwadaa	2
hosoo	2
wudewode	2
baewu	2
kubu	2
katadomari	2
ahasonyewuda	2
nwaboyi	2
gyinamo	2
edeno	2
aheadaa	2
paedaa	2
meson	2
kwabukwabudia	2
asamaru	2
anokum	2
ntibisa	2
ahodantin	2
akwabenane	2
kaduri	2
anadu	2
fufafu	2
asetenapa	2
norowa	2
sanamamma	2
nsomeka	2
nsomfi	2
weekwan	2
matewenni	2
osoase	2
momiti	2
adayeba	2
okyarara	2
biken	2
babaniko	2
nemimi	2
apadwa	2
sabatia	2
ammunema	2
yamanasiwanko	2
prote	2
kasimpasa	2
kwannapa	2
kokosa	2
mmumm	2
osaberima	2
anuta	2
nhedu	2
akinyede	2
odurowaahodurowaahofosu	2
sasuofosu	2
aneke	2
prinyato	2
maranda	2
akyian	2
adaabi	2
haeba	2
bekasam	2
ahodeni	2
seebaa	2
nanuaa	2
asenaka	2
panudaa	2
nnde	2
asuketewaa	2
tabidi	2
amearare	2
ahweafa	2
owema	2
afodoanyi	2
akeba	2
duha	2
sapato	2
nofu	2
bookwom	2
ofaso	2
nwenwe	2
wowuu	2
ahwuiwui	2
amiata	2
ahamada	2
animikwaan	2
medena	2
yamune	2
mmiso	2
wemam	2
mmewa	2
kuanyama	2
natiroaa	2
ahanaa	2
ayanaa	2
kasiannya	2
pompae	2
honori	2
huwu	2
teesom	2
transen	2
wuto	2
nakaseru	2
edusa	2
sraabebura	2
babum	2
paboama	2
woorae	2
fukumi	2
tubu	2
tafomanya	2
swuro	2
buman	2
nesam	2
dekoko	2
shiroyama	2
asensen	2
hyewu	2
akeruka	2
sunaayi	2
kwaaye	2
nadinka	2
hatusua	2
neataae	2
kwakwade	2
kodiawuma	2
afaae	2
katarania	2
madumi	2
munyankomane	2
haduru	2
kaata	2
sonora	2
mekoka	2
animite	2
siae	2
dannae	2
anumasem	2
awiwie	2
osikuni	2
dedum	2
ankre	2
wabafebi	2
ntantekyi	2
abandonka	2
amno	2
eduesia	2
babone	2
nurudeeno	2
somawansa	2
nsukorade	2
mokoka	2
afuero	2
akamato	2
komodore	2
nyadua	2
patosu	2
birima	2
drakyi	2
aweebenaa	2
saansen	2
marimaayam	2
wayaase	2
nsamaria	2
sodari	2
nkwada	2
saawaa	2
nafuna	2
babana	2
nonato	2
tarasa	2
paburen	2
aforenu	2
hantoro	2
tutori	2
sennaa	2
woosabi	2
kaewin	2
kromofoo	2
kwaeato	2
etwareea	2
seabea	2
tenkadom	2
mamammu	2
mokoko	2
opae	2
fueru	2
tradewu	2
mehina	2
gyanwaa	2
wirem	2
anumnum	2
etirease	2
awuraafua	2
totetumi	2
womentumi	2
nokwae	2
bakida	2
ankunam	2
panim	2
nnkeka	2
mankora	2
marinate	2
moaden	2
medwaa	2
wakaso	2
pako	2
osubi	2
asasesisosua	2
momaewa	2
obiakwa	2
aguri	2
benkadi	2
wawowura	2
belinyaa	2
biasone	2
kakuin	2
fuita	2
osaeru	2
nanannanaa	2
osianan	2
kwedu	2
katiebo	2
musasama	2
bedoyere	2
wowuhin	2
kaane	2
andwom	2
tusua	2
ntino	2
nuatawa	2
wetim	2
afrae	2
seerose	2
teea	2
husua	2
akirame	2
korosita	2
metume	2
wareka	2
nimman	2
weakaseaa	2
ewusie	2
trenin	2
paanyam	2
yaburaneba	2
kokoroso	2
yakori	2
ahorita	2
taawawu	2
ahyonsam	2
anandita	2
sosomo	2
atatameru	2
nwabudike	2
kasaneteta	2
preteennude	2
borum	2
fekuri	2
saannu	2
wakaku	2
asaafotufiam	2
mebude	2
safoadu	2
nuoto	2
kontra	2
krayi	2
hoetero	2
hyakato	2
haroon	2
nanmin	2
nyepam	2
batasan	2
saham	2
wintra	2
huayie	2
nyenma	2
anaani	2
atetamo	2
teehaa	2
sitanom	2
wumaku	2
naritakya	2
fresitaa	2
abiro	2
weadon	2
nyankom	2
adekemi	2
nokwaremu	2
mohana	2
wonnarua	2
bibera	2
momewona	2
muwahaha	2
adeaa	2
kayinni	2
banaana	2
susumidasu	2
sunsetease	2
woosimon	2
atwia	2
hamasaya	2
sekitan	2
nakata	2
woyoo	2
frere	2
yosano	2
noanyi	2
tarareba	2
sowenya	2
nonnononono	2
huae	2
adapaatwa	2
brunaa	2
bekono	2
yoti	2
kanoyina	2
katohanae	2
sikadu	2
prieten	2
bedurui	2
taake	2
sasaeru	2
aborokyire	2
mmaatra	2
hake	2
anwufi	2
wanwanwanwawan	2
habumanu	2
anuwa	2
karasuno	2
dankinde	2
gyakukoo	2
baroona	2
nwedi	2
seabo	2
barada	2
nanyare	2
kwaam	2
akonaba	2
sukran	2
ewumi	2
sorokan	2
edwena	2
amfono	2
bakubaku	2
nkonkwa	2
handoro	2
asino	2
ayebo	2
boamfa	2
momote	2
sonanso	2
ennda	2
yokote	2
abatia	2
ahenda	2
bankete	2
moento	2
awuso	2
wantoko	2
brabaa	2
neron	2
annawaawi	2
muhanna	2
homepa	2
adenna	2
aboara	2
kaaya	2
anafranaku	2
kufra	2
momapo	2
nnanedane	2
sinsima	2
anitabi	2
nnku	2
seehase	2
aponkyi	2
yahoowu	2
bresua	2
nkwakwasem	2
kwankwa	2
nekyeso	2
firebeam	2
dumitru	2
gyatabuom	2
saweem	2
kraasa	2
noha	2
neanaa	2
ntodi	2
homede	2
asianna	2
aworuwa	2
ntwem	2
handwe	2
wutwom	2
maasakanya	2
anannua	2
teara	2
ntinno	2
hwin	2
akahiko	2
feliri	2
daawuda	2
anteho	2
luanwu	2
maayamma	2
teemme	2
srodoye	2
hunan	2
aprenda	2
tabakware	2
obaayaa	2
nomimasu	2
anowuo	2
humanyin	2
yaafonui	2
hawaanon	2
munaaba	2
worentie	2
bedinem	2
atwenewaa	2
bero	2
wonea	2
yanomami	2
konde	2
hadanna	2
munute	2
akoori	2
kuwi	2
nemontowa	2
anabea	2
asuranoo	2
obiaku	2
akintude	2
awiemfoo	2
mansakewoo	2
wundene	2
wahwahwu	2
natawi	2
wodaabi	2
asuamu	2
barina	2
tensu	2
kruakrua	2
kwaesam	2
kanaeba	2
amraapuri	2
atiwaye	2
somfin	2
adabase	2
tetuwan	2
bikesure	2
nkamaa	2
merese	2
gomae	2
nnatuanya	2
afraso	2
koosu	2
nikwani	2
tetebea	2
adahan	2
kwinnan	2
sewon	2
takrana	2
honyaku	2
weesie	2
posutaa	2
mekurumekuidon	2
lumiria	2
afreeda	2
marayam	2
ansonyin	2
krisita	2
ntoaboma	2
afawubo	2
adwoatwekese	2
takoko	2
antinanti	2
mosera	2
nkyeraa	2
sanwu	2
nyatoo	2
bayaran	2
adawia	2
teamania	2
asikaman	2
frontwoman	2
kudapan	2
nkode	2
makusu	2
baawi	2
owodi	2
mesika	2
wonwonwon	2
adiasa	2
mahimara	2
teene	2
nnadura	2
mmayi	2
asahia	2
mesasa	2
teren	2
koasati	2
noroo	2
asempafie	2
afikyere	2
furuedasu	2
bapaa	2
adadientem	2
kasarete	2
mpatase	2
wemoto	2
annonsere	2
soroeba	2
shebeen	2
yaroo	2
kasea	2
edelan	2
mandoka	2
shikwaa	2
anore	2
wutenan	2
poyoo	2
sannidi	2
nisinaa	2
nonimenni	2
afuwaan	2
atomfire	2
amasan	2
sununu	2
gooroo	2
badui	2
wudwude	2
awenie	2
awansena	2
nantwe	2
naason	2
horaam	2
kwaseadwaso	2
parenti	2
muodi	2
neeniti	2
sumiri	2
keaa	2
hanaabi	2
bewafanu	2
barinaadaa	2
anaahenaa	2
tenkara	2
afiakurue	2
kusewan	2
wohyiahyiaa	2
nsubunu	2
somebi	2
adende	2
afrankyo	2
tawinyin	2
anwimafi	2
anuforom	2
yotaan	2
ahiro	2
wunyo	2
nwanaa	2
mfufufufufu	2
anoda	2
nennu	2
nhweni	2
taedae	2
korubi	2
paban	2
owunwa	2
monkie	2
kokorani	2
wakidasu	2
benyamini	2
oketeke	2
hamaaraa	2
abuto	2
sikara	2
kredom	2
krisofa	2
baboseare	2
babosease	2
monata	2
koyaa	2
mafumafu	2
owera	2
kokonsa	2
takaban	2
asayo	2
mewari	2
ammum	2
mahira	2
kentawakasa	2
nnmaa	2
wuka	2
neredesin	2
busue	2
frikyiwa	2
fikusaa	2
hosuro	2
asamoya	2
solina	2
hudaaka	2
nyanso	2
bayete	2
baabuda	2
kaduaa	2
praam	2
harereba	2
enkasari	2
momanyi	2
annakyere	2
abetwam	2
baedi	2
paradinome	2
nikodim	2
waninton	2
nawaso	2
adwae	2
karuraen	2
hamm	2
bisutorotete	2
nammari	2
fufutuu	2
nannka	2
bamfi	2
abontoa	2
tanaman	2
monyaduwe	2
winnu	2
edoko	2
nuia	2
akwuapem	2
akwadawesoa	2
furufuru	2
hyekyo	2
suiton	2
kunwara	2
someware	2
nofie	2
tebean	2
bensonwinni	2
katiesan	2
wonnwe	2
taran	2
osoman	2
beesie	2
nnoono	2
nonnoonon	2
hyemi	2
akrasu	2
saamanaa	2
wowowonini	2
maniere	2
tensonwan	2
medetasa	2
wonoowa	2
woowona	2
wowanoo	2
womame	2
bosompemaa	2
atina	2
abosonnua	2
konsensu	2
akrowa	2
efre	2
deroyi	2
bradon	2
atafa	2
narayan	2
konkoronkokononko	2
mmaprofi	2
tiemma	2
mmotia	2
boruto	2
akonode	2
shitomeru	2
krodua	2
nohoraa	2
antwinaa	2
semonyinaa	2
kabanka	2
aketie	2
nnkoo	2
annuannu	2
tarinamme	2
akentenkwadwookoto	2
wiafeakenten	2
kokodikoko	2
gyinnyin	2
sasarere	2
nndwoma	2
nnennen	2
edinam	2
nanyi	2
krabo	2
batuhan	2
ameburo	2
kenkesen	2
tiwue	2
koohaa	2
ahankari	2
momokotabuse	2
natanom	2
yaketa	2
detente	2
wutuan	2
lusu	2
mataatua	2
kotara	2
kwakyeman	2
tayi	2
kenyi	2
priam	2
bitre	2
fusetemo	2
berenato	2
winyan	2
wiese	2
wonwon	2
abundanti	2
serekode	2
dayamoyi	2
nnsua	2
makinwa	2
tawaa	2
kannko	2
twimi	2
kakuse	2
awudisu	2
tanwa	2
bedwere	2
hadin	2
nansunya	2
kadewe	2
kawaribae	2
timui	2
oboroyo	2
sikre	2
kwean	2
brodaa	2
tanabata	2
mutwewankoko	2
bianwenkui	2
wemata	2
kokuankuma	2
kakomu	2
sankunni	2
afotunada	2
amoriae	2
notaro	2
furereba	2
amabaa	2
handaaye	2
printe	2
tehia	2
nunnaba	2
dahim	2
tatanka	2
hotonwu	2
kurawa	2
drome	2
boham	2
neawe	2
pantwi	2
senese	2
shome	2
wanabana	2
bokoro	2
harewataru	2
momamoma	2
asekyire	2
nosetara	2
modwoman	2
awanka	2
ogue	2
meaku	2
paadanu	2
nsone	2
afransua	2
dedewa	2
masera	2
sheese	2
akosuadoma	2
toyako	2
mmerenkensono	2
mamaan	2
wontrinkwa	2
huwi	2
momafa	2
afedem	2
mofori	2
awotoye	2
waranka	2
badaboom	2
korosen	2
nurufufufu	2
takyiako	2
adehyie	2
manyinyin	2
sradan	2
tokumi	2
kwaseampanin	2
simabaa	2
frende	2
abinadae	2
mmatannua	2
sakurae	2
konsento	2
luti	2
woronna	2
maati	2
madiba	2
dammon	2
mmadia	2
mamdi	2
morenaso	2
kuruwaseru	2
kadarim	2
kwankwankwan	2
hason	2
brare	2
agunwa	2
amankyere	2
fikrie	2
ofraa	2
akinsete	2
nsadwaase	2
kasaboaa	2
akramm	2
atensinya	2
amden	2
ayebaesin	2
yakyekyere	2
bisen	2
mehyaa	2
saronni	2
nnwini	2
bontoasa	2
beatwin	2
sewuahene	2
yareae	2
timebi	2
abadani	2
semu	2
badia	2
adwenesa	2
nsadu	2
hanakura	2
sikumi	2
awenne	2
nnoro	2
katankye	2
kohana	2
sinason	2
netusiaa	2
brendon	2
akinu	2
afelan	2
dennko	2
korintaa	2
wokade	2
asutra	2
neesie	2
ntonna	2
aduanture	2
yantoro	2
awaria	2
etwienana	2
memraa	2
mmarea	2
mmarae	2
temennya	2
ayeraye	2
nnammuarata	2
abote	2
ofuasia	2
bawere	2
mentirosa	2
haresa	2
mannan	2
gorodoku	2
wunkawunka	2
femia	2
apahoran	2
ahedaa	2
taen	2
kumamaru	2
amasonka	2
ogudu	2
tanabikuano	2
hakubi	2
bidin	2
nyanyano	2
bitwa	2
abaewa	2
karawan	2
satam	2
atatamaru	2
anwebiwin	2
abuin	2
bomaa	2
abeno	2
hosutesu	2
paweena	2
kokwu	2
wusoa	2
mutwiri	2
wadin	2
anyira	2
wantoa	2
tuunu	2
detonam	2
ewiabere	2
ntabase	2
atani	2
podum	2
yafie	2
makratoo	2
lutenia	2
korokuru	2
karetie	2
sannu	2
firaa	2
tumara	2
nnuea	2
kennen	2
waasa	2
atorie	2
nooe	2
parasonya	2
mmoom	2
sankasa	2
ntruo	2
afuta	2
mebayia	2
widera	2
daakuu	2
modorenakure	2
kapasite	2
yaakonadu	2
kowin	2
nakeba	2
nnyiri	2
anowaa	2
tarim	2
huuaa	2
patitapabana	2
yonda	2
aboronsan	2
amanomotoyasu	2
yamanwu	2
mukaa	2
prensesiam	2
demerara	2
mutuu	2
santra	2
anyaran	2
kunadu	2
akosaa	2
narusasu	2
abakura	2
parakramam	2
mawade	2
sadam	2
needwe	2
deadwoman	2
manebu	2
medibaasan	2
ayikuma	2
haapapuro	2
hanabeam	2
tamoto	2
mmanyinna	2
saeede	2
nebimi	2
noemie	2
yoyomen	2
susumeba	2
hatro	2
nayamaseru	2
adori	2
posaa	2
toaware	2
biaban	2
karibian	2
akwapen	2
bebesitaa	2
wosuo	2
nhaede	2
waninoko	2
wofewa	2
monansa	2
kunnuturu	2
akapan	2
akwamuman	2
wenwanne	2
ensoro	2
posuwa	2
nimfom	2
wonwonwonwonwon	2
wonkya	2
suraya	2
motokura	2
kamisan	2
birindi	2
adedewe	2
kaeranu	2
nofamatoro	2
madaaba	2
widade	2
nsowe	2
banto	2
hoawikoo	2
badum	2
nsito	2
barason	2
nsuni	2
nwakwue	2
kaanyan	2
kenmore	2
adiekyi	2
meteasea	2
akyamfuo	2
mekyaku	2
mmimem	2
sohiaa	2
kuraseni	2
mataroa	2
nkanetete	2
sakidasu	2
abusae	2
ayofoto	2
awenae	2
towae	2
mekwanda	2
sokyi	2
gyankari	2
akwuiwu	2
takaye	2
banwari	2
ketra	2
mesena	2
modise	2
asumdwe	2
katran	2
oyemaapa	2
paradera	2
sennsuaa	2
bakabu	2
apenoati	2
twitwiridie	2
shimura	2
kapaeroro	2
atori	2
hotarumaru	2
mufaso	2
kadwi	2
mpofi	2
baataye	2
yakima	2
efamaa	2
nyankomase	2
kodutumi	2
semaru	2
nkannan	2
mfunnye	2
sukwan	2
kooman	2
luison	2
briaa	2
honoru	2
nketiam	2
osawa	2
adeem	2
ahansa	2
amanten	2
afadakom	2
kahene	2
aniede	2
hosonkura	2
abosense	2
aberebi	2
nkyekwaakyema	2
bodaa	2
atomeho	2
awokenwoman	2
korowan	2
wuuwaeakunu	2
botoru	2
awaku	2
ninua	2
futokui	2
nomeedonna	2
bonsuaa	2
hatatako	2
suwode	2
nunaa	2
tetum	2
amrekan	2
nintie	2
nnitie	2
tienni	2
namepeno	2
brata	2
woonan	2
oyamano	2
saamri	2
adaawa	2
nimdase	2
ponnani	2
gyana	2
hooa	2
temisan	2
daedapae	2
wunnummin	2
kamaane	2
kunya	2
brutwan	2
nnian	2
ayamaduan	2
kamura	2
obaakasa	2
ntone	2
amute	2
mmuto	2
aserasete	2
hwannaa	2
tanuu	2
kwafoawua	2
santoara	2
wodoo	2
wafia	2
kwakuotua	2
melam	2
saraapa	2
akumadan	2
kwapata	2
sukuitoru	2
yanaa	2
woyentie	2
woroworoso	2
sisan	2
okoromadu	2
yonwuren	2
soawesomeman	2
shibaraku	2
entrae	2
simoyi	2
kutum	2
adumanya	2
wannkosan	2
wemme	2
asaboni	2
moaamfi	2
mpedworo	2
warewa	2
nedeni	2
akurata	2
kundaa	2
weatoa	2
asunoo	2
nakwa	2
saeru	2
ankada	2
samaseru	2
banaaya	2
surata	2
mukui	2
kotowu	2
nikusaari	2
tutumu	2
anonimna	2
yahyea	2
abasekonto	2
atoman	2
abusuania	2
meaabi	2
temen	2
nkonkonko	2
odaan	2
frankwin	2
ayene	2
odoroyo	2
satuan	2
nyahibu	2
suimenka	2
adewoye	2
wonwie	2
muaha	2
nuten	2
tantawi	2
edide	2
beremenni	2
swari	2
twaraa	2
hadie	2
todora	2
bibibibi	2
badoa	2
masedonya	2
wenoo	2
motori	2
sebea	2
soria	2
edwuin	2
monsuto	2
tameka	2
ahenewaa	2
dunni	2
bondan	2
berebutan	2
borooso	2
winwu	2
nuburu	2
ayisam	2
nantia	2
dameme	2
dunku	2
dufia	2
gyetom	2
ababen	2
ensie	2
asasua	2
hokra	2
neaton	2
turaka	2
mmaseteba	2
nweneho	2
turowa	2
narabetemo	2
amfisa	2
nyayam	2
maharani	2
dawitanom	2
nuumanni	2
wufan	2
kereba	2
tintumon	2
fumare	2
tiako	2
tabani	2
nwoho	2
nwohaa	2
bunkie	2
darewadi	2
neduam	2
paduana	2
nkwadum	2
kanseri	2
mapua	2
momfoko	2
wunwisa	2
manwaedu	2
krase	2
terine	2
anyama	2
wantabea	2
suedwaa	2
sudaawe	2
saanwa	2
asafum	2
ntensere	2
afronsu	2
asuramaru	2
soonko	2
marini	2
fentre	2
neade	2
yaare	2
manyaran	2
hakatan	2
kunkuri	2
tebanase	2
aniampam	2
sonnyaa	2
nhiem	2
andua	2
dedu	2
meetoo	2
baabaaeadi	2
mpuasu	2
bonan	2
kerennyaa	2
mameadwoa	2
pawafuru	2
serofan	2
okatekyie	2
kahanaa	2
awieeri	2
ahensa	2
duomo	2
katafa	2
wima	2
merebewie	2
abosaa	2
manyataa	2
mommentum	2
adamin	2
wotaafum	2
adeho	2
afonwen	2
okine	2
bisitan	2
kanaho	2
obaan	2
hyiawu	2
nsoroamoa	2
delano	2
meteda	2
musasabi	2
nnekwanu	2
paradisaea	2
aburadwan	2
nowibaa	2
wabae	2
sumaa	2
okorase	2
antue	2
poeme	2
yamanto	2
matebu	2
pompano	2
kaaran	2
nahea	2
sunka	2
nsunom	2
akike	2
derin	2
taebi	2
safata	2
ayaaba	2
aboakwa	2
womanwin	2
mmonaato	2
seeaa	2
worafi	2
shoku	2
abokwa	2
wudaa	2
opaa	2
ogyama	2
baansoaruu	2
prewoman	2
akiti	2
mahasoa	2
bratam	2
hyelin	2
kasiabo	2
nkasiabo	2
womanin	2
afuwan	2
witwe	2
sukubi	2
bedon	2
nanyo	2
molim	2
nehonamdua	2
danyame	2
yoam	2
kokua	2
enkansuru	2
tepo	2
banduru	2
bunkasa	2
okorasu	2
shinyin	2
tunisiaman	2
atammu	2
maakusu	2
atuonyina	2
atenaa	2
haahwu	2
ofueke	2
mamom	2
wamam	2
kakikomu	2
kodenkan	2
odina	2
asesino	2
manamanakura	2
maasam	2
opayin	2
nawuni	2
nkatema	2
denkataa	2
nahaaye	2
sohwan	2
tedeni	2
takame	2
wapato	2
tawakoto	2
kabayi	2
hoewa	2
menyera	2
sowia	2
ahomeri	2
nkyiari	2
benina	2
yonnua	2
enwin	2
sunaani	2
afisea	2
adaaka	2
ntumoa	2
dennya	2
momosu	2
marewa	2
abonnemento	2
banibensu	2
yokokuhen	2
mpasaso	2
mukaeba	2
prokoro	2
wontena	2
wakyinkyin	2
taenaru	2
ahiram	2
karimasu	2
fraadan	2
nadiasekyi	2
hokya	2
sumam	2
atoona	2
ayamnya	2
birano	2
mmoha	2
hamodi	2
yamasura	2
bomdete	2
nunuu	2
deto	2
boaea	2
asaku	2
yomawaru	2
baraboka	2
wakarasete	2
katonka	2
akumpreku	2
ananwoma	2
wareehom	2
mmoseaso	2
hohoemikaesu	2
okwaa	2
sintiere	2
mummabea	2
konkonsawura	2
wankoto	2
mfitase	2
nsedua	2
bawan	2
mededede	2
mebeam	2
akatakyire	2
nkitinkita	2
bibaa	2
needu	2
sunnyemma	2
todokasete	2
denti	2
anandisu	2
tufiri	2
adelin	2
biribara	2
wamfimm	2
ninsin	2
ahamedaa	2
baesu	2
wotwi	2
bimde	2
fumikonde	2
subonka	2
momano	2
bakota	2
akohyem	2
editwin	2
nawuri	2
bowiri	2
demie	2
dansera	2
asuofua	2
krofrom	2
wodeka	2
pommade	2
warebedi	2
aborame	2
merebora	2
nseminisa	2
hwesie	2
akapoma	2
mannwa	2
koroten	2
wantiatia	2
kudoo	2
nyansapa	2
ofofora	2
nkateba	2
aperetwaa	2
akuampan	2
ankaadudwane	2
mereda	2
firikyiwa	2
nsamma	2
abafodwom	2
akyentoma	2
asiemmire	2
akyirimmire	2
kotuku	2
gyawurampon	2
nkorafokuo	2
maamono	2
besae	2
nyinahoma	2
nkyenkyemu	2
akowiewie	2
nsumankyiri	2
asommofoo	2
nsumankyire	2
asonyie	2
obaabarima	2
akwadaanyame	2
senipa	2
sabuakwan	2
nkyiremma	2
oyirikayiri	2
ahwedepo	2
ahentuo	2
nkumankuma	2
obenten	2
nkommodie	2
abasuafoo	2
kukurukukuru	2
eturu	2
nkotena	2
atoapomaa	2
nsempo	2
wabosa	2
sudwetire	2
benebo	2
abaakofoo	2
akyemfoo	2
druman	2
ofenso	2
mantuni	2
afirie	2
nnwontoo	2
okaakae	2
ntanturodoo	2
kwasafodwuma	2
owufumu	2
nsatuo	2
abusuapayini	2
aniamaaho	2
setia	2
nsentitire	2
atofoo	2
atorosem	2
adaduosia	2
feda	2
mprenan	2
ensuo	2
brehye	2
seke	2
nnuennua	2
sremfa	2
mendae	2
maada	2
prenda	2
babetori	2
betori	2
woammo	2
demara	2
gooro	2
apeatoo	2
awusabo	2
buaso	2
kokoaso	2
barimansu	2
nkosohene	2
kwatema	2
atimatim	2
mantammu	2
takyimantia	2
bafoo	2
boadada	2
kotowaa	2
afuahene	2
asuantem	2
krum	2
kwafie	2
dadieko	2
mehamehene	2
agyayam	2
worebeka	2
anwana	2
sieni	2
kunkon	2
afona	2
anomako	2
nsamanko	2
twereneboanna	2
endenyen	2
trinidadian	2
sonomenakeseso	2
sonomenakese	2
pamprom	2
kuntanasehene	2
dadiesoabahene	2
brinnin	2
obunumankoma	2
nyamase	2
bodwese	2
kwamin	2
osiem	2
beriberi	2
karawanen	2
kentehene	2
yokomaahene	2
wadudu	2
afeadie	2
funtunmireku	2
mfamadadan	2
odera	2
fenimako	2
baakuma	2
wantanwonam	2
gomasaabia	2
kantudu	2
yankase	2
nyamikye	2
suwerian	2
suweri	2
kunandi	2
fiereman	2
kwesikoto	2
oyafunu	2
mmatahoo	2
adwemmone	2
ahemmo	2
mmrantebere	2
kankoro	2
nafoo	2
wonwene	2
ntentensoo	2
matuo	2
akyerenda	2
enyikrakra	2
mpeemu	2
basaba	2
wosoretia	2
ntemoo	2
nesoo	2
nkoom	2
tasem	2
oberempon	2
osoroko	2
wendwen	2
dasoo	2
ntoafoo	2
osannaa	2
mfimfi	2
tenwa	2
beremo	2
korafoo	2
eguaman	2
dendene	2
hyeso	2
daponna	2
asukokyea	2
nhyerene	2
abooduro	2
nuaye	2
nkoekoeboa	2
okoromfoo	2
akraate	2
nseraban	2
dekyere	2
atona	2
aboommere	2
taforaboto	2
ahwemu	2
koankoro	2
hankare	2
nkurondua	2
wonkyem	2
kosondua	2
oposo	2
mmusoo	2
kofoo	2
twerofoo	2
ahonyim	2
mpona	2
oyonkoo	2
nsemfoa	2
ntoamu	2
okroye	2
nsorommason	2
samanwa	2
sradom	2
okyea	2
ahodane	2
kubedwe	2
etoto	2
ayemoa	2
namfoo	2
aguabo	2
habanase	2
nkurotoo	2
katufoo	2
sreba	2
wonsene	2
okafoo	2
kotokoto	2
okasatiafoo	2
aborodoo	2
awudisem	2
hommone	2
hwease	2
adokodokode	2
denkyemmo	2
futufoo	2
nyansayera	2
nteesoo	2
akaduro	2
odomfoo	2
asenkwaa	2
afunum	2
asuwuo	2
duodenum	2
prafoo	2
abotoyamu	2
ntonoa	2
osenkafoo	2
nsemmua	2
mmodemmo	2
kurukyere	2
enkuu	2
kaberekyere	2
kokurokoo	2
nwemmoa	2
etwatoo	2
soromma	2
demmo	2
samoo	2
adehwe	2
kahwe	2
okekahwe	2
oyemafoo	2
kwaredie	2
abufoo	2
okofoo	2
huoo	2
hyenkuo	2
enon	2
odabaa	2
okromfoo	2
osatofoo	2
asukonkon	2
tentem	2
akokyere	2
nnadeban	2
amparuboo	2
oyaresafoo	2
akomatoyemo	2
obonsonsonni	2
akokooduru	2
sonsone	2
nneana	2
fiwura	2
ntweroea	2
ntwero	2
hwanyannye	2
hohwinyi	2
nkwaadom	2
busuenyi	2
nyaeda	2
keteasehye	2
nkwadaasem	2
koemmoa	2
awereto	2
asoretiafoo	2
wosusuo	2
abowaba	2
toamu	2
komema	2
nhwan	2
osempo	2
etentene	2
nnantabono	2
afofa	2
mmoka	2
awareba	2
hunufoo	2
kosen	2
teetea	2
bomote	2
mantemo	2
wuradie	2
enyiso	2
damfoo	2
hurututuo	2
muoyam	2
aburodwa	2
adedodoo	2
ntenkyem	2
opatafoo	2
brayo	2
naawotwe	2
wanntwe	2
somoro	2
animduro	2
mmokyere	2
honsem	2
dabua	2
edunkron	2
enumfoano	2
nkwase	2
mmaakuo	2
gyantra	2
ogyen	2
prammaso	2
soham	2
sotrasoo	2
osoto	2
pantomime	2
kokwanwoma	2
ntaamu	2
hantan	2
bereano	2
womema	2
yode	2
taahoma	2
tonom	2
wokosua	2
adwumma	2
nasosem	2
wadikan	2
kankankyere	2
ahease	2
wodooso	2
nsoensoe	2
primrose	2
ademono	2
okenkan	2
anidaba	2
mmrade	2
afuomu	2
katuo	2
ahenannum	2
oyimafoo	2
manmufoo	2
kokumaa	2
ahomatorofoo	2
nworohoo	2
ntweso	2
nsaahoo	2
nkahyemu	2
teboo	2
wereto	2
nsuomnnam	2
nsakuo	2
kohwini	2
mmonkyimmonka	2
owerehonyi	2
pofonyi	2
nkyenkyene	2
damaramma	2
nhwesode	2
tesenea	2
kohyem	2
nsowano	2
enntwetwe	2
hwetahweta	2
sheen	2
kuronku	2
shire	2
shoreline	2
enntena	2
kwaewa	2
agyinammoa	2
nnako	2
adwontoo	2
kokro	2
torokaa	2
nnukurodwa	2
pahini	2
abomfiawa	2
turum	2
odampare	2
wokyem	2
nnakye	2
mpetema	2
anankotie	2
akowura	2
wonntena	2
akwatuo	2
timpa	2
bakanoma	2
akyekyem	2
kootare	2
nkateben	2
muduro	2
ahabanmmono	2
nkokodesem	2
mmohoo	2
trowi	2
eworo	2
hweremabo	2
ntoomu	2
wonntoo	2
subammone	2
enkanyan	2
wanntena	2
wontene	2
kunafoo	2
ankaahono	2
abodinkyere	2
pannie	2
metemehoase	2
awusika	2
mpanindie	2
bandarini	2
abankeseso	2
tahidu	2
nneso	2
mmeranim	2
okuara	2
maritima	2
titron	2
adesuammoa	2
teneten	2
wokuum	2
nnurunom	2
kaboa	2
tubea	2
sinimu	2
hwiren	2
kwansesaawa	2
natam	2
nuabanom	2
konkomu	2
nwonwono	2
nnubena	2
bakyerebakyere	2
aterian	2
paatan	2
asanase	2
tuutuudan	2
nkramoman	2
abosie	2
dukron	2
bunyoro	2
hominin	2
aguaso	2
aduosonum	2
nnuruo	2
mfinmfin	2
nkekyemu	2
duonum	2
nkabomdwuma	2
fiedin	2
nkokoaabere	2
ahahanmono	2
akyempem	2
sikampono	2
aburokyireman	2
ahennibea	2
tuhoama	2
nnanmusibea	2
asetea	2
dehenya	2
kwasafomam	2
ahensaha	2
wodanedane	2
sakaman	2
produsa	2
konsete	2
masada	2
koyame	2
manyika	2
nwumadie	2
kubatan	2
twodi	2
dunmore	2
abusuamu	2
abadiakyere	2
kanana	2
karolina	2
anikeka	2
mminu	2
meniere	2
atwahwe	2
nnowumasua	2
amenuku	2
mpontudwuma	2
ayankofa	2
damiba	2
koyiri	2
nandon	2
ahenwua	2
apafram	2
worepo	2
mfasode	2
beremu	2
oduom	2
asebuman	2
aseten	2
tenani	2
asikoe	2
nkenka	2
ayeresabea	2
awusone	2
mpui	2
aduosianan	2
ayineem	2
asusue	2
woresa	2
woredware	2
turumuu	2
shakara	2
kondoa	2
kwaebere	2
abanteten	2
ketiwa	2
banananom	2
mamudu	2
bayidie	2
denkyire	2
ahyensode	2
ampontia	2
sentimita	2
kwadwuma	2
boaram	2
kubease	2
apoka	2
bukere	2
nnwomakorabea	2
meammea	2
tidone	2
dumisane	2
mabaso	2
gyetaa	2
atwine	2
abeti	2
polise	2
nhomasoa	2
bahati	2
sekonde	2
lurani	2
katuni	2
lumina	2
ayanori	2
mpasatia	2
bundase	2
kuniko	2
anyinama	2
temanmuni	2
nayon	2
nnomasua	2
nkuruwankruwa	2
yabubu	2
saraburi	2
anisata	2
kandini	2
ahafoman	2
premarin	2
akonini	2
adwuam	2
ahyesia	2
abiku	2
ammamui	2
ahomadua	2
nimpakuo	2
brono	2
karimafa	2
akorakora	2
adwumani	2
yahono	2
sradi	2
bawadua	2
nsadan	2
asibon	2
aduonummienu	2
eguadoto	2
mfumdwuma	2
nkankoro	2
betuu	2
dabie	2
amannsan	2
akanke	2
hyeaman	2
pahoehoe	2
akoranko	2
aduonunan	2
demitia	2
safiano	2
mfehyia	2
mmarahyebadwani	2
titerani	2
mmiesa	2
gyeduako	2
moteke	2
moohyin	2
amamomo	2
bakwena	2
adehyema	2
aduonom	2
bukina	2
primetime	2
atuukwan	2
nansan	2
akyeke	2
nsueam	2
titinani	2
hunuui	2
boyon	2
enyeme	2
bibiba	2
briku	2
anawansa	2
sekona	2
osuasua	2
nhweaa	2
gyakata	2
adantem	2
bukuom	2
akakaduro	2
nhentia	2
nsoatre	2
nkafua	2
akorokansie	2
toomu	2
akutruku	2
anneliese	2
teniso	2
frie	2
mfonyi	2
kasafoni	2
aniayaa	2
asuotwa	2
osoom	2
akansini	2
kuratwe	2
eduku	2
nsiana	2
asetana	2
afransie	2
mmiensu	2
mantanmu	2
mmranim	2
nwumaa	2
asepa	2
muen	2
nwininwini	2
shie	2
anibua	2
menkume	2
nkonoo	2
asaawafuturu	2
nteatea	2
adweneasa	2
babamma	2
ammuo	2
seminoma	2
wamua	2
nkabomman	2
anyako	2
nsuon	2
aduosianum	2
nnwaman	2
sonoronko	2
akyidini	2
abibirimufa	2
nkwaadaa	2
mpatamu	2
sesiara	2
muntaru	2
nkonwadan	2
asantemantam	2
apesokubi	2
barisan	2
selatan	2
wontuae	2
fiease	2
nufunsuo	2
endema	2
sampana	2
akomia	2
brokeman	2
nnuronom	2
annyenam	2
sanyare	2
deribaa	2
kananka	2
okanda	2
tempera	2
akwantwa	2
mantamm	2
froneman	2
mpati	2
mfaahodie	2
kasanomaa	2
karabo	2
boakyikuo	2
mfire	2
nkuduro	2
ntawantawade	2
kruo	2
matiwane	2
afiboa	2
furoate	2
dawudu	2
amamra	2
mummuni	2
kommune	2
protamine	2
bolinaa	2
bolina	2
edwinase	2
kabima	2
akansiekuo	2
wannware	2
abuelito	2
abuelita	2
boomu	2
simelane	2
tibati	2
madaka	2
kannini	2
ayibonte	2
ankyene	2
nabataean	2
nkrumae	2
abokosem	2
muadenta	2
nkramantam	2
atukotena	2
mmuasukuo	2
maamenon	2
nkwahosa	2
kubaata	2
keratin	2
mmoakorabea	2
potawatomi	2
paadie	2
yanum	2
sebum	2
nuotama	2
ewuture	2
nhamamma	2
woyaya	2
moaboanoni	2
adwasuo	2
owomoye	2
bekure	2
aseba	2
boone	2
ananmusie	2
dabema	2
pramuka	2
godakanda	2
odade	2
kolibea	2
sampoo	2
tasiri	2
ayeresa	2
kekan	2
nkekawa	2
danubian	2
budesonide	2
aframa	2
mantemu	2
yawoda	2
akrofu	2
sandaare	2
fuakye	2
paakuna	2
gyandu	2
setri	2
tanyidamani	2
sharan	2
sibam	2
sikakroabea	2
odense	2
sinsinnati	2
akrusu	2
dadieso	2
suukuu	2
timma	2
ofosuware	2
adwaso	2
adukron	2
kudom	2
bibirim	2
wundowa	2
okununi	2
odote	2
tiata	2
amaaman	2
kurono	2
anetie	2
yanane	2
asasedwuma	2
wuku	2
ahwensie	2
mfutro	2
gyebia	2
atwitwiri	2
atwiri	2
sikayie	2
antumini	2
safundi	2
mfonyinitwani	2
akwannwa	2
sirena	2
brena	2
mutebi	2
betum	2
ennafua	2
duorarum	2
watane	2
twitwiritwitwiri	2
nneemafuo	2
atommo	2
afesiapa	2
mmaworo	2
nkrantie	2
gyasewahene	2
febiri	2
aminsem	2
atoosodie	2
behini	2
ferie	2
nsiamu	2
fianu	2
ampasie	2
baakoye	2
mfuie	2
abodamfuo	2
akekanan	2
wonkame	2
nkorosankorosa	2
menyem	2
masakyera	2
kontommire	2
funkorabea	2
adankora	2
fenenkyem	2
odwotwani	2
bisikiti	2
pateesan	2
adwenemuka	2
abammuo	2
amenatuo	2
hanehane	2
mponnua	2
atwitwatire	2
aboasipem	2
owiaseni	2
nwantwininwantwini	2
adukumi	2
nwantwini	2
kotokuro	2
nkonyaayie	2
korofasa	2
merebue	2
akyinkyiniakyinkyini	2
bodwowabodwowa	2
mfemu	2
adenwonwa	2
moha	2
wantene	2
woapamo	2
mmoaban	2
oguo	2
aneampa	2
woannane	2
agyantoni	2
abotene	2
simran	2
kedema	2
beeri	2
tokuo	2
wamane	2
asafohempanin	2
ntase	2
montenatena	2
mahiahia	2
nyaawa	2
anyansadwuma	2
ansuane	2
mmetire	2
nnuasene	2
masene	2
beabeaa	2
hwamfufuo	2
nketekyire	2
modie	2
tannan	2
nhwie	2
monkora	2
hwewa	2
tabera	2
akyiridi	2
womfaa	2
mommoro	2
matana	2
adwanedwane	2
mapamo	2
kehelata	2
suakuo	2
wammoapa	2
mentwam	2
woasuro	2
afitena	2
moamane	2
woatene	2
moammane	2
wanteam	2
meremfiri	2
monnsane	2
ansene	2
mamfom	2
worentena	2
nnwammuruwa	2
mofomm	2
ntontotwe	2
bohan	2
moatie	2
nuano	2
momfam	2
moahye	2
monnanedane	2
akontonkyi	2
waburi	2
mokunkumm	2
moaforo	2
wosianka	2
nhomamono	2
meduruu	2
mmuatoma	2
wonnidie	2
ankuku	2
titaa	2
wahwanyan	2
wansiane	2
wasunsuane	2
woamfiri	2
animuka	2
merenku	2
afodie	2
masanesane	2
tironi	2
nkurukuruwa	2
agyano	2
gyamm	2
mankame	2
hwiehwie	2
woasunsuane	2
monkurakura	2
antwene	2
woaya	2
wannante	2
osem	2
maakani	2
seera	2
yoha	2
bokeru	2
searia	2
hadoram	2
setam	2
yaasia	2
asasia	2
mmonsua	2
morebu	2
ntwironowa	2
kanania	2
hatita	2
hasufa	2
padon	2
hakufa	2
mehida	2
hadon	2
mpanimma	2
metutuu	2
hakerem	2
hasum	2
anyadie	2
ansunsuane	2
wosakyera	2
prannaa	2
masianka	2
busini	2
huboaa	2
wakuntunu	2
anwati	2
nsekudie	2
memuaa	2
neneeni	2
apenepene	2
meredwendwen	2
worenyi	2
sosannim	2
mokari	2
wankora	2
korokumatwa	2
wapansam	2
nkontonkyi	2
wantane	2
okontonkyini	2
apempensie	2
ntwareho	2
moanyini	2
mprama	2
dantuo	2
monwenwene	2
nkyekyerebomu	2
mosene	2
awirakwaa	2
mfitia	2
moreha	2
wodwiri	2
ahwiehwie	2
adwiridwirie	2
sisibea	2
ntuntuma	2
ansakyera	2
nsiwa	2
atuateni	2
annware	2
nkona	2
mmabowa	2
meretene	2
asianesiane	2
atabono	2
moansoa	2
mewui	2
moaboro	2
morennwene	2
moawie	2
metuo	2
merekae	2
annyene	2
mepem	2
monwi	1
aburoofua	1
wannyane	1
mepore	1
namdwa	1
kuturukuo	1
wedare	1
mosisie	1
morehoahoa	1
aburoodua	1
meduae	1
nhahannuane	1
ntwodie	1
makwati	1
twetiani	1
woawedare	1
merensoa	1
mesianka	1
mmarebare	1
teaseawuo	1
mannie	1
mpatadwuma	1
motim	1
monkwati	1
mehini	1
mokekan	1
tweti	1
nntentane	1
mesakyera	1
moapere	1
motutuu	1
moankyiri	1
opomaye	1
behoro	1
nunsini	1
nhahama	1
wannyo	1
kwoa	1
akumam	1
oprapraa	1
yakoto	1
nkontwuma	1
presenta	1
adire	1
abanesehene	1
awokwa	1
apakyiwa	1
kusua	1
osesen	1
nwensen	1
nsamampom	1
wafere	1
konsuo	1
ahemasem	1
gyinaam	1
wansanam	1
ananawa	1
okataye	1
yanem	1
pakyia	1
twenem	1
obetwitwaa	1
sentam	1
besesaa	1
kwaboasom	1
tikono	1
afudotwe	1
nayeko	1
mmeremenni	1
mmorafuo	1
ponye	1
wakote	1
wabebo	1
wabekuru	1
yafiri	1
nnyoye	1
akyedie	1
furaye	1
nasenem	1
osoaa	1
mmekaa	1
ofananse	1
aferehyia	1
asoodene	1
obepaa	1
edidie	1
konsani	1
akwum	1
kromfuo	1
torororo	1
adentira	1
ayowam	1
enawa	1
akyinnyie	1
ensene	1
okonini	1
enemere	1
brafoo	1
koroe	1
enkata	1
mmoatiakoo	1
atuatuaso	1
atiatiam	1
moafon	1
nkokonoa	1
asamandoo	1
agyampakua	1
nanta	1
kosante	1
okofre	1
adawuru	1
oketere	1
sakyekyere	1
bepam	1
okramuaan	1
noafiri	1
nkyeme	1
obutuu	1
obesoma	1
atenam	1
ankoto	1
bisaye	1
osesaye	1
ennuru	1
asekantwa	1
asekantwam	1
abesewe	1
ayiem	1
ninkuno	1
kradware	1
afaduro	1
okerawa	1
aketese	1
odwenso	1
dapafuo	1
adwenso	1
odawuro	1
watiti	1
hahan	1
tiena	1
obuaye	1
beworo	1
dayemfuo	1
akokonsem	1
bedware	1
kramanse	1
kosere	1
nntiti	1
mmerade	1
namnamnam	1
wuraam	1
wommam	1
kwadwofuo	1
mpokoa	1
obewuo	1
dadebena	1
ammpae	1
nntimi	1
okramoni	1
wolisa	1
katakataa	1
nyankon	1
abetete	1
pataso	1
tosuo	1
siem	1
okorafuo	1
betom	1
bokyia	1
denikye	1
abayere	1
kontekoro	1
wawaewae	1
wabekye	1
ntiara	1
akunafuo	1
woroworoo	1
kantira	1
sekantamfinam	1
okotoe	1
mankoma	1
adieben	1
aperetwa	1
osensenye	1
tikuma	1
kodwa	1
nsumankoani	1
hofuo	1
akuram	1
kwayemfuo	1
atimpen	1
mmeku	1
adukuruom	1
mmebua	1
kurunku	1
paeem	1
gyesie	1
fiea	1
watafere	1
abedwonso	1
sebowa	1
tramm	1
mmesen	1
wakoto	1
prapraye	1
abewoma	1
neani	1
ennsa	1
niaame	1
kudonto	1
korenkore	1
butane	1
abeem	1
mmienuu	1
bonse	1
awaresem	1
suaso	1
obetom	1
osebonini	1
ofone	1
oyoye	1
anarise	1
etekyire	1
tadeem	1
besare	1
worebetwa	1
merebetwa	1
morennidi	1
morenyo	1
merenyo	1
morenton	1
worenton	1
frenkye	1
aborofoo	1
koranten	1
tikyafoo	1
merenwene	1
nuamnsa	1
ninienu	1
mmieriti	1
mofae	1
opamm	1
okumm	1
opamoye	1
kwasie	1
kwisie	1
aboson	1
beneda	1
amerekafoo	1
wahwiaa	1
akwia	1
osomfoa	1
asikani	1
meposa	1
drebeposa	1
merebeposa	1
birofere	1
poosuofese	1
afroo	1
obekyia	1
obehwehwe	1
merehwehwe	1
mekokyia	1
worekoye	1
gyonsen	1
oyerenom	1
monyeraae	1
wonyeraae	1
enyetase	1
menyeraae	1
anuna	1
moammue	1
hyano	1
aprema	1
woansore	1
memmetena	1
konyane	1
duranienu	1
meduruuie	1
woduruu	1
memememe	1
mekodidi	1
yanyini	1
wiramu	1
ntesoa	1
paturo	1
nyaadoa	1
wiramunam	1
mebisaano	1
ninso	1
bosummuru	1
meramma	1
merama	1
momnunu	1
monntwen	1
menntwen	1
ntoosu	1
tuntuin	1
waakora	1
sotoofoo	1
apomma	1
nnkonnwa	1
menomm	1
woreroma	1
wamnisa	1
worebebisabisa	1
worebedidididi	1
worenkommisabisa	1
woremmisabisa	1
worebisabisa	1
wokoseresere	1
okosere	1
woseresere	1
obepae	1
nkosiane	1
monwen	1
obetuo	1
bedufu	1
brekohwe	1
wankyia	1
twire	1
betuo	1
naenni	1
wankoka	1
fresan	1
mankomu	1
merebetase	1
woadidididi	1
woakodidididi	1
wadidididi	1
woammisabisa	1
wankofre	1
wankodidi	1
wankofa	1
wankodi	1
wamfre	1
wokotua	1
mekohwe	1
mekoye	1
mennsiesie	1
mennkosa	1
mennkosane	1
kosane	1
merebesane	1
meremisa	1
makofre	1
memmaaea	1
merekaposa	1
merenkaboa	1
merekaboa	1
merenkaba	1
merekabo	1
wannoaa	1
sahwe	1
wasusua	1
nnuaneahodoa	1
aberanti	1
obaatin	1
sinunasin	1
nimpanyinni	1
ninoden	1
nkontommere	1
sotooni	1
owuuie	1
obesim	1
woakohwe	1
worekohwe	1
worekohwehwe	1
nkasoaba	1
waapomuden	1
nkosadwuma	1
nkramofoa	1
kenkansaa	1
asuapanawie	1
sukuuka	1
akankan	1
ankasukuu	1
akasukuu	1
mmdwere	1
semfua	1
nnuaneahodoo	1
nsoye	1
afrafoa	1
adesuafoa	1
nnipayitwitwa	1
gyatanyaammanum	1
abeboa	1
akusiban	1
ankatwere	1
tweneba	1
nsodi	1
mayenonwunu	1
nsuoyenkwa	1
wahiabi	1
kaanyina	1
ennawadehonam	1
nkurafoadeanyina	1
howamfasoa	1
nkasodwuma	1
waahoaden	1
oboadum	1
kankyire	1
ahenenana	1
mfenatene	1
akrokroa	1
ampenebea	1
bompatahene	1
sasaamohene	1
mpanimfoa	1
akokoaduro	1
ahaya	1
abatanye	1
seebia	1
nkammadie	1
nnoamasie	1
baahoo	1
ntaherahene	1
annotada	1
noforo	1
batakri	1
sankutwene	1
kwadwumfuo	1
asankutwini	1
ntaherafuo	1
ntakyirafuo	1
nkontwimafuo	1
asakare	1
adwohene	1
masataro	1
nonakan	1
seperawa	1
adomire	1
mmoraso	1
abukuruwa	1
aburikuwa	1
abotri	1
worasa	1
asomfomfena	1
gyakani	1
okumanin	1
amoawusu	1
mpreaduasa	1
adansemanso	1
fekutire	1
asantebanda	1
patudahene	1
amoakwahene	1
mmrase	1
nomenase	1
yankamase	1
adampa	1
takese	1
nkukuamedie	1
bodede	1
anantehene	1
aduosonson	1
nkukuwammedie	1
twenen	1
agyesowa	1
damirima	1
butuakwa	1
akurapa	1
kuakua	1
atumpakahene	1
banasa	1
osinsinmu	1
nnsumankwaa	1
kwanowaa	1
predwan	1
bosumuru	1
abanso	1
nominasekrom	1
momponsuo	1
busummuru	1
adimuade	1
obontwiakwan	1
agyinaman	1
busumuru	1
obontwi	1
gyemfua	1
wansene	1
ademire	1
agyekoo	1
nyedua	1
gyaanaadu	1
nyinamoa	1
hyeaduro	1
ademmire	1
demiri	1
bakani	1
kantinkyiren	1
abaan	1
agyako	1
ntofi	1
adwurodwuro	1
amankuampem	1
bahima	1
kuntenase	1
tradaa	1
apotoe	1
korantwe	1
kwakwaadabi	1
adankaweabo	1
adumm	1
atandanso	1
kumamani	1
boniba	1
kwadani	1
amenamadu	1
krapem	1
gyinani	1
amamramadu	1
mamesenehene	1
kumasem	1
asokori	1
hwesa	1
matapato	1
abentia	1
manyia	1
nsumankwaahenen	1
kumanini	1
mmoroa	1
atumpankani	1
kwaamaan	1
akyaama	1
konada	1
akyeamepoma	1
nsoko	1
ntaman	1
kotroka	1
tetantwere	1
tirimusem	1
kokomusem	1
abakom	1
nkesuahono	1
adumfoo	1
sanahene	1
ahinkoa	1
akantamasu	1
kontanasehene	1
abakomdwahene	1
nkonnwasoafoo	1
ofindepen	1
ofamakom	1
nyankosoroma	1
aketekyiwamma	1
apotoyowa	1
ofaketekete	1
nkaayaa	1
apatre	1
adeesoaba	1
ayimafowa	1
asoromasohene	1
kumasekwaa	1
berantuo	1
oseekrom	1
sokore	1
toyendi	1
denyasehene	1
santimanso	1
enoo	1
nnwonkon	1
dadeesoabahene	1
kruboa	1
toasehene	1
akomfodehene	1
asasantehene	1
tikuraa	1
baantuo	1
akwasie	1
ofade	1
kwannma	1
kwakyiwa	1
taase	1
dabim	1
ofakyeremade	1
kwatwima	1
akontahene	1
akontaaseni	1
mpaboafoo	1
kotokuwaa	1
adidiase	1
kasiawu	1
buaboo	1
ahinkwa	1
wuoma	1
obaafoo	1
bofadua	1
konkumaa	1
afenasoani	1
kuntumi	1
amfoo	1
mmafoo	1
ninkyin	1
tootoo	1
ofuse	1
weberian	1
atendaabere	1
deepua	1
nyidwuo	1
abaawuo	1
nsuoyaa	1
matrikin	1
bonten	1
ameto	1
asantiwa	1
atwiriboana	1
asukwa	1
nyeaso	1
werehene	1
ofanyinam	1
gyahye	1
gyahyibere	1
aforekrom	1
botaase	1
mfentomu	1
yantakyi	1
abotutraso	1
afria	1
apaafoo	1
poakye	1
preliterate	1
sikyiri	1
nsaakyinsayaamu	1
kwasohene	1
kwasohemaa	1
ampabamehene	1
kwoku	1
tiriwaa	1
duaase	1
adadie	1
akruwaa	1
bekere	1
koana	1
adebeeba	1
shaken	1
mahommedan	1
mahomedan	1
duraase	1
kaatipo	1
akuaasabi	1
aduabankro	1
konnurokusem	1
prempean	1
eduadin	1
twenedurase	1
okuaa	1
antohene	1
prabon	1
asamama	1
abanie	1
kwaadweaa	1
santewaa	1
bedakoo	1
asianowaa	1
kwatisem	1
nepasua	1
obosomaketere	1
nkwafea	1
gyimma	1
obofiri	1
owoaduru	1
nkokye	1
afonyi	1
hwaduru	1
yawawua	1
yawasare	1
yawaprutwum	1
yawamoaten	1
tweneduraase	1
kofiabenase	1
akuatipaa	1
ahyemi	1
mpakam	1
dafikyiri	1
kontromfia	1
mafonom	1
nasenmu	1
asasabonsam	1
akamatwe	1
apesemaka	1
samantawa	1
wommana	1
niwen	1
nuntim	1
niwamma	1
brukum	1
nkontoro	1
owofie	1
aferebekum	1
okokonini	1
kokonini	1
durie	1
wotaforo	1
winie	1
suon	1
ewene	1
etikuma	1
atweroro	1
nkoforo	1
okwaku	1
nhinara	1
yafunukoro	1
nwaran	1
nhinana	1
wontwere	1
nhinafi	1
okisinini	1
ayeremu	1
nyafufu	1
obodua	1
womfre	1
ahoehire	1
nirika	1
okramaa	1
odada	1
okramin	1
ntiba	1
enwene	1
niadi	1
firimpon	1
amponsakyi	1
apasekyi	1
bofumu	1
abanakyi	1
wokonya	1
akuayem	1
nkonwi	1
wompae	1
totroto	1
natadwe	1
nkokyere	1
fuana	1
enkoo	1
abanin	1
memde	1
anumere	1
anume	1
bateni	1
nawoatwa	1
agyiratwe	1
takufa	1
enworanwora	1
gyenneema	1
nnofowa	1
oyarepa	1
efanim	1
kontro	1
obisabisa	1
odafam	1
okasabere	1
mampom	1
wofinewofi	1
wonkofa	1
obesoa	1
bisetoro	1
waafon	1
woafon	1
okosore	1
nkosere	1
odokono	1
obomu	1
nitua	1
akarade	1
nkwea	1
nepanyin	1
nnwahama	1
abitrokyiri	1
woakuapem	1
measaase	1
odwadin	1
kokoaka	1
andawuraa	1
yaaena	1
priate	1
menayaae	1
mesuatwi	1
triase	1
wumfura	1
mukia	1
kokome	1
wonkuni	1
anadwoyoru	1
adibuma	1
wowoomekunuwukuada	1
yawoa	1
monnyaekasa	1
meeti	1
patroo	1
batena	1
memfewonko	1
wontoso	1
tratro	1
nosika	1
moofre	1
woofre	1
hofre	1
meekyere	1
enomon	1
daketa	1
amarikafoo	1
abasia	1
anwummera	1
nnason	1
nnanwotwe	1
nnonmmiensa	1
nnanmiensa	1
nnonmmiansa	1
nnonmmienu	1
apepem	1
ahanwotwe	1
aduoniwum	1
numenu	1
timesome	1
aduhea	1
wowoonowakuada	1
nnoaa	1
monnsore	1
monnkoda	1
monkoda	1
mennum	1
yabeko	1
baanoannoa	1
nonoaa	1
tuie	1
wohweea	1
wodwaso	1
nemaame	1
morenko	1
yareko	1
abaawanonnoa	1
amerikam	1
totro	1
opeduomum	1
waakyekyere	1
worehwehwa	1
posuofese	1
kwabeha	1
mewereafiri	1
nennansa	1
yamfin	1
batire	1
nanyam	1
badwese	1
atodwe	1
tikorowa	1
wommpra	1
wompra	1
frana	1
amisaa	1
nhenema	1
borafere	1
borafera	1
mpaada	1
nkuruwaa	1
akokanam	1
nkruwa	1
twono	1
atirimaden	1
nkamina	1
morohomo	1
adakano	1
morunye	1
nunte	1
asanteheno	1
obansua	1
osukam	1
mmarimawaa	1
ahahoa	1
sukam	1
nnwowa	1
mfofanta	1
atetea	1
mpatora	1
nkamfem	1
nkrakum	1
niprako	1
nnienu	1
kanmuadea	1
kanisaa	1
hwuia	1
ewiewa	1
susowi	1
toneen	1
ntadi	1
kwawuni	1
dankyera	1
kotokuni	1
bosomeni	1
akwamuni	1
kwudu	1
aduaneni	1
kamaa	1
datede	1
kwasidanko	1
atafua	1
sinsam	1
ewuia	1
fiwua	1
ewiewe	1
mmekasa	1
sreda	1
wabekyere	1
pronoon	1
fron	1
obeduna	1
dumu	1
sinse	1
nempapempan	1
dannum	1
buinmum	1
sinsem	1
ofuhye	1
anidahoni	1
nwatamu	1
tetede	1
abotuso	1
abodwira	1
ntankapa	1
nuwom	1
kronkrofi	1
anibi	1
batadi	1
agyiraako	1
anamaboe	1
akuapera	1
srenkye	1
drekasa	1
mekofiri	1
koanim	1
kradoye	1
okotosore	1
odotraso	1
nohonoho	1
hyenya	1
susuho	1
safohempanyin	1
nyade	1
woramoa	1
ahooha	1
paeme	1
kadwe	1
dekodeaenti	1
nsiase	1
asumamma	1
anarimu	1
anisofi	1
odomfi	1
ahiafodan	1
akaketewa	1
kokuma	1
nnakan	1
nokorodi	1
wibo	1
okuapenni	1
okyinni	1
tubere	1
tomake	1
efona	1
etesa	1
nsanano	1
tafra	1
asentia	1
trorafi	1
asidisem	1
abirasem	1
nkumia	1
mmereboa	1
adomankamabode	1
abiraye	1
annumerate	1
deani	1
toyam	1
aboohye	1
nsensimma	1
mamfoye	1
nsoromasem	1
abodwiri	1
nyonno	1
anisoorasom	1
ntehye	1
sisiso	1
akosan	1
bamdi	1
adehyesem	1
dabeansusui	1
abomete	1
ampatawa	1
taanim	1
nsenanim	1
adwinsuani	1
nneemahoro	1
teaseenamnan	1
siamo	1
atoato	1
obensa	1
adommere	1
obenkese	1
ofare	1
asokora	1
anuodenne	1
awuoson	1
monyeaso	1
ahenkwa	1
nsaka	1
nhyeananmu	1
mfoniniku	1
teko	1
ofere	1
obatadi	1
okwanside	1
nkyerekyera	1
opankaran	1
mframakari	1
okwaemuni	1
abodaban	1
aguadim	1
bankru	1
sikasesae	1
aguadesoa	1
aponkoha	1
tekrekyi	1
sisiakyi	1
boapea	1
amanku	1
tantakuma	1
nnabere	1
mpatia	1
druni	1
anodaso	1
nsoromason	1
asaahensa	1
apateram	1
akite	1
nsetia	1
bankam	1
nenkyenema	1
bodora	1
tekre	1
oguasen	1
dufokye	1
tumfra	1
asikrepano	1
sonkonson	1
trantram	1
kesenenene	1
betime	1
hwinin	1
desamanse	1
abisansuaamansa	1
bemire	1
adomma	1
gyebata	1
bommoforo	1
asikasika	1
atwakurudu	1
obarem	1
amfre	1
berente	1
taberaba	1
nufuteri	1
aworoso	1
kahirem	1
akaye	1
ninye	1
tahama	1
gyatanna	1
brete	1
aporiba	1
kabaseroto	1
woakotoa	1
kurotua	1
wempahyewa	1
nonnom	1
odwetiani	1
kurokese	1
neadua	1
oseku	1
frene	1
abunna	1
sekyehama	1
ababan	1
asekye	1
nantwisae	1
ofasu	1
kankyesom	1
nsamana	1
menewayare	1
kunyo	1
ediri	1
anyaraedan	1
tidane	1
twapoa	1
twoku	1
sementi	1
soroade	1
aguasoyebea	1
nuenue	1
ofiemmoa	1
katolikeni	1
nimuae	1
turudu	1
aduatia	1
kamono	1
mamute	1
ahwemmo	1
asuafoku	1
mammui	1
buturu	1
abubum	1
nyamesomui	1
nwawae	1
okrakofi	1
owisito	1
nkisiwaasem	1
akisiwa	1
kafranyansa	1
abomeka	1
boomere	1
obire	1
okosofeku	1
tikese	1
asempateredwuma	1
tadi	1
ewokyem	1
damrama	1
akutuhono	1
akaseboa	1
akasetuntum	1
osafohem	1
osiperennu	1
antwibo	1
apara	1
afofore	1
mumomumo	1
kuturumua	1
abannipa	1
derima	1
akyiade	1
gyepene	1
nkatoam	1
gorubayi	1
mantani	1
aboanim	1
ntohyia	1
akamekamdi	1
wiakyere	1
oyeakabom	1
osafoni	1
apuapuaso	1
akanside	1
wontra	1
oguasem	1
asennida	1
abannua	1
akansibea	1
kuradabi	1
nnakara	1
woabata	1
nkatatiri	1
wiesuo	1
apeato	1
etoyi	1
hyemdi	1
fiabu	1
frannam	1
ahohyeso	1
keserenene	1
neawawu	1
osofokuma	1
nyinani	1
obaba	1
nanmuhye	1
nufukyibea	1
anomde	1
adetwade	1
duakoro	1
furowa	1
mfuro	1
asenduam	1
abotisa	1
osikyisu	1
adesoma	1
oguasemni	1
summone	1
daemone	1
sonku	1
ahofom	1
sankaase	1
nsanase	1
okapreko	1
wonnan	1
ennoso	1
asamana	1
kusumdi	1
ofimu	1
asumankyiriko	1
okafoni	1
aboomere	1
bensem	1
neaemfata	1
awiadidi	1
hwanam	1
sotwe	1
akyinnyesem	1
akonkwan	1
adamantibo	1
dadwumadi	1
motiri	1
abenkye	1
frannara	1
nnokonnokoade	1
opatusoma	1
dadada	1
okarako	1
ofatwa	1
sikafuturu	1
katwene	1
atwerennyedua	1
atadepa	1
takyiridi	1
agyenen	1
awerebo	1
somore	1
obodora	1
adekyerena	1
mpekua	1
bisibasa	1
mammum	1
damoam	1
nkontom	1
abohora	1
mmurutuwa	1
awerekyi	1
oyeremu	1
aberan	1
adufrae	1
senkonya	1
aberekuri	1
anoakum	1
tuano	1
afisiesie	1
mfitiasede	1
awerebodwom	1
atwebua	1
asasewoso	1
pabema	1
aberaa	1
drinnyi	1
tafarakye	1
nyimu	1
osuayi	1
hunnmu	1
tumutokuru	1
aguasen	1
anwummesore	1
mesem	1
oyitotoni	1
hyehyelaea	1
soroframa	1
eguam	1
nsedi	1
murum	1
nhomakotoku	1
konne	1
sokomm	1
asutwade	1
fitae	1
musem	1
opewe	1
babayemfi	1
tintimdwuma	1
adwinnsa	1
ntentenuba	1
enyeano	1
aberanso	1
apempera	1
akasatomme	1
adekyerede	1
osuasode	1
makyene	1
adafabo	1
tekremakye	1
okorokoro	1
tekremakyene	1
ogyatekrema	1
teawa	1
birimmi	1
hwabena	1
mfuwa	1
gyafunum	1
pokyere	1
abosonnom	1
oboti	1
awuse	1
abarawie	1
hyebata	1
atraemansin	1
nsenkwa	1
twapuru	1
tenkyem	1
fraka	1
wirududu	1
akanenkoni	1
aseresere	1
nammonkoro	1
nsasodi	1
kwaseasem	1
adibane	1
gyaseni	1
asenne	1
nnuanku	1
nkyereba	1
sikasu	1
aduonimma	1
osebire	1
hyedua	1
mpepewa	1
abofrabea	1
siaani	1
efasusu	1
asaseanisusu	1
okramari	1
mabode	1
osafohenku	1
egyere	1
manniamfre	1
funtumfiri	1
awerehode	1
ahabammo	1
kakresa	1
awonnua	1
odaraana	1
abaatrase	1
bunui	1
seresoo	1
tuafuru	1
okasammara	1
akasakwanso	1
kwasampa	1
kumpono	1
borohene	1
mmomaho	1
kaseepa	1
aseseease	1
obayen	1
odomankama	1
ayenosu	1
obonka	1
akokosere	1
atuto	1
akitatwerebo	1
tuokote	1
akwadamma	1
dadamu	1
kuhan	1
titwafiri	1
susutirim	1
odwawa	1
sinsiane	1
aforoe	1
mmepoasase	1
nkokoram	1
ahintae	1
akokye	1
dadekye	1
amanebunu	1
atratrasem	1
sron	1
siadeboa	1
fiampakwa	1
asamorofi	1
konona	1
kusukuku	1
borokye	1
kaneho	1
adwumayede	1
annipapasem	1
sisem	1
hyerebahyere	1
osuaso	1
ayisade	1
nyatwomni	1
okuntum	1
honyohonyo	1
wuruunum	1
apotompo	1
ahohoye	1
niamfre	1
hyeanuonyam	1
tokuwa	1
saredwuma	1
asemmi	1
sereem	1
twakadi	1
serema	1
atennidi	1
osanku	1
ofarebae	1
horoye	1
nsafi	1
ofiedwuma	1
abowu	1
bowi	1
mmotoromu	1
atwasetem	1
ninsen	1
tewui	1
ntafoa	1
hurusidi	1
ntwafam	1
kadwinne	1
obohene	1
nkwadasem	1
adurum	1
kwafi	1
adetodade	1
wabore	1
yaresuso	1
wasare	1
anisoohyeso	1
ahohyem	1
wafim	1
asentie	1
adehwene	1
dedekrata	1
ponontom	1
agyinamoaba	1
aduannoadan	1
osododan	1
abusuaban	1
aberekyiba	1
anaakoti	1
nsafewa	1
abufuhye	1
hyenase	1
ateramu	1
ntentrene	1
suboe	1
krayam	1
abofa	1
abisawonsuaamansa	1
okyeretie	1
aboafufu	1
osuadom	1
ketebo	1
totote	1
akanka	1
kabona	1
tesem	1
amemim	1
momporo	1
afenne	1
asoreho	1
frabea	1
berantewa	1
asebere	1
mmapede	1
okurokuro	1
dafi	1
wakosoehoho	1
oponani	1
obosomake	1
asorensem	1
mfetemfetewa	1
nsunsude	1
besehese	1
awontoaso	1
sukoko	1
neadan	1
ntorofosem	1
kankantiri	1
susabea	1
twakora	1
aduari	1
asikeresiam	1
tesare	1
hyendua	1
gyirae	1
ofikese	1
mmaninne	1
nuipa	1
duade	1
mmetem	1
enowa	1
adetrasodi	1
adipo	1
wuodi	1
safomu	1
asempamutere	1
owuraba	1
kumafrote	1
tumide	1
nkorondwuma	1
nkonon	1
tirira	1
nyaku	1
nsateahene	1
nkyeeso	1
mmoanim	1
osunkwa	1
oyaresa	1
konnokowade	1
hamato	1
afurumponko	1
afompo	1
abubummaba	1
odaase	1
mfremfremade	1
sesebere	1
nhemada	1
kosoroma	1
oserane	1
adekoroye	1
gyekoroaware	1
nkokorafi	1
tabonni	1
ayemfom	1
nkwasam	1
afraduru	1
benkyen	1
poani	1
katraka	1
bibiduru	1
mfiamua	1
tetesem	1
anisoyi	1
adakakra	1
woantono	1
bowerewua	1
ahyenmu	1
nsententen	1
ahoroyepon	1
ahoroye	1
neawoye	1
furum	1
seasera	1
asakasakasem	1
teeteera	1
nnehyewa	1
obarimakunini	1
basewa	1
monwene	1
oyamon	1
abotusem	1
wofoforo	1
adwenyikuo	1
adwoku	1
berebu	1
setoto	1
asukon	1
gyanso	1
buronno	1
kwasidato	1
abofonosem	1
ahisem	1
tidua	1
bonnoso	1
akasatia	1
tuse	1
nkasakoa	1
osete	1
asoomere	1
tahyede	1
nkomawa	1
nhwen	1
bentia	1
aserafunu	1
nnahani	1
atadeten	1
tennim	1
osenkyeni	1
adadade	1
tuaano	1
mommaem	1
dakorodakoro	1
biritwom	1
biriditwem	1
oposawe	1
siadesem	1
tetebere	1
korabere	1
akoraye	1
tetekwa	1
akyeduansen	1
nkyewasen	1
denkruma	1
mampomere	1
akeresia	1
abehene	1
benano	1
nteteasa	1
abenno	1
sidwe	1
aseren	1
kwasafosem	1
nnyafin	1
mfoninnuru	1
buepen	1
kradoa	1
ntontodi	1
nkaradi	1
asafoso	1
awirikwa	1
sanebene	1
osanebene	1
akosemma	1
osemode	1
tafara	1
nhomapoe	1
waburu	1
kasadan	1
woahono	1
sorebea	1
adebode	1
hahyehahye	1
abotudade	1
wokoko	1
osofi	1
debone	1
ayeawie	1
wonnimnna	1
makodua	1
mesewa	1
adintrum	1
ntiasode	1
somdwoeba	1
watama	1
atoduan	1
woafoto	1
dantam	1
atwara	1
sususo	1
atwaata	1
adutoduru	1
nontom	1
feteade	1
agyinabone	1
ntareso	1
nkyekyereanim	1
gyebum	1
deduro	1
borodedua	1
mmerete	1
apataye	1
nsukuruwa	1
aseawa	1
tasendua	1
hude	1
sikatan	1
titirin	1
ntuade	1
trano	1
akansibo	1
afurufa	1
fekofeko	1
kotowa	1
kwasesa	1
ofaba	1
nkyerekyeremusem	1
obinseso	1
wodiadi	1
boyanam	1
neaahye	1
asofotade	1
anoohare	1
akameka	1
toteboa	1
twampasua	1
atotoe	1
osannani	1
ofotoosan	1
nennyenen	1
ntinipere	1
nkyekwakye	1
mmannuaman	1
siadedwuma	1
hohye	1
gyeraba	1
nhoye	1
atitirimu	1
nuikae	1
asuaemuba	1
aniansowa	1
mmeresa	1
mmeresu	1
oguantoa	1
ahoninnim	1
abodinakyere	1
hohorabo	1
oyisekan	1
nsensamma	1
mommono	1
nnwensa	1
ntwesodade	1
nsakraho	1
nomafuru	1
mmareho	1
asentrene	1
atwerewa	1
fiemanso	1
nnananimanso	1
hwanyanno	1
tirin	1
fikotoakyiri	1
nnawase	1
ahyesem	1
kwanmusem	1
pompara	1
ahoakyipa	1
aneto	1
sikamana	1
osusune	1
mereken	1
sensandua	1
pantantwere	1
abansin	1
odwotwa	1
wonkwae	1
anworaman	1
asennennen	1
anikyere	1
haeliae	1
ntomporie	1
abusam	1
adabankwan	1
asutemma	1
ponoe	1
nankom	1
hohorade	1
aferesem	1
afankye	1
ntetetutuo	1
srada	1
tiribo	1
atida	1
ogyepene	1
enoara	1
brekese	1
tafode	1
patokese	1
hyiade	1
kommodi	1
adommanade	1
nhomam	1
sennida	1
anisosom	1
atirenu	1
asofodisuafi	1
nenkonya	1
ahosotoatoa	1
osoretia	1
nwoe	1
asisem	1
akotoko	1
ntwiden	1
obofuro	1
asuafodan	1
abetom	1
damanama	1
kodanna	1
nkoaye	1
okunkese	1
korawa	1
nsawan	1
nimarato	1
mforaso	1
pampayare	1
obatam	1
sekonnore	1
oyesirikyi	1
mpenema	1
tonnan	1
kamisa	1
nkomanoa	1
nworaboa	1
nsukyerema	1
nnedieso	1
mpetepra	1
opramiri	1
torontorom	1
tororatorom	1
atonsuo	1
wakawaka	1
borompete	1
mesemese	1
nodowa	1
nnodowa	1
terafetewa	1
nyaye	1
burum	1
matamata	1
dukuntunkum	1
subonten	1
mmekwan	1
nkontwe	1
kaasem	1
mansera	1
akakuraa	1
mprerapren	1
agyemannare	1
obabanin	1
firipata	1
afiribu	1
nuakoro	1
kedeke	1
obaninnuaman	1
kosoro	1
aponkofoku	1
akohyenku	1
anworan	1
nnomako	1
posan	1
toapo	1
ntiku	1
kontrama	1
asikamono	1
asearaan	1
abankyeame	1
abodwoesem	1
nsaraa	1
sarapanya	1
hahara	1
kokotebere	1
ofonono	1
oberane	1
abankua	1
adonnwa	1
akantannua	1
abofasu	1
dawadwa	1
ahintin	1
anoennam	1
depen	1
kabaso	1
oponkonini	1
buronan	1
fufufin	1
aperehema	1
buanikye	1
ananmudi	1
asoommere	1
boyadan	1
suntibo	1
durubea	1
primprim	1
ababumma	1
tutuanan	1
mmarimaso	1
bontenko	1
setwedua	1
nkeresiakye	1
sarekye	1
wonwasem	1
ahoyere	1
mmiaso	1
nsoae	1
apudu	1
sikade	1
abosora	1
asomfana	1
netirim	1
osusuma	1
osensen	1
mfamfia	1
adibara	1
nkramohene	1
wasamana	1
sonkwa	1
neaeso	1
nufuraa	1
ahenniakyiri	1
adansesem	1
adahye	1
ntinkese	1
adatamu	1
abohodan	1
okyera	1
susuharaa	1
bakyebakye	1
kakamapa	1
ateakosewa	1
asenkekae	1
betase	1
adwumpon	1
deekyere	1
gyidikasem	1
kofana	1
berekyi	1
wanunu	1
hadwu	1
nkontimma	1
abomporowa	1
ponase	1
awiporo	1
awiporoe	1
annibi	1
nnuare	1
edumiensa	1
biesa	1
nnewa	1
hatahata	1
timere	1
ntamma	1
afirisum	1
atowoso	1
mfofaho	1
twapa	1
akarate	1
boaduara	1
sebom	1
adontenmuse	1
oboda	1
nnuade	1
woabom	1
ahabanta	1
sonokese	1
kwaease	1
aponkyeren	1
mmerari	1
woamfra	1
atirimo	1
boeboe	1
nnondumien	1
dumie	1
osukyekyere	1
tunkum	1
bepom	1
woabore	1
tomere	1
mfaro	1
werehosem	1
basakoroda	1
fetemfetewade	1
ahohim	1
akyemmede	1
nkaboduru	1
kwatakyi	1
entetam	1
sumatiko	1
neaekyere	1
asasatoro	1
nterikye	1
aguasosem	1
mmarimayo	1
nyansapon	1
mpatabom	1
asuaekunini	1
mpofirira	1
ahohara	1
asansani	1
ayeram	1
abofama	1
akakabenso	1
ntintimansera	1
asennini	1
akakaban	1
annodensem	1
ahoodensem	1
akurowa	1
nommane	1
osofowa	1
awoahyedaato	1
apatam	1
sebiribi	1
bonara	1
bofua	1
nkontomm	1
aseenam	1
okarikari	1
akwansimma	1
nufutwa	1
twanufu	1
hodwoho	1
dufudufu	1
boroko	1
nnantam	1
franam	1
anisotere	1
apase	1
pasepase	1
mmerantede	1
ahamusem	1
dentonto	1
obakokonini	1
kunturapa	1
opataku	1
sewia	1
adansekrum	1
siarika	1
twara	1
bayen	1
baninyen	1
aniwabubu	1
ababam	1
kramakra	1
terem	1
kunaye	1
berapae	1
sraho	1
nnemma	1
nterede	1
nkesuam	1
nhimaho	1
nketekrikye	1
obaburi	1
nnara	1
afasekani	1
akunne	1
womfra	1
obannya	1
wiasetra	1
odwumaye	1
asamante	1
aboroma	1
abadwiride	1
kwasiare	1
opantene	1
nnapen	1
nsuohye	1
mposae	1
akyemraede	1
bakua	1
atufa	1
kwatikwati	1
nwisa	1
bepera	1
neawode	1
nnyehyem	1
mfereho	1
wuhye	1
moankasa	1
seante	1
aborebude	1
biriboro	1
katabako	1
odenkyemmoo	1
tiabu	1
amakoduan	1
tudade	1
nkoakoam	1
mekame	1
krofi	1
matirinkwa	1
mfuaka	1
ofiemanso	1
odunseni	1
nankwanseni	1
dentotohosem	1
gyidiani	1
odwiri	1
ahenyere	1
kuntunsin	1
afiripata	1
ofakye	1
adabereko	1
wonkwati	1
obosonnan	1
adansewia	1
asensenmu	1
fiamanam	1
safunu	1
muadwini	1
hatwea	1
titen	1
afumdwu	1
ahanno	1
maenka	1
kasasuati	1
asapate	1
ludani	1
woseren	1
bereboo	1
wohinta	1
efram	1
ensakra	1
neawoko	1
dedaakwan	1
asesasem	1
asesam	1
nteaseenara	1
nsesaso	1
osatoro	1
tohintidua	1
kekrakekra	1
nkomponoso	1
nkompono	1
wompene	1
biannaso	1
akyiasera	1
wompenenti	1
okasakyere	1
kwaennua	1
nantiaso	1
ntintimansem	1
akwansisem	1
abesesa	1
nneeaeda	1
ankonamfiri	1
amfua	1
nnapan	1
nkyeha	1
desoa	1
hyensa	1
bemmen	1
anyinnyin	1
asenti	1
mmiamu	1
nnedaho	1
apabode	1
okasasuati	1
afue	1
behyeno	1
soroabafoa	1
abonin	1
ahoteeni	1
nimuonyamfoa	1
asempo	1
amafoo	1
akomata	1
awufoankwa	1
ampora	1
nsapuo	1
nawokura	1
momnni	1
ayeafenaa	1
akakaba	1
mmiepaemu	1
ntote	1
neaaron	1
nonemenka	1
asomem	1
nsenkyerenneeahoroa	1
tofoa	1
atiafa	1
saakwan	1
anapawia	1
saammere	1
deensenkyere	1
enkannsem	1
afirine	1
dentimmabora	1
edaadaa	1
wabetua	1
kakaba	1
asosa	1
mmunuikum	1
obeduru	1
neansukomde	1
sotannsuo	1
woakaekae	1
nyinaayie	1
waadwen	1
surofoo	1
banekye	1
anidasoa	1
awareamawan	1
monuna	1
aberamonim	1
namodamnoho	1
adeenyin	1
kufaan	1
wonntwen	1
ankawama	1
wonntwitwa	1
woamem	1
nawawa	1
nawakaa	1
wannkyenno	1
nayen	1
twomfoa	1
anmumu	1
wabepo	1
akatuadimufa	1
nyankosooda	1
akakabafoa	1
hunufoa	1
abusuafoanada	1
wosanka	1
woretwen	1
nsenkyerenneebi	1
kurowoho	1
nkoaadi	1
nkurafoo	1
wonntuu	1
ntotemmoa	1
wabewura	1
wadwendwen	1
nniwan	1
wummere	1
waretwa	1
nawabeka	1
bekata	1
ahokafoo	1
bimokenkan	1
awuradeho	1
seankawonima	1
monntontom	1
mmaboranunufoa	1
neseade	1
keseeno	1
mmumnkum	1
awontoatoasoo	1
osuroo	1
mennyo	1
nnammarima	1
wabesesa	1
morekafa	1
abenom	1
nawakura	1
wakyerekyere	1
monkaekae	1
mfinimnni	1
mapapayofoono	1
montuaa	1
somnibaa	1
anamosusu	1
akakaha	1
asotweho	1
mmuninkum	1
aworade	1
nnoaba	1
wakanyinaa	1
bebanoho	1
afirinekwan	1
efirisewannye	1
nnipaatiafoano	1
ntiaaenkoa	1
nnipadam	1
awuruka	1
yokyere	1
nimuonyamfoo	1
murebo	1
bonea	1
awufoonkwa	1
amporo	1
nkurusoo	1
wosetena	1
ansowanonom	1
nsapuoma	1
kwaadubafoa	1
waadome	1
ammfaadanse	1
amdasoa	1
wabekan	1
ahotomu	1
somno	1
waahyehye	1
nhyesoa	1
entiwannyenni	1
abereamonim	1
oyinaa	1
nammere	1
adiansaanamamamokwan	1
nokaase	1
panoho	1
nimiensa	1
aninumu	1
bonite	1
kwanmmfirinenyeraeemu	1
neaatwankontompoto	1
ewam	1
nyankasoada	1
wabeba	1
wakasamu	1
neansukamde	1
waakaekae	1
surofoa	1
wamere	1
mmarimano	1
monnwura	1
moannto	1
abusuafoonoda	1
momfasodeebi	1
waretwen	1
kurowaho	1
wanntuu	1
wodwendwen	1
nniwon	1
sewadebema	1
yafoanowa	1
waafiri	1
wanntwitwa	1
waamem	1
waaforo	1
agyinasoo	1
wonnkyenno	1
efuise	1
okapo	1
mpakyerea	1
bekatawan	1
wammere	1
wabesusu	1
seankawanim	1
tumipaa	1
odiara	1
awoonsuo	1
amaadimu	1
awontoatoasoa	1
asuroo	1
wannsesa	1
bemaatiafoa	1
akadada	1
woatwentwen	1
ahamakye	1
wuhyiraa	1
babita	1
musuasua	1
shwari	1
aperenten	1
somaae	1
porisinyi	1
wankenkan	1
nkokum	1
munkohyia	1
osandaa	1
opepan	1
anui	1
beteen	1
polina	1
kunsunkunsuu	1
wukotua	1
simonwe	1
anyaboa	1
annwennwene	1
tamm	1
adoho	1
edoho	1
anwinne	1
bekaaboo	1
ateneni	1
nyaansa	1
wontease	1
wommedidi	1
wosim	1
worebewie	1
ankrum	1
asomdwiemu	1
kammo	1
serenyaa	1
sorasa	1
nnwanwa	1
nuabasia	1
biman	1
ayamehide	1
obebuebue	1
nkokoaaberem	1
hwenyan	1
teden	1
lusie	1
wommubuu	1
namehere	1
kwantimfi	1
harasamma	1
biribibiri	1
egyane	1
kumibi	1
femine	1
frute	1
tienyin	1
maranase	1
adwensesa	1
adamoada	1
furisasu	1
mfutoro	1
sharekyia	1
bimafoto	1
kootoo	1
demimonde	1
komenan	1
asanokan	1
katofonia	1
bumu	1
worinyin	1
benwe	1
wonkuruu	1
abadiekyere	1
ntinara	1
nasomdie	1
awofofora	1
tahyehye	1
amokoti	1
babuna	1
abusuabu	1
marasem	1
ennuu	1
twinnye	1
adwumi	1
adannepaa	1
wonkodi	1
wufufufu	1
poaannua	1
ankano	1
shankoma	1
sonwaro	1
moredaa	1
nnamonu	1
afeba	1
shadaapa	1
primeraa	1
katenka	1
desean	1
mommprim	1
taayin	1
lummaa	1
madwomano	1
mmatete	1
biakowa	1
bonnyaa	1
abenan	1
mennkae	1
akyikyim	1
obonnin	1
tamanya	1
yamunko	1
namenso	1
adenu	1
abandano	1
nukum	1
akenam	1
seae	1
afirikan	1
akyine	1
suuti	1
tikuanyin	1
dewasamana	1
wanaku	1
afumarea	1
awapara	1
wikisanaa	1
yakwiba	1
tibonkwaso	1
haeri	1
wotawa	1
awodintime	1
sutoori	1
akyiadoomo	1
sremmu	1
wammiri	1
lurin	1
womanwine	1
mfedoo	1
biwoo	1
baboyan	1
benimde	1
tweliamma	1
enure	1
tafese	1
titiriri	1
sendoso	1
wakurakura	1
mewabisabi	1
baantewa	1
karolin	1
suruna	1
nanomaa	1
noawa	1
breduaa	1
swen	1
wuminyan	1
winme	1
kaananni	1
masansan	1
wunnyan	1
nehyira	1
homedadi	1
krute	1
beatoo	1
baandin	1
wubuwi	1
nimen	1
osofokyiri	1
nofoonofoo	1
koronahan	1
sewinte	1
mmomom	1
pataaka	1
premante	1
manyese	1
wodiwodi	1
twinson	1
mensukwame	1
monnanyane	1
bamum	1
weesu	1
wonnipa	1
woabedi	1
mennaada	1
menteete	1
mutiro	1
betewen	1
datonko	1
ayada	1
shantaye	1
ahaenum	1
wotwewore	1
wodoyi	1
niwani	1
nworenwu	1
hatam	1
nsosono	1
enyinara	1
sentoya	1
hakon	1
nadum	1
karamanaa	1
meesu	1
hannua	1
adakokoma	1
masiae	1
eniema	1
daea	1
kukunuru	1
mekapoo	1
fenaba	1
womme	1
ankuran	1
mfrase	1
nnkakoro	1
nayinna	1
tabidie	1
oguanini	1
buranka	1
saapa	1
yomomma	1
metadatabase	1
mennkyere	1
bikyepere	1
kafeasakra	1
entesu	1
abusare	1
obuui	1
mumia	1
wakarekata	1
yokaa	1
sosoretro	1
beedi	1
moowawa	1
abama	1
bibiaamu	1
tabom	1
nndan	1
adadowa	1
shahon	1
preeda	1
sodano	1
bidwa	1
bantabaa	1
akwaabam	1
afima	1
wadanote	1
noorani	1
kadanse	1
akumamu	1
yanke	1
naapam	1
besesae	1
saemuua	1
safom	1
tinan	1
sooka	1
siman	1
obohia	1
tiroda	1
ampofaa	1
anidia	1
atoroo	1
metankyi	1
adweke	1
nyimpanua	1
kaduu	1
egyara	1
futuron	1
weedu	1
aduso	1
buemi	1
mmfia	1
akyiba	1
lukinmaa	1
kennu	1
nokuma	1
woende	1
mfase	1
soonae	1
etesam	1
amfida	1
marianabaa	1
yabote	1
maabaa	1
dekwan	1
akomawan	1
marani	1
satuu	1
andewaa	1
nuwanda	1
parisienne	1
safra	1
afunsa	1
potidea	1
paanda	1
potoae	1
mperebea	1
mewosamasu	1
shiwaa	1
butum	1
prinsa	1
akuda	1
saatan	1
mafono	1
furisiku	1
wumawu	1
berewin	1
hoora	1
wesite	1
brodine	1
wawawaa	1
twomin	1
wotaataa	1
furuumono	1
ahamu	1
boawae	1
nanafofie	1
potoroo	1
susumunda	1
sitan	1
tomede	1
karaman	1
daruwaa	1
bokuwa	1
anikade	1
natamonwan	1
tawam	1
shwiaa	1
mmonwuba	1
adimfa	1
akaboa	1
drim	1
yasesamu	1
dabiare	1
kararemakuru	1
dasuan	1
asonso	1
bewiawia	1
kronkronwiase	1
dadeboe	1
nannaanae	1
beaware	1
tuaan	1
denimu	1
wuminen	1
krurawu	1
mmemi	1
funmade	1
awodoyin	1
deribui	1
krokroho	1
adapose	1
nimfomanke	1
edaan	1
wayapa	1
suben	1
ahomo	1
paayare	1
haanim	1
wunuunen	1
dansende	1
woonoo	1
akyie	1
takrata	1
homerabaa	1
biakode	1
howison	1
awoseme	1
dahyere	1
seeba	1
sankramanam	1
mfonomfono	1
karase	1
luannaa	1
botie	1
dewese	1
anyeni	1
mankesim	1
brabu	1
osukosu	1
babutaa	1
noowen	1
fufuruman	1
nwoseemma	1
anintia	1
seeda	1
abenaanyankonton	1
biabea	1
nelan	1
honoharem	1
nkrataaba	1
ankyia	1
wabuebue	1
ahiminakyi	1
nutoan	1
mepua	1
kukuwaa	1
borin	1
duwaa	1
betoneso	1
mmamoraredia	1
nansame	1
yowari	1
motukarara	1
kakamira	1
toabo	1
sweatoase	1
yamini	1
atooman	1
amnwinnsia	1
trawe	1
wowutemm	1
kwoka	1
abesiwusua	1
medanwom	1
lufuu	1
atatude	1
madenkan	1
nikabutua	1
kwaseae	1
winmui	1
nammore	1
ahiani	1
woekunkum	1
makaroninka	1
yayina	1
nayati	1
naamin	1
towarete	1
niribita	1
bikebin	1
nadayaadu	1
oyese	1
sikafi	1
nofoasa	1
tutururu	1
danikaa	1
nonakarem	1
mesebewuu	1
ahammam	1
okudan	1
biteete	1
woyan	1
antwin	1
sewim	1
barea	1
akwanda	1
boen	1
maduaho	1
ofosuwi	1
mpamoo	1
akeno	1
monsesaa	1
wannabeame	1
brewora	1
sankom	1
aboamin	1
obaapayino	1
toamano	1
furuhonya	1
amomam	1
notore	1
baberu	1
nanahon	1
tubidi	1
kwantua	1
parise	1
wuania	1
amedi	1
ntenkaka	1
bantuaan	1
sroo	1
sikrase	1
mfonso	1
mawete	1
suronya	1
saakunu	1
nkwaben	1
seemon	1
nadwaa	1
sodesu	1
paarepaare	1
surabi	1
asomano	1
samadi	1
ntomi	1
moyera	1
nwunne	1
karantabaa	1
mawani	1
winime	1
adoota	1
memman	1
shinnda	1
abubuwa	1
paduani	1
mommatia	1
bonnyakosua	1
akakraka	1
tonnon	1
tofita	1
naabutan	1
asofuo	1
ntubebi	1
manewamo	1
adansekunumu	1
madurema	1
nakiri	1
anindiati	1
budin	1
trekye	1
etareta	1
mometasona	1
motiea	1
medidaa	1
anatato	1
sonsufu	1
ensamfararen	1
kwanten	1
asiatin	1
obeturu	1
patinam	1
owoto	1
sraboti	1
sinke	1
opusa	1
mubedua	1
neheni	1
wurayam	1
manyeno	1
mekanu	1
sodaro	1
wonito	1
luubie	1
monma	1
sodayi	1
nuraa	1
tikyanyi	1
maamraa	1
posoo	1
deeanna	1
drenwom	1
obiwawan	1
woheem	1
adwaare	1
ahaenni	1
edia	1
bromeara	1
nenyaa	1
mokuto	1
taforoo	1
wuraari	1
asonwu	1
yoonkwon	1
nannabu	1
nnanabua	1
nnonabu	1
dayia	1
paapaea	1
takiko	1
noahimeno	1
gohon	1
monnika	1
pronome	1
komote	1
nabawedu	1
naro	1
weeto	1
wonwonwu	1
ninnanu	1
nuawin	1
sinnin	1
abonkyiako	1
paakuma	1
metasense	1
antin	1
mmabarimanom	1
kanmi	1
hokorondeku	1
nutriti	1
nikatirofoma	1
mmatoro	1
niwaa	1
hannyame	1
oduwan	1
daminam	1
tetebo	1
toafam	1
makyera	1
sikie	1
owoahemaa	1
makasero	1
lubedu	1
sahare	1
meretwen	1
wabin	1
brinnarose	1
poroso	1
yakeen	1
feam	1
weenea	1
neemo	1
anwitaa	1
brayen	1
mpaandaa	1
meriti	1
deanyaa	1
akoom	1
afentiko	1
tuntia	1
annwoo	1
saseba	1
komono	1
beresoae	1
biento	1
bunde	1
kadode	1
harapan	1
aninta	1
mukyaa	1
konkuru	1
owada	1
wasono	1
amforami	1
tannie	1
homeremote	1
depronto	1
ameren	1
ninako	1
asaake	1
waadwu	1
mufoto	1
hotinsu	1
trenni	1
nanano	1
atwitware	1
buton	1
bisaan	1
dafona	1
sohome	1
wanwinte	1
asamaso	1
yonim	1
gyamfite	1
nkyeen	1
nkameron	1
natafi	1
mahowa	1
etokaa	1
wokodin	1
ntuba	1
kramayi	1
awiapo	1
nanmusin	1
kerenkan	1
hammooda	1
ntrelie	1
fikrini	1
nkaahimeria	1
batabati	1
morase	1
wokwoaa	1
ahyirame	1
buika	1
paduu	1
afasin	1
shitekurete	1
nomnomnom	1
subena	1
moromi	1
medipae	1
soonka	1
nasie	1
prinse	1
aweera	1
nohemi	1
amorem	1
ankake	1
afipa	1
mfasu	1
moatafa	1
katatonia	1
komereba	1
animisa	1
nianmian	1
godaan	1
mfowabo	1
yosuaa	1
temm	1
yoomin	1
huiminwu	1
nhame	1
pakrintie	1
gowu	1
nedeen	1
bedenimde	1
munawara	1
eniendoo	1
abusato	1
kaadi	1
aguasase	1
metisu	1
fenomeni	1
tesemma	1
mandari	1
winteam	1
preta	1
wudade	1
homeayam	1
akinwomi	1
tommi	1
sawaan	1
awonwara	1
endurabaa	1
nkasiem	1
afedison	1
mmerewoma	1
nnanoa	1
kawafi	1
nakona	1
nnanyan	1
adaniadani	1
etin	1
nnadia	1
odiposo	1
nteteweebea	1
wufaran	1
tieho	1
mmayaa	1
obawumi	1
bakoda	1
ahwanwan	1
owufu	1
funkia	1
protese	1
adwibu	1
asabuanom	1
ahyaya	1
mosuo	1
tekrari	1
kukoro	1
tabaan	1
anonni	1
goeden	1
medisinwoman	1
sunwin	1
dutorom	1
saremmo	1
tuabaa	1
nkumma	1
wufuwawa	1
nawamebi	1
ntayeba	1
ananono	1
nanabanne	1
meteaam	1
moatam	1
kesiannya	1
nnekwu	1
srabi	1
maete	1
warin	1
mafedi	1
potra	1
wende	1
bikemehome	1
pomfiaa	1
koreko	1
apusu	1
monkumari	1
annyankaa	1
bamfowaa	1
wenko	1
haritaa	1
amerikan	1
mewati	1
akatutumi	1
mohapatra	1
nnsuma	1
asuminya	1
asumen	1
ntintintin	1
wonini	1
mensemu	1
gyiraa	1
neamna	1
damene	1
kratame	1
taboaa	1
wuum	1
akinsemoyin	1
mmori	1
sheabeabea	1
luukaa	1
madamm	1
debubawi	1
ahyema	1
wannandi	1
febian	1
annokye	1
momolandi	1
sharaa	1
mmabaan	1
mmatoe	1
kankoon	1
twekasari	1
obesebea	1
patuwu	1
dayamon	1
wowene	1
nsutem	1
nsubirim	1
nsenye	1
makronka	1
behanaa	1
gyaabin	1
tukwi	1
akomabu	1
atuaka	1
nkowua	1
babuin	1
hakuwaso	1
duelam	1
mmasisu	1
sensaya	1
baatin	1
ayiana	1
asuntoa	1
futurama	1
ninen	1
nkodia	1
kuanwene	1
mamari	1
aninton	1
mosito	1
hwumum	1
wannabamomma	1
aweesom	1
shereen	1
wadapen	1
obaahemaabonsu	1
anntena	1
danaadaa	1
mpapahene	1
amoroase	1
karannea	1
kaanini	1
antraa	1
haami	1
hwuhwu	1
medinna	1
kafuinyame	1
nnammu	1
kwoye	1
siame	1
nyamenkum	1
kuawa	1
serin	1
benyabenyapa	1
simfonia	1
owusiwe	1
afumre	1
wontonton	1
enkitari	1
nanannan	1
akyepo	1
oburumankoma	1
abodinyaa	1
sarabi	1
dayatoru	1
tahoma	1
womandemo	1
kekenwu	1
akuaboahemaa	1
tawera	1
ahware	1
homaye	1
sinnyewonni	1
boaba	1
oyaata	1
maresaa	1
kankankrankyi	1
ahoodoo	1
muwawu	1
tewaa	1
awasanu	1
sawaa	1
kesaa	1
nyaanyo	1
saami	1
morea	1
modanisa	1
hantum	1
modia	1
mamasotaa	1
sawaara	1
tumfa	1
prudanse	1
patrika	1
hamada	1
aniwaani	1
hayabusaa	1
mewisuweresu	1
mfunuma	1
wadaye	1
abufikatoo	1
animnode	1
sabam	1
masinton	1
weraa	1
tekureru	1
sibu	1
mmehama	1
kasuti	1
manwanwa	1
sodurui	1
mummi	1
kwadanso	1
tebikan	1
aboyowa	1
meewu	1
baankapan	1
tutoa	1
tesa	1
mommamfoto	1
edaame	1
mmansari	1
mankannin	1
hosue	1
tarase	1
awaere	1
aweni	1
santina	1
sukuruwe	1
drem	1
mufan	1
seesiara	1
nyanime	1
yaana	1
bidono	1
nkato	1
mofre	1
wuuwe	1
nokode	1
adukofi	1
komfom	1
prisente	1
okiru	1
futon	1
amanesiaa	1
sehwiakuraa	1
saapento	1
wunkampa	1
matati	1
adwoaboakye	1
memadurita	1
pohyin	1
yasonna	1
akabaae	1
annaan	1
ahenkra	1
kodumaro	1
operemo	1
sonkan	1
mmanke	1
betawu	1
dedwin	1
nofima	1
mariane	1
mamara	1
ofisayin	1
menuaa	1
borea	1
akayi	1
honoho	1
bikyo	1
saayae	1
tunon	1
afewori	1
mahawi	1
anikyan	1
mendinni	1
mokwan	1
werante	1
antwitwaa	1
yannwa	1
wawuu	1
shaena	1
enibea	1
menawi	1
mehyem	1
nkrabia	1
sentimento	1
ahwiase	1
twomon	1
nnwada	1
tisaa	1
ahabi	1
hofie	1
wonkabite	1
bodwa	1
nintendaan	1
awunde	1
awuese	1
toyama	1
akyarisa	1
sweatware	1
madwa	1
nwomnuase	1
printiko	1
enkuru	1
aniwaniwa	1
sofudede	1
anadua	1
surutame	1
kasadekasa	1
ntako	1
namiram	1
abodaya	1
toafa	1
suaranya	1
yanyimu	1
abonnu	1
boredwoman	1
wandampa	1
kwadwonnana	1
fiaraa	1
masuma	1
banaayin	1
adwitama	1
nekasu	1
saawie	1
paabanwi	1
sesason	1
kaeda	1
koasenso	1
trebam	1
kofime	1
ahosom	1
wunsuwan	1
homewise	1
ampedu	1
atunuwa	1
atakataa	1
samosa	1
wuhoa	1
fikredelim	1
adeea	1
taaea	1
sebeneenaya	1
fuwu	1
boneni	1
anaadi	1
ahotoron	1
kasuwa	1
nnede	1
yarae	1
finita	1
mafimafi	1
showu	1
pankayam	1
yohani	1
koyabi	1
kapentanyi	1
bolapo	1
priae	1
meneame	1
nkwua	1
sidewise	1
masonsa	1
bibite	1
sweede	1
oyome	1
osorade	1
okolaa	1
asemoon	1
nnikitaa	1
sameasu	1
mpunto	1
fenin	1
bufa	1
bufom	1
katanu	1
maresen	1
duabaa	1
momoe	1
monaya	1
wantemfine	1
amoato	1
akintwe	1
momotie	1
teasin	1
hoabanda	1
wurum	1
bariri	1
nnayia	1
nyapon	1
warisan	1
deeson	1
bohotwinmom	1
adiease	1
towera	1
abaanto	1
agyadwoa	1
afuafofie	1
woasensan	1
wannui	1
yoannson	1
krisubanu	1
demetri	1
kankuaa	1
akroo	1
nomikake	1
bonnemma	1
konkaa	1
adwenkyea	1
butuntum	1
kebarato	1
bitwim	1
makrenna	1
ahenawanam	1
bensonkoo	1
poyare	1
enafom	1
watoaso	1
mekyimekyi	1
binnan	1
dewusu	1
wufusen	1
atukwam	1
surowe	1
aninwa	1
kowiaa	1
asekwi	1
naate	1
koruso	1
sekyen	1
wontiatia	1
nanye	1
saena	1
nkasami	1
nkasiam	1
nkasima	1
mansom	1
ponia	1
suberasete	1
nikumeba	1
akatie	1
monwam	1
taabia	1
mandenkan	1
anniwu	1
birebu	1
nyanku	1
handisam	1
wakutan	1
woohera	1
akwoda	1
yamede	1
nsitua	1
aprikise	1
owarida	1
koramaseru	1
kenyapoa	1
daanam	1
panso	1
mpokora	1
mafuru	1
motoon	1
akabara	1
yowi	1
terian	1
ntinye	1
madaam	1
mademe	1
buum	1
danin	1
mameature	1
kwasom	1
awina	1
bataen	1
bisarasu	1
adeware	1
nusumidase	1
habaraduwaa	1
hyam	1
abusuaba	1
nikone	1
abosonnuan	1
maribea	1
dameware	1
yonoa	1
boatoa	1
sararose	1
abaabo	1
wubiwumu	1
kaapata	1
afunibu	1
twontwom	1
afeline	1
asantekofi	1
akwansa	1
gyimito	1
mammukaa	1
ponnoo	1
noanom	1
obini	1
wafaae	1
edode	1
kandiko	1
wakibaraa	1
parusa	1
bedunom	1
mankom	1
apeteto	1
babantaban	1
oyisin	1
bipede	1
nammaradu	1
ammababoyi	1
hannye	1
bunyinya	1
woruno	1
adinokyi	1
okaasama	1
ahoaa	1
butuni	1
matebeto	1
amaterasu	1
ntabanu	1
koronakuu	1
musabea	1
nkrasesem	1
porem	1
tummona	1
aholansaari	1
sorabi	1
honten	1
annanowa	1
wuboo	1
mekantonkasa	1
prede	1
nipo	1
ntiatie	1
suaminya	1
hanyam	1
gotoso	1
mubekyi	1
kwabuwaa	1
asetie	1
gomisia	1
afoawu	1
furuemasu	1
wanofi	1
ponakan	1
mohammedabofodaa	1
ahemimima	1
pridu	1
bunnyaa	1
asasasa	1
bidadari	1
nhenea	1
tammudi	1
nowareta	1
sikanie	1
merinen	1
meesuwan	1
daanya	1
ofrene	1
ludian	1
adwenekyere	1
sweho	1
anidase	1
awakomeda	1
enterito	1
madowaseteru	1
nnkora	1
kakuta	1
wowunya	1
gotoo	1
sotano	1
bunnye	1
prikwan	1
kaameru	1
efranso	1
babunia	1
nononoono	1
obedua	1
operen	1
denkese	1
seekya	1
apandi	1
bonkyo	1
shyama	1
monnkaa	1
demonsu	1
annsofie	1
merenyae	1
antoyi	1
yarayara	1
senda	1
apolaranmi	1
semmedu	1
duture	1
mamasu	1
samabamebea	1
dabura	1
wabakoo	1
mmewu	1
andenne	1
sonota	1
amaroo	1
sebunsu	1
buataa	1
mukoowu	1
abediakyi	1
ahinoamam	1
birimisa	1
afaran	1
shiridasu	1
anidahoo	1
obenuse	1
mafemme	1
manwuri	1
kaewudom	1
ayanwunmi	1
ayanya	1
manikyam	1
wisen	1
twinoo	1
woeesiesie	1
swadwan	1
buben	1
bratwin	1
warete	1
sarakedase	1
ahahantwe	1
ahahankye	1
koararisam	1
bonom	1
simua	1
humorom	1
naniwa	1
nyakoa	1
momae	1
nuwaa	1
agyarani	1
waannom	1
beresaakyere	1
womayi	1
wunuan	1
eduaa	1
bokum	1
kampa	1
barutoro	1
motidakuu	1
kotaeha	1
ludwika	1
srano	1
nayameru	1
wieea	1
wokwa	1
nofra	1
ntaakyira	1
akinyinwa	1
berehowe	1
karakura	1
aholiba	1
kewewen	1
wataafuu	1
wiso	1
freeda	1
mekubase	1
semenya	1
ayaso	1
molino	1
banneara	1
montanye	1
kasabaru	1
bosuma	1
nennaa	1
nenno	1
hanare	1
neatentie	1
atentie	1
adukye	1
komoru	1
broadwayite	1
fuise	1
tinoo	1
wuwowi	1
daabaaba	1
pabeda	1
bennson	1
owirapaam	1
kannaadi	1
montabon	1
tuawaan	1
tuawana	1
tuaanwa	1
neamuwui	1
marubeni	1
apodi	1
soraana	1
asunim	1
hanunoo	1
mmolite	1
krason	1
atodori	1
teneewu	1
wonwoomom	1
suwakyo	1
wahya	1
mahanom	1
bankoa	1
mataram	1
enyia	1
osiete	1
dennwa	1
enkoye	1
nabine	1
needwoman	1
natutunan	1
okuano	1
bitaya	1
akudi	1
karisumaa	1
benwuni	1
adeben	1
karinti	1
luawa	1
frankoma	1
edwumamu	1
tinturo	1
abeeda	1
akomanni	1
etomienyinna	1
besoraa	1
waherania	1
praani	1
kokoha	1
nitaya	1
moriria	1
nasarene	1
soadwa	1
somafoto	1
ludito	1
homeaye	1
meranda	1
kurasa	1
biereenu	1
femininnyaa	1
niresaa	1
tewena	1
nanwi	1
awutaru	1
nabuin	1
matowari	1
krome	1
tatea	1
ayenkyerem	1
akotam	1
kumra	1
aninon	1
brisa	1
mentoma	1
biedaa	1
yoruwa	1
anakyin	1
goye	1
awiamu	1
porota	1
tubasa	1
okonaware	1
kontesuto	1
homepuno	1
teami	1
sonnaa	1
dankon	1
botaan	1
madoyan	1
niannin	1
nyaturu	1
karennwuu	1
tinyiko	1
kuwana	1
maesam	1
ensum	1
owame	1
enyidaso	1
wahowa	1
abusuaa	1
kwasiato	1
teeam	1
kasimma	1
torinkye	1
mpamato	1
bidima	1
finta	1
debianero	1
krenya	1
saputraa	1
ahanafi	1
naadim	1
nnuin	1
kamasu	1
barikui	1
aheria	1
agyaba	1
akinwuim	1
akinwumia	1
akenwumi	1
okinwumi	1
tinuiti	1
nsuensu	1
medebea	1
munkaa	1
nannanwu	1
wufita	1
takraye	1
yamanomoto	1
masutomi	1
awantoo	1
owasute	1
mmantoa	1
buturo	1
tinku	1
nikyo	1
wenua	1
barona	1
wowadu	1
nyaribo	1
paraan	1
kosomaa	1
osoon	1
nkayikyi	1
kusare	1
twikasa	1
katwitwi	1
delie	1
birita	1
samasasete	1
yonkoe	1
mmeameae	1
nkasasu	1
denokan	1
timore	1
frufi	1
tukede	1
basetra	1
wufura	1
waduane	1
medeeba	1
gyameso	1
sapani	1
maakomem	1
kawamoto	1
neaam	1
sabasaba	1
nadeteta	1
ahotonadura	1
haroowaaku	1
adetanwa	1
seriewikin	1
kwaea	1
wasode	1
asitanya	1
dubidu	1
amafoto	1
mmariani	1
nkati	1
kwaawaaku	1
daasibara	1
awetan	1
ofunsa	1
wutim	1
tuiseka	1
bimaari	1
ensoku	1
nuummite	1
okoridasu	1
wabankowa	1
kodia	1
mmakomane	1
amforia	1
amforaa	1
anitaabonyi	1
shafaa	1
odedara	1
habata	1
akasakare	1
nnekata	1
mandapam	1
nkakyama	1
asomdwue	1
sween	1
nsewe	1
wense	1
sewen	1
wanndiman	1
monie	1
hukusuu	1
annaaya	1
bakyia	1
nakoa	1
katafuri	1
seemaa	1
nnoaham	1
oyata	1
twintone	1
matro	1
horonnyo	1
asammu	1
anyinabase	1
wusuta	1
adwareadware	1
karasua	1
afentem	1
anaho	1
benno	1
medasom	1
poofie	1
niasae	1
yolita	1
awunso	1
nwuta	1
tenin	1
nkuteere	1
mmusinyane	1
nhiaabiaa	1
neweneetum	1
mafoto	1
adufie	1
owaraserare	1
tamete	1
kowaretaa	1
sankaasam	1
akoekoe	1
bahoto	1
wetere	1
mmana	1
owokan	1
awofuwa	1
dankosa	1
kowito	1
oyea	1
sonoma	1
seasonnya	1
yaaru	1
adonsu	1
akadiri	1
koronkaa	1
wantom	1
mmeaa	1
prosim	1
neesu	1
akyeamponmaa	1
sewua	1
patin	1
yaheaa	1
yahyaa	1
muforoma	1
hubiese	1
bisaraa	1
gyoda	1
saporo	1
awabike	1
takaku	1
marawan	1
osinkoa	1
mosaku	1
nehoye	1
anabike	1
prekraseno	1
babinsa	1
hokoro	1
butumi	1
aguantaba	1
ammamaamam	1
nkyehama	1
amdanonim	1
twasin	1
twakye	1
muedi	1
ahikinom	1
nibui	1
mfimuamua	1
sokoman	1
kosuman	1
sentimenta	1
afokufu	1
mmomm	1
dafiaa	1
amdewe	1
samite	1
nammenam	1
adeliadaa	1
narim	1
maturewoman	1
danonko	1
takraayi	1
masonwu	1
ferisae	1
adima	1
adiama	1
odiam	1
edesemi	1
saraebarusu	1
hannaban	1
kokoamro	1
shimese	1
karaae	1
bunaka	1
bonasera	1
brooha	1
mmiaan	1
daaware	1
nhana	1
odimekyi	1
wodim	1
bamfonaa	1
nkonyamaneni	1
dunnkan	1
mekurumeku	1
oketekyie	1
mayinyin	1
wankom	1
tabitate	1
karawiaa	1
ammaante	1
wonine	1
wonniea	1
meritie	1
trimmi	1
adekoya	1
bidwom	1
kridaa	1
andina	1
nsempafie	1
asuiru	1
sawasa	1
andanom	1
afrosan	1
sabaawi	1
edewen	1
andon	1
sanwota	1
tansua	1
etafa	1
wosin	1
manyana	1
asonkwaa	1
yannsete	1
amoka	1
tubaa	1
enimako	1
kuwasetekure	1
nkutano	1
nyamekyi	1
maharu	1
mpatawu	1
betinni	1
berekaa	1
birusu	1
nanini	1
ammama	1
nkuraasesem	1
buuso	1
nkrum	1
bayamfia	1
sebenni	1
yanwen	1
ntrafi	1
ntriwaa	1
twanyae	1
asesora	1
kusika	1
nsateaato	1
patoka	1
numasawa	1
potwari	1
pahari	1
satanko	1
dawida	1
nwokiwu	1
branin	1
hokekyo	1
mmfeaa	1
suwin	1
oboasiwa	1
sawuahene	1
fikrimakyie	1
bampoe	1
weeteseaa	1
siebie	1
mataafa	1
notino	1
sonowimmom	1
edufikra	1
horowoe	1
daduru	1
adekaa	1
wanidaso	1
animda	1
obidoa	1
komasete	1
shimi	1
adwudwu	1
tatanadine	1
kondian	1
atanoa	1
wunno	1
daforo	1
bedase	1
wakita	1
paadan	1
woatoa	1
dabedan	1
mfeawa	1
ninku	1
tadayasu	1
watawa	1
kwansen	1
serenna	1
tukuru	1
toroto	1
ananaaya	1
mawerekyekye	1
wintre	1
masande	1
amakute	1
yasom	1
twitea	1
afreada	1
harewom	1
nekomanma	1
twawanum	1
adoonka	1
ogunsona	1
surua	1
mennuto	1
nowabea	1
nuwin	1
wandoe	1
anubisa	1
papaapaa	1
sariawa	1
baawaren	1
akyikyiri	1
tarima	1
proaea	1
mewurade	1
srawa	1
boatenkurom	1
namiko	1
seabaa	1
ahie	1
nwamaase	1
odutayo	1
tisase	1
adurara	1
hyehyire	1
ayakata	1
ofese	1
nyammu	1
wansika	1
tonti	1
sodabi	1
nanayin	1
awesomesuaa	1
hoyem	1
amanyaso	1
muufoto	1
dudwa	1
sharaya	1
oyiwaa	1
takum	1
kennon	1
mmposoro	1
wunsam	1
abimereku	1
paradeesaye	1
mesimesa	1
tunisiano	1
yahora	1
wunianwen	1
katuroda	1
anyanase	1
eguru	1
shirase	1
porodu	1
ogyaadu	1
moriam	1
marinaro	1
makurosu	1
wohenni	1
kwonkasa	1
asuraa	1
nyinawusu	1
awanam	1
mekoaba	1
shahinyan	1
medore	1
shanta	1
asure	1
shokora	1
hanyo	1
abanaba	1
seadanya	1
komfie	1
baafima	1
asesoro	1
seebi	1
nikyi	1
memria	1
nantesie	1
akwankyire	1
wonkotwa	1
wakaranu	1
wamonesua	1
nime	1
moadaworoma	1
afahakan	1
ofusua	1
wusuwafa	1
ampofua	1
mekiba	1
gomri	1
awurudu	1
samasuri	1
humansona	1
nepuranu	1
anonanomanom	1
parakode	1
nwanoro	1
woowara	1
adansam	1
monkada	1
memaye	1
homepenni	1
kuroon	1
egyedi	1
wafutwe	1
nofade	1
mariru	1
pariwua	1
monnuro	1
futomomo	1
kwaboso	1
kampaamo	1
kurubi	1
homekwame	1
motorinaa	1
ntaasa	1
ahisa	1
katorora	1
wohoaa	1
sandin	1
efirasaase	1
ahannua	1
dekin	1
mmuum	1
medure	1
hakosuka	1
hamawi	1
aboayewaa	1
wintie	1
kowaayi	1
amanare	1
anohito	1
adasom	1
kurayaa	1
lunsom	1
wanmi	1
mmeaemeae	1
wumaami	1
wunti	1
bikaru	1
wawawaawa	1
okohwim	1
akaberekwa	1
nutura	1
tenko	1
namomo	1
kantinaa	1
naakora	1
edeben	1
animuinyam	1
bidade	1
ntonkwa	1
woyinka	1
ahonko	1
nyaronya	1
awakateko	1
mononom	1
awurede	1
tapene	1
katariaeta	1
marintim	1
mmuram	1
anasia	1
ewuan	1
tintie	1
wowuduan	1
fiena	1
dentease	1
etesuro	1
ahosima	1
atafu	1
makyono	1
afuradense	1
mfiso	1
somanninan	1
ninan	1
ofrare	1
lukaku	1
daakwu	1
kwudaa	1
primitaa	1
neebi	1
nnwoka	1
bebeaa	1
nemuran	1
sroko	1
beari	1
enyine	1
boanu	1
ahenkaan	1
kakofi	1
suwankaa	1
kowasareru	1
nansoro	1
nomofu	1
papanto	1
madwira	1
trubu	1
fumari	1
wawuan	1
nadea	1
aguamantam	1
gorowa	1
saafu	1
mmemidem	1
shinni	1
abonniren	1
surunoka	1
mfreke	1
aduannya	1
antennasia	1
adabara	1
dasese	1
simeku	1
shaya	1
sianyaa	1
kenkanko	1
duaan	1
asidan	1
aforafora	1
oguete	1
gonsaa	1
mmekoa	1
selasie	1
aduama	1
edien	1
neasure	1
atuahen	1
buiadam	1
brume	1
dehati	1
printesite	1
marinni	1
afenyaadu	1
wanuaa	1
ntonnsua	1
amode	1
daayare	1
danua	1
kaasa	1
asawaka	1
nwokam	1
padin	1
homekasa	1
badannya	1
wuue	1
manyase	1
yoannaba	1
nkuwaa	1
atraente	1
ahemdi	1
suibianwanwan	1
panno	1
tanimoto	1
nnatea	1
sodeaa	1
patrani	1
selinaa	1
ayime	1
ogude	1
bankrutem	1
homasa	1
krasowui	1
wurahaa	1
munto	1
baayewaa	1
nafra	1
ewisia	1
aweaweawewa	1
bisonni	1
somerarete	1
edewaa	1
nawia	1
barenya	1
lumira	1
mamfabi	1
mmerantie	1
hahaahare	1
tentonte	1
wubae	1
ademira	1
mesafede	1
winya	1
neataa	1
braae	1
shiritakute	1
fedu	1
nimisam	1
asunyan	1
deduu	1
honden	1
nenaabae	1
owuaaro	1
tieaho	1
ntaya	1
aniaayaa	1
nwibere	1
badutwi	1
momotose	1
wukyiaa	1
dehan	1
sehafi	1
karenne	1
nayaare	1
yankeeteatime	1
sedera	1
entwinedintime	1
kamoro	1
efetie	1
pannin	1
moannaa	1
shanawan	1
twitwie	1
nikomedia	1
enumu	1
tantwum	1
moasa	1
nampapabi	1
akofaafi	1
abowe	1
abuabu	1
memoriaa	1
abankurom	1
lukin	1
ankowia	1
komafi	1
banken	1
osokoo	1
terewarewa	1
mmafi	1
neasu	1
asuranso	1
pookaa	1
twohere	1
odomaakoma	1
aferinna	1
nomdaa	1
bananafon	1
odokwaa	1
kabane	1
kayote	1
tentenkankan	1
sewoa	1
adonide	1
nwowaso	1
monennaa	1
dromaa	1
nkonsokonson	1
timera	1
akasonya	1
awisea	1
mfrekemfon	1
afammeban	1
hakowa	1
wuhenwu	1
aduhia	1
abinkye	1
obanin	1
ankamma	1
awaresa	1
sandu	1
twabae	1
tikyin	1
kaneko	1
kabamaru	1
annabananaa	1
dewom	1
demonom	1
nyanoase	1
mamaba	1
edamam	1
aforote	1
goduru	1
danoom	1
gyirase	1
nabakyinyi	1
suemom	1
kworo	1
tweea	1
keseen	1
nteen	1
momomomom	1
dadwani	1
mawufemo	1
morikawa	1
haadwoakin	1
kenduri	1
monotoon	1
nkwabirim	1
kototwe	1
kataridasu	1
ahomahomaso	1
poruwa	1
annabawi	1
akwanwe	1
sareri	1
patrisia	1
bromease	1
bromeare	1
ponkunnam	1
marakoa	1
baronyan	1
pronote	1
wikan	1
hanide	1
hohoa	1
duwadimi	1
wuwowudi	1
hakomaa	1
mandute	1
femmebibi	1
sarese	1
nutaku	1
tennin	1
sunteti	1
mewin	1
antore	1
metime	1
wuim	1
wotiem	1
kufotokan	1
atram	1
hannaamamo	1
asempaye	1
winnin	1
annaanya	1
ninise	1
mamenka	1
hatapayi	1
ennike	1
obinabo	1
aferidian	1
nyemekye	1
beadini	1
kwamekyi	1
makyoro	1
gyakyika	1
hakoda	1
teebi	1
mamamo	1
kahori	1
awofuo	1
tetraa	1
sonnwin	1
baedaa	1
swabea	1
tokodede	1
nsannsan	1
koyeba	1
mawaride	1
manan	1
paesano	1
neelaam	1
nkapaa	1
mofeera	1
amrarene	1
awamprakoso	1
sehyoon	1
kodaka	1
samayo	1
nakuri	1
solimane	1
nwue	1
gyaekasa	1
aketekyiwaa	1
asorotum	1
tiera	1
tuhoro	1
wetene	1
hotwasabi	1
goyaa	1
bukue	1
adaroma	1
printime	1
apaebea	1
toranu	1
neewom	1
awoone	1
bokuto	1
amania	1
weem	1
saram	1
kennyo	1
metrina	1
durasin	1
paruse	1
behya	1
abeara	1
wudase	1
agyatanaa	1
waasen	1
ayaraa	1
tarewa	1
swandi	1
tatoase	1
naseebi	1
bosoman	1
nyinnaata	1
sarima	1
nufa	1
mpakaboari	1
ayiemu	1
trebo	1
bofre	1
aboadi	1
depaato	1
babatana	1
bantwin	1
harone	1
mesaabi	1
karataban	1
antwaan	1
wuuwuu	1
yasia	1
masabaa	1
amankwakrom	1
desomma	1
yooso	1
tunnu	1
fiawoo	1
paayen	1
nadere	1
krumen	1
subite	1
sanwaa	1
santanna	1
ammede	1
bikwa	1
ahine	1
atonya	1
yodelin	1
nehemiam	1
nsohyin	1
akikokasumi	1
opanubi	1
wubidi	1
hyakutabisu	1
taabani	1
nnaemeha	1
kwini	1
lukuna	1
paako	1
mfummu	1
mamamade	1
nkesakurom	1
kotafon	1
baeem	1
bababaa	1
annenka	1
akireru	1
nenwu	1
shadoo	1
nnasu	1
maenya	1
aferike	1
memorie	1
bukenya	1
soanon	1
mawuba	1
antonta	1
teate	1
nniro	1
bakuu	1
metaaso	1
sharara	1
hanade	1
komaraseta	1
berane	1
deresa	1
weewuu	1
marimara	1
seelim	1
gyian	1
nutaanuta	1
mfinyom	1
mamuta	1
broon	1
ofoto	1
hawewe	1
nadwosem	1
mudasu	1
tokutumi	1
somasasa	1
moseri	1
tiawan	1
takyam	1
sorowea	1
hammode	1
nkokoso	1
mmenno	1
kuraesin	1
abaawie	1
fummo	1
tawadi	1
desuom	1
wantana	1
borikuaa	1
deposu	1
yaadansoa	1
sanyabari	1
sakyinanaakua	1
nwunwunwunu	1
soore	1
banannaa	1
soonnam	1
brandie	1
adwoaataa	1
adunkwaa	1
saawuna	1
hasomanta	1
sahana	1
beduwa	1
wannana	1
bankaasa	1
bosenkan	1
sweeto	1
bapukubea	1
anwonakrom	1
neronim	1
kosuma	1
nyabinda	1
yarima	1
buforom	1
mpapaamu	1
mpapaa	1
dumdeedum	1
sunsaneesu	1
konami	1
mommaam	1
moyasu	1
sababo	1
hanamori	1
asotwi	1
ntwanayam	1
aheheen	1
sabayon	1
finka	1
nahanni	1
branka	1
asuiro	1
sokowasa	1
mufuta	1
furawa	1
titie	1
duhem	1
moema	1
mohemmdia	1
komarowu	1
panwu	1
ahokarasu	1
sunwise	1
nyaata	1
frennaa	1
wariebi	1
wakyam	1
krumme	1
suware	1
ntime	1
anafora	1
babasohene	1
ansebie	1
posite	1
bikino	1
sranom	1
haroro	1
etebu	1
akarino	1
pankye	1
kaayire	1
anwumm	1
agyaman	1
porotaso	1
osoraa	1
kokusan	1
gowan	1
baabeabiaboabua	1
luhomanka	1
taawaan	1
wumamm	1
akebie	1
haakon	1
antiko	1
mukan	1
aboakese	1
annerose	1
baraen	1
pakoo	1
awotunsin	1
butuuse	1
tumisa	1
bantua	1
hotware	1
soone	1
nuide	1
habedi	1
moanaroa	1
soodi	1
abandoware	1
denwaban	1
satwikaa	1
habeba	1
boaanaa	1
kedwenen	1
druida	1
manete	1
kakenukete	1
hubu	1
akafem	1
worokoro	1
sumaedi	1
gyimede	1
okwabi	1
kurebasu	1
nkumane	1
mekakure	1
abohabebaa	1
hoansa	1
kwanaa	1
awakan	1
yakiniku	1
shannya	1
atamdi	1
hurumna	1
maapea	1
temankan	1
naaran	1
obesidade	1
sukusuku	1
aterafiram	1
warakasu	1
adaakya	1
abanaa	1
nuante	1
okwawuman	1
tirenoyi	1
tarenkan	1
drewan	1
mepra	1
menino	1
asiani	1
aguia	1
luoto	1
ankon	1
waenakonu	1
karadeanne	1
setea	1
poema	1
melisaa	1
ntude	1
sebanu	1
ayaaka	1
sunkwan	1
aninnwaa	1
yarase	1
kapatokya	1
osimpo	1
wowumin	1
finwin	1
abusuto	1
tantowi	1
amosua	1
beetumi	1
wowire	1
wotwire	1
hannsom	1
sahaabaa	1
menden	1
koani	1
wanonyeba	1
abubububu	1
ahiamadi	1
taprena	1
prawu	1
taema	1
abeduwa	1
wubenna	1
akwantin	1
poru	1
amekye	1
maayewa	1
mahere	1
ogunsanya	1
akanmu	1
kwamfene	1
kwankan	1
openoman	1
hakuunso	1
wekam	1
sumantoro	1
ntuete	1
afuture	1
hookusu	1
sekyiaabea	1
kwammu	1
tatotoatoro	1
homamoto	1
temanku	1
soakodi	1
nanaana	1
meria	1
akinwamide	1
poyona	1
amamikomaa	1
adune	1
wohoho	1
summe	1
nsansana	1
mmabato	1
fimfoto	1
sarenya	1
mfrasie	1
afofita	1
wabikapuu	1
kesen	1
nehama	1
nyaredi	1
awesomm	1
etebi	1
anikona	1
worowu	1
paanan	1
entwiren	1
twinease	1
fuumu	1
afoninaanni	1
debata	1
wudewuse	1
paadudaa	1
mmannana	1
akwanin	1
narin	1
kebeni	1
wufatoka	1
gyenin	1
akokoase	1
ahamaso	1
maniri	1
wootaa	1
amran	1
aniwene	1
bikan	1
kapen	1
yofuture	1
afriko	1
abaabaa	1
biraae	1
amoakoheneakosua	1
meduedue	1
shwafi	1
morowudi	1
nkenkensu	1
nisafi	1
mehaka	1
masufoo	1
sorawoto	1
adesira	1
ataaere	1
nikam	1
okoforo	1
yasona	1
ofote	1
medesima	1
sometemo	1
sukwoo	1
huinya	1
tweetinka	1
akadenwa	1
besuasua	1
mmnua	1
benaso	1
mposo	1
dawodi	1
akwanyi	1
semehia	1
awarapa	1
ketum	1
babafunso	1
maayera	1
sasem	1
harene	1
nameno	1
samantwentwen	1
kenkabakari	1
binwi	1
trinetra	1
bibim	1
furikaereba	1
bakro	1
kwintofi	1
adarese	1
homankasa	1
nakumo	1
ankabina	1
abeha	1
wankonyanko	1
afesu	1
mfafa	1
waesaa	1
goranson	1
wutuba	1
hanama	1
situu	1
bompae	1
afrian	1
motukuru	1
mekanea	1
asayakae	1
akumia	1
kosonsuwan	1
dudi	1
mudaro	1
tareea	1
awemo	1
natafuta	1
dabenna	1
aguro	1
wubemu	1
wankyawa	1
akanua	1
beliebeaa	1
sadani	1
ntru	1
afekan	1
akokoduroni	1
odumankuma	1
obiato	1
trueto	1
daawie	1
mewete	1
anwaari	1
habaraduwa	1
womennude	1
suansom	1
sikyon	1
pankoke	1
wunnakoko	1
mamadi	1
afarani	1
sayakoro	1
anninni	1
anwure	1
mehima	1
wunwununi	1
nitafute	1
nimfire	1
bonwi	1
furuba	1
edeneso	1
abebaa	1
trumm	1
efafa	1
kokuen	1
holakoo	1
mooam	1
amnmmo	1
tometa	1
mfeamfea	1
mafaa	1
welan	1
wensu	1
anuari	1
kokwan	1
kasaae	1
yanse	1
kokyi	1
dasasete	1
adenaan	1
ababuu	1
sendaa	1
adamako	1
trataa	1
sooman	1
nhonaa	1
munko	1
batima	1
awuria	1
saeeda	1
finan	1
osunu	1
badiaa	1
ntaanu	1
aforonwa	1
kanabo	1
ninasonya	1
wasaa	1
dewaa	1
watraadi	1
findie	1
akufi	1
yasusonya	1
yosaka	1
akaawi	1
huin	1
tebeere	1
hannson	1
nirania	1
ferari	1
ayisem	1
kamannom	1
nanoru	1
lumikontie	1
brannye	1
akataban	1
kenkafui	1
egyanda	1
susantie	1
wuidin	1
sasomi	1
panse	1
adameda	1
moreedin	1
boomaso	1
weebaa	1
afadakosa	1
pakode	1
abapuru	1
kafiri	1
adanye	1
aholia	1
fukumu	1
koraba	1
tafurufuru	1
adereti	1
anamaa	1
musonso	1
boreham	1
twita	1
abibirimma	1
saaku	1
tudanka	1
nonu	1
timperintie	1
tapate	1
temaa	1
wubaa	1
awomaru	1
atoru	1
etepetete	1
mafomafosa	1
surorise	1
mekosese	1
nooreen	1
homeada	1
hyoka	1
amposakyi	1
paten	1
bebinam	1
nemitunam	1
asompaa	1
bawean	1
nyameahemaa	1
annerita	1
abunyawa	1
anaebere	1
ateese	1
enwem	1
nnimdie	1
safadu	1
papaakanni	1
sweda	1
babokafoto	1
tabanaa	1
derosie	1
dunyo	1
deneba	1
babeta	1
wiwin	1
edenwaa	1
anturu	1
akwana	1
wanyanwi	1
britanke	1
duare	1
koraeru	1
marena	1
mfonnom	1
abinibi	1
mmufi	1
anikira	1
memnon	1
kwadwowusu	1
saayeba	1
annabanna	1
awohie	1
yowakim	1
shebaa	1
baafoa	1
entimaa	1
paanu	1
tabebuia	1
homebike	1
nnamadi	1
bomanson	1
prasadi	1
nnabananaa	1
wannabeapa	1
nisananmu	1
meduse	1
fiane	1
somoko	1
sokoma	1
huhwe	1
sofien	1
akise	1
hontohonto	1
bedeadam	1
sabahan	1
trena	1
mommayonna	1
ampane	1
mutuam	1
yonmdaan	1
wikimani	1
pahiatua	1
furadaasu	1
eduraa	1
narena	1
ahohoho	1
brapaan	1
bidui	1
sumin	1
paetra	1
kuruwasetekure	1
mamuka	1
kumfie	1
yamfie	1
tumfie	1
mabibi	1
wakyen	1
shikarareru	1
daniati	1
wasowekete	1
kohwi	1
wonkume	1
matara	1
awesomebae	1
kaburi	1
konkokyo	1
awiwa	1
nkoti	1
tokomanonka	1
asumin	1
menoko	1
ahoritaa	1
kwisa	1
muditaa	1
fufure	1
sukunaku	1
mamonnkurusu	1
etabo	1
huutoan	1
kannkan	1
ahiamahiam	1
homeamde	1
yomiko	1
amansofi	1
anonimni	1
edike	1
naawu	1
mammarum	1
bitoma	1
sikuwa	1
kawarime	1
nyandoro	1
somente	1
haahaha	1
etwitware	1
anibete	1
buribi	1
wamae	1
sansaraa	1
luufu	1
senkano	1
nkwanua	1
wuwufu	1
nukuma	1
okurasereba	1
adebapo	1
murasame	1
atwafi	1
asonua	1
huanwen	1
wokwara	1
anyanewaa	1
meakin	1
ahoke	1
mawerekyekyere	1
dennye	1
daaron	1
nibaeraa	1
niaae	1
hanuu	1
wiadomo	1
hosomete	1
adiafori	1
bikeaware	1
wabodoo	1
witi	1
abisoye	1
honnyan	1
ederi	1
manokaamanaa	1
agyakoma	1
padawan	1
yasumu	1
moameaa	1
bafoaa	1
efisia	1
tameni	1
okokokokaa	1
dekese	1
wedosu	1
kotokuom	1
tebenya	1
kayito	1
krakatoa	1
mufien	1
awiameto	1
moriwu	1
mesoote	1
asimemu	1
aseeri	1
wabea	1
daduma	1
braatakyi	1
medere	1
daakyemaa	1
brommamamma	1
ataannmu	1
melaku	1
afutina	1
fransuase	1
dafofi	1
komarima	1
prumano	1
shimon	1
nkasodi	1
womana	1
kreditere	1
nununapeka	1
boadum	1
lunapapa	1
anabiase	1
drumore	1
soranson	1
awosem	1
nebue	1
needwin	1
wakoko	1
afennse	1
anyekase	1
awamean	1
antenae	1
biabiabea	1
nnamene	1
awodwu	1
mayam	1
fianna	1
monsokan	1
medewiwin	1
tayara	1
koyim	1
honwa	1
borusan	1
sudin	1
baaberanne	1
mpoaen	1
temporo	1
waheba	1
hanta	1
melita	1
memmemaa	1
akyeme	1
tisam	1
maayem	1
weamo	1
animeserie	1
yommie	1
ofurum	1
tutano	1
bukannya	1
kamoamoaa	1
ahiato	1
dennako	1
tanonde	1
suiko	1
anabiara	1
makodim	1
metwen	1
abonafide	1
bannaanka	1
maadam	1
afiene	1
ahosamra	1
aderenti	1
bonyanko	1
honkanennea	1
komandosie	1
biaan	1
obaapaakosua	1
awika	1
abiaka	1
kwen	1
tannabaam	1
tabanna	1
motorotoro	1
hyaan	1
kabanna	1
neamo	1
medetuu	1
takaburu	1
moritan	1
makramm	1
paasata	1
ewuri	1
obenewa	1
mmakuba	1
sisease	1
wameba	1
wibi	1
nikunda	1
kakuto	1
hamaare	1
turaabi	1
gomoro	1
mohyidin	1
neende	1
eduanenoa	1
nyaso	1
kummanam	1
hyasumi	1
tanoti	1
nyanwan	1
adinnam	1
sahidon	1
turutunka	1
aprosuba	1
demmin	1
kaayaa	1
mamnnua	1
senaru	1
mpadwa	1
musuberu	1
musam	1
tomaria	1
nemmadi	1
yapafoto	1
amarene	1
marone	1
wansewu	1
suriraa	1
freedoom	1
batine	1
wotokyoani	1
amuiam	1
ayimpam	1
obanyansafoo	1
amodu	1
teanu	1
pamosu	1
ayanmo	1
sirum	1
asantenkae	1
bedieem	1
mohideen	1
waawin	1
akwenedi	1
anabadwa	1
abooawomaame	1
noonni	1
abaayi	1
okuridasunda	1
deeweem	1
gyonko	1
bantere	1
homama	1
nhansu	1
matafonua	1
bedintime	1
hanowa	1
anuatwa	1
anaatwu	1
woronkoania	1
suakan	1
sapana	1
tradu	1
keseko	1
netri	1
susuana	1
tetuaa	1
payero	1
obaapaadwoa	1
soonwan	1
fitaekwu	1
dahoro	1
sotwin	1
wanidasima	1
annsu	1
badam	1
adanayi	1
bawunya	1
awammaa	1
pofuku	1
dutama	1
nnarumi	1
amedina	1
meanu	1
nuuro	1
damebea	1
obinnaya	1
obiamaku	1
santaan	1
wokraa	1
dariaa	1
tinwam	1
sirowuamanam	1
naamamu	1
sonim	1
kurodake	1
homebere	1
denkyemfunafu	1
senkuu	1
sohowufu	1
aneni	1
warabum	1
etwom	1
nimfomanu	1
antwuaan	1
abofaso	1
yonsu	1
beroemde	1
babesia	1
sofian	1
sentoa	1
trabasa	1
hanto	1
febo	1
awiti	1
hwitahwita	1
kraya	1
wawanwan	1
sosoya	1
adanimite	1
bowui	1
asanuma	1
demasu	1
setoo	1
nahoa	1
poonyapa	1
wuhemuso	1
medaru	1
worekyen	1
bankasia	1
wadada	1
koreha	1
abafi	1
futuramu	1
akwamibo	1
asabiam	1
kawute	1
darinnaa	1
baeri	1
nyaya	1
kannoo	1
masise	1
adamantine	1
afebebu	1
tubede	1
awiaa	1
anwawam	1
wemna	1
kendon	1
adwoada	1
ammadi	1
mmatoa	1
egyena	1
duenya	1
baababa	1
afabae	1
kamona	1
pasese	1
animehide	1
bururu	1
horoso	1
nsemmrane	1
ntinyari	1
seasonye	1
enwan	1
teneekwa	1
nomamani	1
anawin	1
menafi	1
sakramento	1
suasuasua	1
fiadonadona	1
adonadona	1
ahapan	1
profire	1
mesemoa	1
drawe	1
etewuma	1
wuwonka	1
nuakaa	1
konkaboa	1
asokoha	1
nwintam	1
nnikum	1
temita	1
hoomu	1
nodoka	1
mukoko	1
awodu	1
wunnipa	1
oboaa	1
nhonna	1
nuasu	1
paradua	1
biribide	1
asuboni	1
shemi	1
okikiade	1
woenyan	1
asaaseso	1
nakamori	1
kasasiwan	1
sosuu	1
afiantoro	1
ayiribi	1
asewase	1
kahyire	1
meetoru	1
baraye	1
fidelia	1
bataehoo	1
atuma	1
marinna	1
kadokura	1
manomama	1
nnuno	1
adakri	1
mosina	1
fituam	1
anafoa	1
kuto	1
ntibenyera	1
wokinwoo	1
akikodesu	1
drua	1
anasunyaa	1
anasu	1
wahidi	1
nonnani	1
awawe	1
obitoo	1
okyakusamamesen	1
nnunua	1
mubiara	1
koero	1
aweda	1
saketumi	1
toora	1
toosuru	1
wampem	1
annewu	1
nsite	1
dewano	1
furansunin	1
abanyom	1
adaadame	1
mahari	1
teepoaa	1
paakurenae	1
sikatite	1
wunsome	1
moatenka	1
daasan	1
senyin	1
borodua	1
kuano	1
shabaan	1
potonya	1
tatabanya	1
aneho	1
nikikuita	1
satanyanko	1
atwite	1
detete	1
owaruwoto	1
sharenya	1
bensemmane	1
maamekyerewaa	1
owanwan	1
mementomori	1
kookware	1
woyim	1
efuenam	1
adaemi	1
amisua	1
modemamma	1
wamaduu	1
kokokara	1
bansuan	1
toaboa	1
nirem	1
sikanen	1
wabeta	1
fetraa	1
wanwufusu	1
ahenakwan	1
soaresae	1
ahomde	1
akinnewu	1
homekoma	1
naapurintie	1
ahowota	1
sumitabi	1
momoman	1
sutataa	1
akyiewaa	1
nkamewu	1
hawawu	1
ayankaa	1
soasen	1
mfanyie	1
nonapanan	1
gyon	1
kunkye	1
nkuaha	1
kasoasoata	1
adoforoto	1
homekatie	1
mmummi	1
takunkumi	1
gyinabire	1
okuere	1
mutwu	1
wuuwuwu	1
nkramaa	1
pahenne	1
waduho	1
wakatam	1
mamammaa	1
wahwoe	1
kwasibea	1
tokasa	1
asamaan	1
mamereka	1
motometekuru	1
mariae	1
aholan	1
draame	1
monsoro	1
taarie	1
obuaba	1
akyebea	1
etode	1
abusuam	1
makyekere	1
babamm	1
tinasari	1
safete	1
muumi	1
madoromu	1
seasoa	1
feminina	1
wonma	1
matafadi	1
yaere	1
makuae	1
behanna	1
momerandi	1
paradisewoman	1
twabidi	1
serebuoso	1
asabua	1
korian	1
mondoro	1
kayete	1
notesie	1
somaware	1
ayawaka	1
etunimi	1
koorokan	1
seaton	1
beafoto	1
matraa	1
dammere	1
mummomafia	1
gyeran	1
siriwikwan	1
makokoduro	1
ahiribi	1
paatua	1
womdeasin	1
womdenisa	1
womdensia	1
womdesani	1
edwintwita	1
anabu	1
mafan	1
fedia	1
mebankye	1
abadan	1
busen	1
anannyaa	1
beruto	1
yokokusuru	1
nafada	1
dayem	1
somunu	1
aminabae	1
naamari	1
mensufre	1
kakokoka	1
lutosa	1
kwaakwaadebi	1
lukenie	1
kantutan	1
nnenaa	1
noeru	1
keribo	1
bewaafa	1
hahon	1
sahimi	1
yaemmaa	1
wakokoko	1
yamedia	1
satankaban	1
hamako	1
akomapono	1
madubi	1
tateru	1
boodaresu	1
wunmu	1
yaasa	1
mesuafre	1
deposito	1
obisabisae	1
fukiareru	1
edwe	1
taabere	1
wennyanson	1
danyan	1
gyasu	1
wareewan	1
hayaku	1
aguaboa	1
nnahana	1
nammudanae	1
kasiafoto	1
aniwakura	1
krura	1
merodiasu	1
bruba	1
haasam	1
hohyaya	1
nyantekyewaa	1
kwinam	1
wasuretete	1
karantinaa	1
kutukan	1
kwiteaa	1
komayakasa	1
tomareba	1
osonyin	1
wuwudewa	1
monkasabi	1
bemi	1
anesama	1
hanatan	1
kodaku	1
buasa	1
subaa	1
sapri	1
taemin	1
bipade	1
womoapempem	1
wunsuasua	1
aniane	1
baham	1
dammu	1
kosian	1
asaabi	1
ahwonan	1
ahwanon	1
ayerakwa	1
dukaan	1
bedayia	1
abosisie	1
annakin	1
fusetekure	1
komandan	1
marianda	1
demuru	1
ayomide	1
benabu	1
saabani	1
afewabaa	1
ewodi	1
yoonie	1
siede	1
aboase	1
abuba	1
etuto	1
butere	1
mpori	1
sawaria	1
teteku	1
wummue	1
wuwuto	1
deprima	1
momita	1
akyo	1
hahahawu	1
akutumikie	1
mpumie	1
nkomnkom	1
annabea	1
abedeen	1
nakia	1
akuso	1
nikodite	1
aseman	1
nokwaresom	1
akasaanoma	1
tunsoare	1
tunsori	1
karireba	1
depakosu	1
pataase	1
nusumi	1
feraru	1
momommfim	1
paapen	1
kafomdi	1
nanabi	1
gyanone	1
kasamo	1
kafae	1
metroman	1
kukuna	1
mmradu	1
aketekyie	1
beatabea	1
haansu	1
odikose	1
sirasete	1
ferinni	1
pahotam	1
swimoro	1
broadwae	1
gyinakuma	1
adamantia	1
yariwa	1
yorimasa	1
baakasam	1
yolie	1
lutaye	1
mahatam	1
awudin	1
ahowawe	1
todoroku	1
nkome	1
atamanni	1
beeke	1
suikomu	1
akonakon	1
akwue	1
tammowunsu	1
hamuaa	1
waawanu	1
dawena	1
homanen	1
ahosome	1
mosikidi	1
awaro	1
monkyen	1
kumpari	1
adunade	1
kabanafi	1
wuwawua	1
mmewurum	1
briso	1
watabasam	1
obenu	1
amanyare	1
amdakare	1
hafoman	1
annue	1
maneri	1
bebene	1
odoho	1
tufon	1
monarae	1
abanna	1
nabaan	1
anaban	1
anitaku	1
madwomanweedin	1
paapanyin	1
afurodite	1
bikokwan	1
paradiase	1
aninebue	1
sonwabiso	1
nwike	1
suuku	1
nnoote	1
maatra	1
waesua	1
paradesie	1
niakate	1
godu	1
wooatoro	1
neputo	1
protoman	1
mennkyea	1
summre	1
nyamebapa	1
bitodim	1
menyatoo	1
maneewan	1
wakomo	1
sufrewoa	1
hokasam	1
nyanoa	1
asemfoda	1
karawi	1
bedime	1
nnanaka	1
woriduada	1
yonkaku	1
afrakan	1
windwoman	1
tampoko	1
tatianna	1
broose	1
nwanim	1
demasure	1
abakum	1
nataba	1
okiekin	1
saenwoo	1
mewoman	1
siprosa	1
hosometanda	1
awonti	1
sekyekurom	1
winiso	1
wuiata	1
nonada	1
kaapaa	1
bebebibi	1
makyama	1
nnuban	1
komamena	1
bemewaa	1
akaseru	1
kolintie	1
aniwaaye	1
bribia	1
nkwebi	1
tenkae	1
torontoteda	1
ketetwa	1
yaritori	1
mukurukuru	1
hosamfatota	1
awatae	1
nakita	1
anufu	1
abaanaba	1
krokrommotie	1
hantwi	1
afiam	1
nhwine	1
katahotori	1
biribino	1
sonwan	1
maminya	1
wiman	1
wantawen	1
saaro	1
asukakyiri	1
bufondae	1
moawin	1
bikine	1
bakodi	1
kwabenata	1
promotori	1
muuda	1
andwoman	1
numanode	1
nwabo	1
shinoa	1
mafuro	1
anduku	1
afutaamasu	1
okwame	1
frenna	1
nneem	1
batiese	1
batiere	1
ayameso	1
dannyebean	1
funkyewe	1
ahaawa	1
bonnata	1
huuwa	1
nkunkuma	1
bunye	1
atokan	1
bunkwaa	1
bumde	1
sandome	1
nnudeteen	1
lunnum	1
tintroom	1
pawom	1
beatitude	1
tabeaa	1
suraa	1
koronyanko	1
wuntume	1
ayeho	1
okorera	1
duedon	1
mammaru	1
kowensanni	1
aworeni	1
owaabaa	1
saakwabaa	1
santwine	1
akramin	1
biban	1
hunuaa	1
nonnoo	1
waraa	1
homema	1
wowironman	1
dankaran	1
madoka	1
ahemme	1
lunni	1
gyano	1
awaebera	1
mmaboko	1
odisea	1
wawura	1
nufasa	1
tonosama	1
anoanyam	1
daran	1
shano	1
maansahwinoo	1
ninyan	1
antoaa	1
bewakoofi	1
annea	1
atatam	1
sehwan	1
amiannaa	1
baroo	1
andira	1
wankonko	1
wowuma	1
abondante	1
abondino	1
abonse	1
sabakuu	1
nkabinka	1
abende	1
seesea	1
suubi	1
ahowoso	1
saabui	1
maantwiwaa	1
sunnyandemma	1
saapua	1
sodafom	1
komanna	1
adahada	1
berempomaa	1
nataho	1
ankankam	1
ankaankam	1
mufutan	1
saenka	1
preberi	1
anisaa	1
demukuse	1
mahya	1
ataam	1
nyankandi	1
wasam	1
kasarintie	1
mubenum	1
murusankokuma	1
akabaa	1
kesiamanua	1
entiendi	1
kennemore	1
kararu	1
towie	1
tinaha	1
twuua	1
kayina	1
babanni	1
moaam	1
sennipaa	1
bidwan	1
pafi	1
obedaem	1
serekubea	1
wantano	1
korinte	1
afooda	1
yaabenewaa	1
mofraa	1
hoore	1
kaenni	1
shempo	1
fikrada	1
nsukyetoam	1
woanwaremea	1
fenasin	1
anokyewaaba	1
medete	1
adomi	1
nyinni	1
yonyae	1
medero	1
mfoman	1
burada	1
tikenenkenen	1
gyabidea	1
tamron	1
nwise	1
antapani	1
abonnen	1
nkontwima	1
akomoa	1
nsepa	1
kabukuru	1
madure	1
dayemu	1
biatoo	1
sweetin	1
katuwan	1
ananie	1
anandia	1
mamorinuku	1
sidorowa	1
nwansan	1
mmumu	1
asarease	1
nnaeem	1
nakwaha	1
sorinnaa	1
yasara	1
senuraa	1
fuwarufuwareba	1
afote	1
wibae	1
wamman	1
bowuwu	1
krowan	1
adanadurumu	1
wubian	1
sisaa	1
maamekyi	1
bikia	1
memoro	1
wennoo	1
luburu	1
lufiani	1
wamin	1
ataameru	1
bebebi	1
asento	1
yokubari	1
beduanne	1
huikwan	1
simfomania	1
nwahara	1
presetoo	1
nnurohwam	1
mehwu	1
abayomo	1
toriaeba	1
nyawanya	1
patoro	1
huanua	1
nkuha	1
nomane	1
dahyi	1
timorese	1
mekato	1
badeea	1
ayibaebi	1
bakyaku	1
ananyabasu	1
yamawuta	1
ofoma	1
nadinnaa	1
nnabama	1
yawanto	1
yahaa	1
ntetewe	1
bekasaa	1
anakaa	1
wowoho	1
aseteru	1
kamari	1
badapayi	1
amedayia	1
ntranni	1
kotaba	1
aboron	1
adwada	1
bokya	1
edurowura	1
awodita	1
funkade	1
mukya	1
awikenewe	1
yamasa	1
nnendi	1
sensoo	1
wunma	1
nntan	1
behon	1
hoyato	1
masase	1
nnakwansere	1
mamapapa	1
godwari	1
naesika	1
monapa	1
shyemma	1
suaka	1
wonkuto	1
nkuraru	1
sieraa	1
wokokura	1
oyinmo	1
akwadawesoaamakye	1
musekaesu	1
sasano	1
anaan	1
titite	1
mmahyi	1
tutan	1
mmanyana	1
mmakuwa	1
hosometa	1
yakam	1
mmoore	1
mmolina	1
kwese	1
saanwaro	1
mamason	1
baesite	1
kananana	1
metamora	1
anyanko	1
mapamu	1
sumiati	1
anmum	1
entete	1
woretaa	1
mawuso	1
kotuwoo	1
proman	1
ananso	1
katere	1
gokuraku	1
yankaa	1
anwummire	1
wadwan	1
tubekyo	1
maroo	1
kumabea	1
akapa	1
waahea	1
tempa	1
akadana	1
bankama	1
enesum	1
maafu	1
shitoro	1
womuna	1
kaawaawi	1
obika	1
mamama	1
pannone	1
mmammu	1
akwanma	1
ammonsoase	1
okeene	1
burin	1
nahomnufi	1
nawarin	1
koosutaa	1
tufohen	1
odakura	1
polisu	1
aberesa	1
sontidua	1
nkwaram	1
nkwamra	1
sabani	1
abasuapayin	1
abasuakuma	1
abasua	1
furikaeru	1
widebeam	1
mmise	1
kawarabi	1
hotwom	1
babaya	1
sakui	1
nurae	1
fundaa	1
mmna	1
adamfata	1
aposeri	1
anoro	1
sitaru	1
abuui	1
belina	1
sreaa	1
yamanani	1
taroona	1
susomoyo	1
homebibi	1
moretete	1
amenda	1
berease	1
maasoom	1
asieho	1
wiaman	1
nakudosu	1
obasa	1
manewosuru	1
bonkasa	1
anabenya	1
wasuremasu	1
anndan	1
drede	1
seduse	1
homehye	1
akyese	1
sisonka	1
huikari	1
anekye	1
sannka	1
efeesa	1
edinamde	1
tenenku	1
dewasom	1
abatato	1
meneara	1
nkotonkoto	1
nsiti	1
adiwu	1
oyarebu	1
ananoo	1
tosin	1
poato	1
ampana	1
nhantam	1
sarante	1
akosuayebua	1
tawara	1
oyawumi	1
anahoni	1
yoewono	1
nnemedu	1
simforosa	1
huuwaa	1
atakan	1
yosafata	1
binne	1
trawom	1
tanweeho	1
twafaa	1
asoon	1
taanda	1
kumiawasete	1
oduamani	1
nowene	1
betasom	1
kranke	1
kuban	1
obapa	1
momomokan	1
mfeaam	1
amparo	1
fidimpresa	1
saresa	1
nneena	1
nnenae	1
naenne	1
shomi	1
haadamaren	1
frasera	1
nononononononno	1
morokosian	1
dumaan	1
maheesan	1
awaawi	1
warintraa	1
afraya	1
nkosa	1
goanna	1
maharo	1
bufata	1
baabura	1
anokane	1
weeam	1
densoa	1
mantora	1
kusakura	1
nuammasa	1
konure	1
hooru	1
semin	1
matumoto	1
annene	1
ennaen	1
nnaene	1
naneen	1
akwabea	1
animname	1
aduayi	1
danue	1
akoama	1
wokyaa	1
manonkaa	1
subu	1
ahada	1
haraya	1
mebaabi	1
tukimakuru	1
kentan	1
kumui	1
atonto	1
baaburaa	1
marikoo	1
mansoane	1
twinmom	1
asaadino	1
kendem	1
ameritrade	1
adawoman	1
annmarie	1
tenebi	1
kenodi	1
binuhatan	1
yoham	1
adurukan	1
nnkyi	1
honomekasete	1
ntimden	1
adwumade	1
dreame	1
saabian	1
owurawura	1
abeano	1
muture	1
nokuku	1
koroniaru	1
baaso	1
mayene	1
nhinuu	1
prewudi	1
twutwu	1
ammfoto	1
twato	1
nyeha	1
yankotoa	1
abandindi	1
momawode	1
kwabean	1
prawoto	1
abosera	1
timaya	1
siafoo	1
dutasenaa	1
ewuakye	1
menike	1
wanwankan	1
mommoroo	1
anitime	1
efisiesie	1
montrose	1
wubeko	1
awokan	1
aduanaa	1
anyannya	1
breneman	1
nkwakwe	1
sofoline	1
tintota	1
kwaataa	1
funawesome	1
nenom	1
gokasanso	1
yomawari	1
ahokan	1
pomodoro	1
dakuu	1
sianni	1
awunu	1
tetrano	1
afian	1
mayeri	1
ankaman	1
monawisa	1
newadaaba	1
weeti	1
swinnaa	1
teranie	1
hayoo	1
ahiba	1
dansuru	1
enkodere	1
akedabi	1
kuko	1
soosu	1
abonsuaso	1
akrofoso	1
nkwasiaa	1
murukan	1
branaa	1
swike	1
nnsomaa	1
wanyam	1
momfendom	1
osorie	1
goonko	1
osika	1
sintintrede	1
sinwom	1
kwarowu	1
edunya	1
obudowa	1
akisora	1
bisanu	1
obikidasu	1
noaaen	1
takemoto	1
nyamfaso	1
teboon	1
sintomi	1
koruma	1
wuwenkui	1
boneea	1
kakoyi	1
wandayase	1
kenyaware	1
haraeba	1
sutekina	1
entwire	1
anubien	1
sanyo	1
kwanna	1
homekade	1
senyam	1
keese	1
nnito	1
shakram	1
wonsesa	1
wantuno	1
tuikua	1
obedodawu	1
tiete	1
fieataa	1
animekimi	1
senokasa	1
homeaare	1
yammedi	1
weapona	1
boafoamoako	1
mmranini	1
ahomi	1
wabeno	1
atentan	1
selaa	1
suem	1
ammepude	1
debaene	1
tokra	1
papakunu	1
monaato	1
denen	1
mmeaso	1
krien	1
hamanamana	1
aketekyewa	1
binnenin	1
nerekwaawi	1
nakwaawi	1
tanoo	1
semoata	1
yaham	1
abawiatia	1
berara	1
anatoro	1
pantoro	1
baankanom	1
anandipaa	1
bosum	1
sayaanaa	1
nafana	1
sabumi	1
furaku	1
ammonito	1
baboaa	1
okunko	1
sorone	1
sosuri	1
kokontie	1
newuna	1
homedi	1
demode	1
manufofin	1
adankadan	1
akaseka	1
tiere	1
ahankoon	1
okaya	1
abomiti	1
nidan	1
edito	1
afisaa	1
katelin	1
nosoma	1
neeka	1
wooase	1
premaa	1
nindia	1
wodoam	1
twosie	1
kutabireta	1
asuroa	1
mapaase	1
atwoo	1
akuin	1
konseri	1
nininua	1
obiaduru	1
awahame	1
goha	1
gyamakye	1
asitane	1
danwude	1
pohode	1
kwabanna	1
sofiarani	1
botosani	1
ahwae	1
motenasu	1
hasam	1
nayika	1
nnenasa	1
mfredata	1
winneso	1
tadema	1
naforo	1
kuiru	1
huton	1
animeboa	1
hunsom	1
momeeno	1
bunkusie	1
ennawu	1
futumi	1
sekyibea	1
obaata	1
woyemame	1
afiwaa	1
ofiwa	1
mmenya	1
tietokoneeseen	1
mamamma	1
borodino	1
kokwanto	1
wansua	1
nakin	1
ahooma	1
meboda	1
nkandie	1
oyia	1
telia	1
wohomumu	1
afetina	1
afetiana	1
afetean	1
ofetian	1
nntabaa	1
nnakra	1
ntehem	1
abodum	1
moonsamdi	1
atinadisima	1
samaanaa	1
noya	1
naawe	1
satano	1
awutui	1
nide	1
kowawaa	1
brannan	1
tekoma	1
atrata	1
nyameadom	1
feare	1
mareka	1
adidipono	1
weebean	1
shinderera	1
mpuru	1
karinaboese	1
batisam	1
anewu	1
mokotan	1
woadum	1
nuuma	1
wusansui	1
tadaana	1
susuwatoro	1
sepase	1
senkyiem	1
nakasama	1
sitewise	1
nsayin	1
somro	1
atotoawe	1
wenae	1
wenaea	1
tokuten	1
matowasete	1
wanuha	1
tanwaa	1
afawi	1
wudaku	1
saatam	1
amrutam	1
kaeni	1
dasoa	1
wuiri	1
antekwa	1
ammatin	1
neesim	1
kawine	1
nenabarima	1
hamaku	1
poyewu	1
pokrasonye	1
adaponnu	1
denkaban	1
obare	1
ntebeho	1
wieaa	1
mpunam	1
sohyi	1
nkosuahemaa	1
shewu	1
tekram	1
metronom	1
okonkwu	1
kayam	1
monkwe	1
katosuro	1
bisora	1
nakatarima	1
meatoto	1
yabedin	1
abosiam	1
baawara	1
kwakwani	1
yosemi	1
owuno	1
enmeea	1
ntwenka	1
baronni	1
kunem	1
neededu	1
adewira	1
susure	1
mominaan	1
bipo	1
anuamadi	1
mosimo	1
ansaru	1
mmfoto	1
berahino	1
menyelam	1
hooten	1
asaakuraa	1
huawu	1
danaan	1
osusuansa	1
nwena	1
shabaa	1
anonkaa	1
fewuse	1
kaakimehye	1
nketeawa	1
nnuanekorabea	1
nkurasesemnu	1
manamana	1
saamaru	1
mforooa	1
howen	1
bohoma	1
wiesen	1
amdemariam	1
gyeeson	1
mamone	1
hamfara	1
huitoto	1
nwamu	1
wowikan	1
anuture	1
hosuwan	1
yamase	1
bonneka	1
wuradu	1
bemanabedu	1
borebi	1
todayiam	1
akewatase	1
metakyase	1
soaran	1
nedufofi	1
tiani	1
basabasaa	1
ntabakamu	1
shosa	1
nimeka	1
motora	1
afrakuma	1
nakabeni	1
semokwan	1
karuta	1
watina	1
makromomo	1
poaapoaa	1
marinahon	1
maramahon	1
wokawa	1
mewia	1
samoannofoa	1
bankede	1
wuntrade	1
swiside	1
atunka	1
yoton	1
kenwebidaa	1
sonmi	1
ofufa	1
afofu	1
senntaku	1
adamunutoa	1
barimarima	1
adunka	1
tumua	1
koerunda	1
wotoman	1
nekomota	1
ayinababa	1
basutabu	1
serien	1
kuronyankotan	1
kasakom	1
soriano	1
wamen	1
aboam	1
nsuso	1
munanso	1
komandoo	1
annehanyen	1
tapahonso	1
andabi	1
danom	1
amasasete	1
nonnine	1
biwim	1
yonderu	1
hannahwade	1
winea	1
ahianyo	1
wahyire	1
kurusisa	1
taraano	1
asasaa	1
debenture	1
bontata	1
nkebo	1
yamasemi	1
karaaho	1
afranaa	1
wanokuni	1
nwatinti	1
homeroman	1
potene	1
deaae	1
ahyesiam	1
afroyin	1
afronti	1
obanwoman	1
tanamason	1
bereman	1
atodaso	1
nnekwame	1
denwada	1
tommu	1
mankununu	1
afinidade	1
botare	1
tweakwi	1
babakura	1
wakwakwakwa	1
etenim	1
abododa	1
susumanakya	1
ahiayem	1
makwakwa	1
wubeta	1
luudua	1
akwete	1
tintelintim	1
ponu	1
suwareba	1
nimfomanko	1
awota	1
protokan	1
sikyewunda	1
mahoaa	1
kesudahannye	1
merontokan	1
nunkaa	1
bannu	1
saafin	1
wasururu	1
furakokoya	1
abakasa	1
krakyebarima	1
apridi	1
kwakuasam	1
worunuma	1
padwani	1
twiede	1
tokubetuhen	1
finnkino	1
kabotare	1
mediapunta	1
sandwan	1
nuntaa	1
afieni	1
muuwumfia	1
ntawere	1
ansokubi	1
tinure	1
nwakanma	1
okasama	1
sinkron	1
sisen	1
baaramma	1
awandi	1
antisakuraa	1
yomiton	1
menaam	1
moanne	1
samrawaa	1
annaano	1
taarinya	1
abusase	1
ofiwowaawofi	1
fusam	1
abeebi	1
abini	1
bitise	1
afaewi	1
wowea	1
monayehia	1
nwako	1
nnemoa	1
benkyema	1
matabae	1
hofolafa	1
nasese	1
drankokoro	1
mareesa	1
bonkode	1
deenna	1
woayase	1
anditan	1
afakwu	1
obohemma	1
korasom	1
agyarekrom	1
yowasete	1
mfumadi	1
sakie	1
muurinaho	1
krisanaa	1
kruba	1
huwataa	1
poaapaa	1
nanapokra	1
tohori	1
enaase	1
simfonya	1
wusome	1
yanwaa	1
efase	1
benaa	1
edawoso	1
tatasete	1
yatim	1
biaani	1
nsonatan	1
danase	1
sandesaa	1
awesimre	1
soara	1
nwasokwa	1
gokasa	1
asumiaka	1
wenyim	1
woedem	1
nataban	1
meriweaa	1
sekawan	1
papaadi	1
hominem	1
metedora	1
obiammo	1
wamaere	1
buusu	1
ntehyewanini	1
kwadede	1
edesa	1
sakraye	1
kuforidua	1
afoafoman	1
hammon	1
oyaho	1
kowarenya	1
deeha	1
enkonsoa	1
afumata	1
goaan	1
nusubesua	1
ahaba	1
yakisan	1
bonnibonnibon	1
brahyia	1
obaapapabi	1
nyameama	1
newaan	1
shiduru	1
tandaa	1
akyikyisu	1
apoawui	1
gofu	1
motemakuru	1
nninyeniba	1
atuba	1
bunito	1
ahyati	1
sanonkoma	1
neahosuo	1
maanda	1
bebiwinwin	1
burusuto	1
afuaa	1
darikwa	1
bayam	1
sramota	1
yawamamiwam	1
tondano	1
nwarea	1
akikwan	1
buho	1
kanoda	1
korone	1
twoma	1
bonoko	1
sunnie	1
soaae	1
annaankora	1
abinkyi	1
okarina	1
amamaa	1
branni	1
anyanku	1
kuudi	1
nepoata	1
openwetware	1
twinsaa	1
torontotonto	1
kabikra	1
nnkehiahia	1
nerawa	1
printandi	1
parinti	1
towari	1
kaaeaa	1
akyasan	1
merennka	1
predem	1
nummentie	1
mahetem	1
sarasam	1
akinwui	1
shitayo	1
siroya	1
aduran	1
woanuabo	1
adason	1
masayasu	1
somaforo	1
ansahon	1
anandaa	1
nasui	1
boyare	1
nwunaa	1
ananwu	1
nuawan	1
ogyata	1
babumaa	1
baabayam	1
mmuito	1
mufidababa	1
akenakya	1
anenya	1
tebakyakowa	1
odaran	1
kotonoha	1
surada	1
widididaa	1
tikwan	1
oduduru	1
mareedi	1
afowaa	1
banneni	1
masomo	1
baradu	1
wanakodoaa	1
boatwomen	1
nokita	1
gokyo	1
winnson	1
wadiaa	1
samayowase	1
wakomam	1
naae	1
twowu	1
nabase	1
nabaesa	1
hoaraa	1
womforapon	1
munnin	1
poonkwan	1
siriwimon	1
nyatra	1
katrabaho	1
takamete	1
wurada	1
wannam	1
honokuu	1
somani	1
twerepon	1
tewe	1
nnandan	1
kasianenko	1
amuahia	1
sredi	1
mfedosa	1
mfedaso	1
ntebi	1
agyamfuaa	1
hoase	1
sawari	1
nnatasa	1
morire	1
parintintim	1
aduanayam	1
nketo	1
dafare	1
bowani	1
oguni	1
demprooro	1
obideaba	1
adampae	1
sandia	1
moresada	1
manurewa	1
sirikwa	1
enyoma	1
mmenten	1
nyinnin	1
sannasa	1
mmaasera	1
papatanom	1
abadwemma	1
afrike	1
atemfea	1
finantare	1
eworadi	1
basita	1
awosime	1
anonomi	1
boyesen	1
nipae	1
porene	1
simfoma	1
akuira	1
ahearie	1
papen	1
niesom	1
sitaram	1
makware	1
fitumi	1
adindaa	1
tanima	1
shabanna	1
ayakokawasumi	1
nsuna	1
akwaman	1
sufa	1
kasaware	1
nyammi	1
kunsa	1
yayaaso	1
akyiban	1
antonyo	1
mamaso	1
nasara	1
apaara	1
wannasa	1
awaya	1
saratan	1
santwin	1
natori	1
hondu	1
soraruru	1
kwamiesua	1
enwasom	1
ammentaa	1
kabine	1
nnimi	1
noyawa	1
adise	1
asakuro	1
nninua	1
yadam	1
wabufufu	1
aniaworonko	1
karennyaan	1
ahenu	1
funwi	1
wakufu	1
soforo	1
susuaku	1
suram	1
yamaho	1
wannea	1
lusuasua	1
drewie	1
nasaru	1
sampo	1
makrima	1
nimeni	1
afonafon	1
noomaa	1
nidu	1
abeasa	1
akweson	1
nowon	1
nafea	1
wiroto	1
asafoofi	1
musaamo	1
wodaakye	1
shimata	1
ankasoto	1
bidawia	1
asianasian	1
nninwi	1
mmeha	1
bereto	1
mowaa	1
sawikwan	1
sinasa	1
werempehene	1
asente	1
paadui	1
bosusan	1
awafuru	1
tretaa	1
tawe	1
tamudaya	1
deema	1
obidie	1
mewanoma	1
wannafakye	1
adanama	1
amakukaru	1
bibiase	1
wadannan	1
kooka	1
nkere	1
brakasa	1
kataho	1
kasadikataho	1
sinnamon	1
kodwareakyire	1
tafari	1
wonyie	1
woere	1
tokone	1
tabone	1
tekona	1
mabaamedi	1
pritam	1
nowinowa	1
obiarabiara	1
susuwe	1
sahomam	1
yaata	1
yabama	1
anaaween	1
wikisitaati	1
boem	1
sooma	1
fuubi	1
egyaku	1
babuwe	1
tinasoa	1
nsonnson	1
medubi	1
afebeanomo	1
hantra	1
nwamma	1
fimfiera	1
poonakanni	1
wonkyiri	1
potri	1
montebeni	1
wonnkye	1
akworo	1
sorase	1
waten	1
namnasa	1
soliton	1
adiwoso	1
banufutaa	1
bakata	1
mammamayaa	1
medeanema	1
hukui	1
amanom	1
mateada	1
nadimekyi	1
wosuibianwanwan	1
teran	1
nammodu	1
madeam	1
taayi	1
asubuasu	1
nesie	1
neasuo	1
neasum	1
neasua	1
neasem	1
neasea	1
soreno	1
twinyam	1
womanom	1
bedini	1
tufia	1
sekororo	1
mandana	1
mamaafi	1
nonta	1
moneanaa	1
honkwan	1
korankyewa	1
timofeewa	1
mataam	1
nurikaete	1
ketika	1
modelito	1
akwase	1
bibiweebi	1
mondini	1
yondaan	1
kameredwe	1
monakoda	1
mankrite	1
neasui	1
neasuu	1
neasue	1
nkapasa	1
abanose	1
hometitan	1
woabesan	1
braten	1
enkwanta	1
munye	1
obianom	1
yankin	1
amforan	1
nonkansa	1
kwayera	1
shosuke	1
edwinni	1
akadwa	1
osako	1
kwasiasa	1
hohofofototo	1
britumi	1
nkanika	1
munabi	1
afadafa	1
nwanti	1
yayitaa	1
adwumadi	1
deduamni	1
sunoto	1
nyonyintono	1
kabura	1
opum	1
siripudaa	1
nanosa	1
shaakya	1
beeline	1
parodia	1
shinyan	1
hanakurafu	1
worotin	1
biabi	1
kokomuni	1
korie	1
swui	1
kwiatowa	1
tomokura	1
nokoreba	1
manowa	1
tasarim	1
krowu	1
wenu	1
homemmade	1
ofensu	1
sakina	1
fumie	1
annaboka	1
yohanna	1
akoaana	1
aboakyewaa	1
gyasebea	1
nyibia	1
fuue	1
moduofi	1
prenasam	1
wuwuwuu	1
saakya	1
tunsa	1
haneda	1
bebebaa	1
afekoman	1
obekyi	1
nebunu	1
denia	1
kantimpo	1
kabakoo	1
baeebi	1
tonkinson	1
sikyima	1
akomakom	1
okosase	1
kokata	1
sayama	1
obemin	1
nyomoase	1
nyinatiase	1
asawen	1
wonwiaa	1
matonkomane	1
ahenawa	1
webebu	1
abuseme	1
baansam	1
teronna	1
boan	1
samfredi	1
yotaro	1
anditiene	1
masanya	1
surisasu	1
webaam	1
wosuua	1
aduraa	1
matada	1
kwasika	1
sitaaron	1
bedwoman	1
sumoa	1
efrayi	1
temmam	1
ampunyase	1
wapen	1
wanwuda	1
mafote	1
obeneben	1
seliba	1
yanwan	1
nnarae	1
nnaram	1
medoa	1
ababuaababua	1
moawea	1
biasafada	1
beelike	1
meayi	1
hanamoto	1
sayakyi	1
komadu	1
kammamma	1
yasuhiro	1
selara	1
niriam	1
ahompo	1
tasunka	1
pokuru	1
nutrie	1
showunmi	1
wannunu	1
yabikide	1
tweakram	1
nakapaa	1
webuda	1
musubareru	1
katedoraru	1
adamfu	1
wanuae	1
sraafa	1
odonto	1
ofataa	1
anirena	1
feminisim	1
anketo	1
nwabisam	1
hoenkan	1
nonwowen	1
yakoko	1
aboahenmaa	1
boahenmaa	1
monsea	1
kwakwaso	1
yannie	1
solin	1
duumu	1
afanase	1
nkawaa	1
kanwaa	1
tanua	1
asikubi	1
hubaen	1
adewummi	1
annasoro	1
meneem	1
mahito	1
detofi	1
morotedori	1
naadae	1
ntarudi	1
lusina	1
anantara	1
nkaan	1
baaponkye	1
mutufu	1
yonkwa	1
saawaan	1
maruwa	1
warawareru	1
semite	1
nkemakolam	1
futurewoman	1
ninininini	1
asimmia	1
afredi	1
maameadofowaa	1
adofowaa	1
sohenya	1
wasia	1
mmantra	1
osayen	1
beraso	1
bonkie	1
tosu	1
wakokoro	1
asuano	1
asuabua	1
antwonne	1
obaapaayisa	1
baeku	1
satoo	1
nkison	1
atenta	1
mayianna	1
deehan	1
biribiribanda	1
biribiribindi	1
sunyam	1
owarasetae	1
ennuaa	1
mammumammu	1
muataa	1
enoko	1
toliko	1
akwafoa	1
kamri	1
kaarosu	1
wansumoa	1
teraseba	1
asawum	1
mmuameno	1
deasa	1
dunton	1
bimirem	1
beekawa	1
maheno	1
okumayi	1
antanea	1
bunten	1
afeasen	1
afearan	1
semitentum	1
adapatare	1
afotunya	1
lunasa	1
makomase	1
hunse	1
somie	1
pafumi	1
ntwu	1
hyate	1
nedea	1
afonnom	1
abayom	1
brienno	1
adensa	1
komakomama	1
awieakata	1
aseban	1
akrabia	1
sunnsom	1
yayeri	1
fesam	1
kotaenakute	1
afemma	1
yonku	1
mantro	1
beade	1
kawuruda	1
maeni	1
taansu	1
witabea	1
gonosoo	1
bahasa	1
kenkasa	1
nwaro	1
maesa	1
nemikone	1
mfraase	1
soroom	1
ahomme	1
mokomu	1
shwofoo	1
tatanano	1
harukidesu	1
haesuse	1
kuwaawaa	1
owaresete	1
owaka	1
gooyi	1
aferawien	1
nkwaha	1
nuame	1
denkoro	1
karusome	1
ahinte	1
yabikare	1
baduabenakwakyiwa	1
showabena	1
kadimimi	1
demeetra	1
bamamoma	1
huaputa	1
makoyi	1
damana	1
hummam	1
bebooka	1
tamfon	1
dekadansu	1
keliru	1
kadumi	1
yowawa	1
makawe	1
desutoro	1
moonya	1
apatin	1
hwadu	1
akyeayam	1
sotowuom	1
wotuom	1
nkonimde	1
yofu	1
kaama	1
nankato	1
niawa	1
gyakufuu	1
mmerie	1
pokaa	1
asenwan	1
tahasin	1
wubibianma	1
danookyere	1
banofoto	1
okowa	1
karenwan	1
samanya	1
yawahada	1
featwe	1
anoama	1
nkwoman	1
mesasam	1
kababayan	1
enkabomo	1
awaete	1
sikete	1
barinyi	1
amdidi	1
anubea	1
beamenno	1
kraabo	1
antara	1
femmene	1
obireku	1
hwenu	1
enyirese	1
mebabu	1
nwero	1
bromm	1
afosoafoso	1
mmrasua	1
endaria	1
okodia	1
netwe	1
tewen	1
aboakram	1
paadindi	1
amawaa	1
kakuaa	1
mawuu	1
tabaperi	1
maemi	1
darara	1
amukura	1
naria	1
mokarabia	1
nkuraasedan	1
sewuese	1
wasurarenu	1
bayanu	1
prato	1
moonware	1
noabi	1
medanmie	1
sawara	1
kafata	1
agunka	1
mekua	1
karenkan	1
tuwaru	1
dron	1
edidiamu	1
dafam	1
anankware	1
tetuanui	1
asedewasae	1
maarum	1
nuare	1
betodwa	1
nkayebo	1
atoraye	1
annabanana	1
senyamannya	1
babuu	1
owaae	1
asiwaa	1
sanduan	1
sannenkan	1
bikina	1
nimehye	1
fidelina	1
adelayi	1
wuhom	1
wannwaa	1
munapaa	1
huum	1
sasenakya	1
kantinnya	1
korasimeru	1
fiammaabi	1
wamm	1
mehebuban	1
taapan	1
sonokuse	1
terunante	1
afrokwabena	1
oboku	1
afrem	1
etiene	1
awonyera	1
twedeampon	1
kasayama	1
wontoro	1
shwekayin	1
afuie	1
moodi	1
adowoa	1
hammadi	1
adweta	1
birina	1
gyafadum	1
duoasoa	1
satose	1
bitomare	1
pakui	1
mooto	1
buayen	1
korine	1
moamre	1
okwom	1
mandaya	1
asarebedi	1
tibea	1
howita	1
nunduti	1
asomdwi	1
nsiko	1
maseeha	1
baaremaa	1
tammikuu	1
nankatie	1
soretomo	1
derekware	1
hasenua	1
oyasama	1
atatuu	1
fibaa	1
yabum	1
tabusam	1
maakyo	1
wonokromo	1
wumpatua	1
danodom	1
mafuamfu	1
wewaa	1
patranya	1
mmfum	1
awoowan	1
brene	1
homekaaboo	1
nyiniaa	1
wasuna	1
adapatoare	1
kwiawaa	1
tukaa	1
suron	1
belamo	1
osumo	1
abokwam	1
nwakibie	1
femmi	1
asoan	1
timmu	1
abakire	1
binahari	1
fumeba	1
kuseda	1
mamakwaaba	1
hamaara	1
abankwoni	1
lumme	1
sentensu	1
babeare	1
akasahoma	1
tinkyi	1
tamebesua	1
hosenkan	1
nwaresume	1
manine	1
adiwe	1
adeson	1
gyankoma	1
prasoon	1
womae	1
sukri	1
bufon	1
bufonom	1
sukohene	1
yarewi	1
hasoru	1
shoona	1
atitie	1
franni	1
anduru	1
muinyaa	1
atampaya	1
wantuma	1
akuraakuma	1
numakura	1
wamato	1
natwan	1
fitan	1
suruati	1
adukwame	1
akwanwa	1
nkayam	1
sokaa	1
menyanyi	1
nsunka	1
tarui	1
ahantansu	1
karum	1
adakoo	1
apresuro	1
haesam	1
nnaemekaram	1
wantea	1
brande	1
manorom	1
hoebabuaa	1
dasea	1
sorohon	1
lubiam	1
homenonni	1
saaria	1
sodara	1
asaedi	1
surunante	1
afonea	1
norudayoru	1
baaria	1
takiro	1
nemokrati	1
sennkyo	1
tatameba	1
bariatiaa	1
nkoyam	1
nwanuforoa	1
nwonuforo	1
nhyieaso	1
nuuawi	1
desumana	1
wababawere	1
ataha	1
nisuoani	1
amabinsin	1
ewuemma	1
abonara	1
nnebebum	1
bedianko	1
afiammaa	1
takoman	1
aniebitie	1
bunyamin	1
driton	1
maaesa	1
mmeme	1
kompaso	1
tadora	1
paapapaapa	1
ahwimdi	1
hwimdi	1
lunnom	1
gyami	1
nsemiwe	1
abesaa	1
obesa	1
wufuwufu	1
nwanufroo	1
sikaruusu	1
hwese	1
boyakete	1
wonkodia	1
kasawa	1
neamaa	1
wiarae	1
ahenkofi	1
mapemfi	1
ankrakwanto	1
makaafi	1
tweten	1
amoahwontumi	1
sinamon	1
awumnae	1
tonyin	1
yankyaa	1
sumiranwa	1
yanon	1
bradaa	1
etieti	1
saayo	1
anahita	1
mesam	1
musonka	1
honkon	1
drewuaa	1
afedia	1
ofedi	1
amponwinwin	1
afetian	1
adonya	1
tiawara	1
maneenaa	1
abaraa	1
notabu	1
ademo	1
oboreteku	1
ahinda	1
homoe	1
weewu	1
nyantekyie	1
katoenen	1
keapara	1
wansanwen	1
homekoko	1
nokre	1
maanyata	1
wibesite	1
wuwuwuuwuwuuwu	1
simpre	1
akomantoso	1
nkwatem	1
nkwakrom	1
furafuraa	1
treen	1
datia	1
wakabaa	1
norikoerareru	1
afekyamini	1
bekuru	1
bikuru	1
seasam	1
suusu	1
akatri	1
ofukuru	1
awareremu	1
sampuu	1
bokurawa	1
tennon	1
hayo	1
ayiaa	1
abonamen	1
odikadoo	1
tanwon	1
moarunaa	1
abondase	1
abondare	1
seremm	1
nodinite	1
nwaam	1
akrofurom	1
sensoa	1
atoyan	1
kenno	1
nannakya	1
obunso	1
deense	1
ampukaa	1
woroda	1
wenweema	1
somebari	1
ankaako	1
fusu	1
akwaabadwon	1
boyaketeru	1
susufaa	1
odubedi	1
kotabumi	1
ansuarede	1
dekyem	1
owakon	1
dumam	1
wumama	1
taaweran	1
monuu	1
hwaaban	1
sarue	1
eguia	1
mfiara	1
melito	1
kenyaan	1
sowubana	1
butie	1
naniba	1
noawebusuta	1
noawebusutaa	1
memdi	1
safowaanana	1
wufayeme	1
monkoe	1
obeta	1
bredon	1
dufu	1
abokraa	1
kwoma	1
mmaaman	1
mpano	1
trofea	1
ahinase	1
afitoforo	1
nanawua	1
tudumi	1
aboaran	1
okapuu	1
mandem	1
nnaaso	1
paboo	1
mamumfimmo	1
afiato	1
nominte	1
boakuu	1
menyabo	1
numminen	1
wunsiesie	1
freewine	1
sekomo	1
ahisu	1
betita	1
abine	1
swandiwe	1
adohomaa	1
tetonka	1
sesamo	1
efekoro	1
beroro	1
desoto	1
sayim	1
aseteta	1
napan	1
nnaetoo	1
gyesiwaa	1
hakanasa	1
meritam	1
kamaru	1
maanasika	1
boaame	1
afrikye	1
furandaasu	1
annaban	1
gyansu	1
nakose	1
meneri	1
nhamo	1
brentwin	1
nafiri	1
kurara	1
wubebubu	1
konotabi	1
mesude	1
pasate	1
mantemankabi	1
katakyiase	1
bibiako	1
akarawin	1
suho	1
monnoo	1
sanoota	1
twamo	1
huabi	1
wondosen	1
harewan	1
nebusoku	1
efoto	1
nebeate	1
gyosa	1
handan	1
akonwu	1
wusumo	1
ayewam	1
atatia	1
edikon	1
saebi	1
nnapo	1
makamin	1
amayadori	1
fuufuseason	1
homomannen	1
tanokofikro	1
watanom	1
amansoo	1
opaman	1
amadia	1
adedasu	1
boawi	1
werukamu	1
yankura	1
ennanda	1
obaapaa	1
opada	1
birinyamaa	1
fibere	1
awowede	1
paradisua	1
kasumasete	1
afrikadaa	1
bitom	1
mawuenya	1
bonanawere	1
beteni	1
yosuda	1
asutoraea	1
deduam	1
ansuare	1
haataa	1
yaranno	1
komandu	1
mawoo	1
nomasete	1
nwomo	1
wonyonko	1
suwanaa	1
darian	1
ahoraho	1
dakyi	1
akusesu	1
bokaa	1
pawaraa	1
woreta	1
nakota	1
wahaha	1
kuromaku	1
moammaa	1
sammiwu	1
suwawa	1
naraeba	1
boniaya	1
murom	1
ahano	1
naaho	1
mmufon	1
mmufoe	1
mmufoa	1
hasanin	1
triedaa	1
katianne	1
tinwoman	1
adanwiso	1
nanomam	1
nkookie	1
pronie	1
fuera	1
durera	1
shineba	1
babanda	1
entitie	1
shataabi	1
mekasabam	1
asamoore	1
saabim	1
kamanda	1
ahanonyan	1
swukom	1
hodata	1
edenyin	1
shantaa	1
bonnea	1
nkotum	1
nunorosa	1
kontera	1
ahyini	1
motorowe	1
kehon	1
kehononni	1
pampanapanaa	1
hature	1
maturenya	1
nkwankwanua	1
asayam	1
bedue	1
mowin	1
mammekwa	1
akrakye	1
siripani	1
bedino	1
teaseteaseteaseteaseteaseteaseteaseteaseteaseteaseteaseteaseteasetease	1
sinkasa	1
maboaso	1
nakedwomen	1
sirindi	1
adurabaa	1
andom	1
drunya	1
huayin	1
sekyikofi	1
asomase	1
obuku	1
woyinwosese	1
teebabaa	1
akuraseniba	1
nokose	1
bankare	1
moemfie	1
ameha	1
saredi	1
animusu	1
teemapaaku	1
bedaso	1
awakome	1
owuse	1
wabisaabi	1
depremde	1
nnoso	1
edumfa	1
nanditaa	1
yaapa	1
kontrofiwabodam	1
mehanataa	1
sakuradamon	1
awarude	1
awaremono	1
nanufoto	1
sabakyi	1
hapara	1
nuuri	1
wodakokosowa	1
gyewoo	1
hakuna	1
barawutwereka	1
nkaam	1
amfikrina	1
wokoaa	1
ammesere	1
mameme	1
nononononono	1
aburom	1
apresa	1
fiammeaa	1
afiaanyi	1
darari	1
betano	1
nawoanyano	1
anononom	1
aboheba	1
awise	1
tahin	1
karumasen	1
nsemfuno	1
biesen	1
afemie	1
tranman	1
debiase	1
brone	1
nyanwanme	1
sensae	1
babaane	1
akasakoa	1
sraapa	1
demikasa	1
odekanyin	1
wawawawa	1
awasia	1
sakrawan	1
mayabi	1
nibuaa	1
mebabi	1
wuhya	1
yahwu	1
nanaban	1
mmeriri	1
abiaram	1
mmafia	1
nunan	1
honanufi	1
horahora	1
poanta	1
nasake	1
nehoda	1
tunuu	1
oyenubi	1
nyiankye	1
wawanom	1
mabelae	1
wondewosen	1
depaye	1
wabufuo	1
hatase	1
porowini	1
abooreem	1
hakono	1
howam	1
muwen	1
akramana	1
woeesusu	1
kwoon	1
nonkan	1
mfune	1
maanke	1
adekraam	1
neaka	1
twonnia	1
protien	1
muahoasua	1
nhoem	1
amannda	1
musudan	1
atotori	1
suaani	1
ahenafi	1
karusia	1
koriko	1
anyaso	1
akintaro	1
atraaba	1
oforonanwa	1
patitaa	1
barababaraba	1
korosue	1
ahesaana	1
afewokri	1
yonnan	1
matinde	1
apuaa	1
nokoriba	1
atindi	1
sebennitaama	1
shiteda	1
tarikan	1
womanwinona	1
nikasa	1
katayi	1
dafarim	1
kokodi	1
adamaya	1
sotia	1
firon	1
sikaka	1
nkareku	1
awunmiri	1
hanamaru	1
asenu	1
lukasa	1
saera	1
wapude	1
hayama	1
lunakatrina	1
kubea	1
adaham	1
naayakaa	1
derebi	1
enika	1
huayi	1
wakasam	1
monare	1
naboe	1
nafisa	1
oyekuose	1
ayandare	1
paadi	1
atekyedu	1
swenyaa	1
annyaanam	1
menyaanam	1
aninima	1
akelaa	1
nseeme	1
nkaran	1
ankapatanka	1
masamune	1
owoda	1
akinwummi	1
nkatra	1
nnanya	1
sadewaa	1
nokri	1
ntabana	1
osesua	1
awowom	1
mpamofona	1
asemmasu	1
mekabu	1
kurome	1
adakateaa	1
annamarona	1
amasuno	1
madem	1
maawe	1
tebemisiwu	1
atayen	1
wababase	1
mokurenkan	1
moanoma	1
annakaraani	1
korori	1
antofi	1
motokaa	1
edono	1
waana	1
kanonnen	1
patroa	1
mankota	1
amduru	1
separera	1
paapaayi	1
banananaannana	1
aniniwaa	1
monyinyin	1
awosoase	1
egyiri	1
bituaa	1
awenasa	1
seham	1
noaen	1
sontra	1
oguma	1
sebisa	1
nudu	1
abonemma	1
tututuutuduu	1
dututuu	1
paatero	1
sohoni	1
kakidasu	1
mawuna	1
numnde	1
hayoa	1
bebomu	1
suabu	1
kaaboa	1
yoosoro	1
atowa	1
apowoam	1
katatedori	1
korankyenyame	1
webamfi	1
dafunda	1
edabi	1
nnayi	1
nwebie	1
adasika	1
egufoaae	1
prontoafeto	1
paansu	1
sareere	1
osumaa	1
atisuto	1
anisin	1
amien	1
amorowi	1
moteasonde	1
sunae	1
deewane	1
basebi	1
mmadison	1
betonware	1
biriri	1
amaririsuaa	1
beraninye	1
adehennaa	1
sukusu	1
abanaana	1
abiakam	1
dueru	1
nyaneba	1
mamabea	1
hadeko	1
sunyina	1
daakyie	1
gyaamea	1
gonnie	1
biankonera	1
nelabayi	1
abuafaso	1
honorowanom	1
mendakwasa	1
atwada	1
asedakwame	1
ntabaa	1
sasetem	1
duredi	1
ankoman	1
antri	1
nyinyim	1
potawea	1
soaaraa	1
okusen	1
soyadi	1
mesinnya	1
sikom	1
seturan	1
nanua	1
agyeke	1
okyekyere	1
sammua	1
mebaromfi	1
abohom	1
kaneda	1
lunumi	1
fibem	1
sunako	1
beeha	1
yohanesakwan	1
goedi	1
potataa	1
prurito	1
afason	1
wanabeamama	1
hawin	1
wonderen	1
kokonaan	1
abunasa	1
abisomfire	1
sisare	1
makaseruna	1
akafuri	1
asoyin	1
maayakura	1
daelim	1
ofro	1
patridi	1
atenu	1
yaamoa	1
ahosoa	1
natibenyam	1
sanan	1
tintoo	1
korenman	1
kameeni	1
ahinoa	1
nikia	1
buaban	1
munafiehome	1
mariadam	1
amasase	1
yatoa	1
pretoro	1
mamina	1
korutaru	1
amfatino	1
amfatoni	1
amfontia	1
suea	1
mannawan	1
watamori	1
nkoronto	1
asensa	1
nonda	1
teatime	1
wendin	1
feae	1
badante	1
saniadua	1
duante	1
hateni	1
yankoo	1
gyada	1
atafowa	1
abodu	1
dawen	1
beremame	1
madwonka	1
suikin	1
owuradu	1
anwuso	1
egyeta	1
bomeho	1
asonaban	1
gyewui	1
akyibin	1
seaware	1
nkyikyim	1
twennuruase	1
abadweneba	1
swedi	1
kenwin	1
sandira	1
badura	1
kakoe	1
fuoye	1
krena	1
sadae	1
amankwaha	1
amankwaaha	1
wantwofri	1
abokoa	1
mommammi	1
nikako	1
kofoworade	1
gooden	1
teraseru	1
makaano	1
fuarosa	1
tekenen	1
mabelawotwi	1
anaanawa	1
saromaa	1
anndoro	1
shinnwa	1
suwura	1
kodiman	1
agyamma	1
funtumnnade	1
wuudi	1
amri	1
asusua	1
tetona	1
kufuku	1
adelie	1
nasama	1
kaatua	1
kookyere	1
atelie	1
bisabo	1
akumi	1
amendapaseto	1
kakwan	1
kokemari	1
duusa	1
aketara	1
karikakra	1
kuwaaku	1
nandomo	1
teteben	1
mankyere	1
karabae	1
woweroo	1
adamoo	1
nweamo	1
baabike	1
yorimo	1
nikanyame	1
sikamma	1
karaan	1
pamfa	1
kwamfa	1
twamfa	1
namfa	1
momasore	1
koebi	1
kwike	1
tonin	1
masonson	1
apeman	1
watunu	1
okoawia	1
abiwene	1
wotapuri	1
mmununkum	1
akrowi	1
ahwiawom	1
wansono	1
maturen	1
medehanete	1
kanafoto	1
hohoanmo	1
napaayia	1
frowa	1
sabie	1
fuuko	1
tansom	1
podima	1
anukonnaa	1
weeduu	1
menason	1
lunahoo	1
hayiti	1
nwammuo	1
wannaebae	1
wuuiea	1
aduronia	1
sennaya	1
asokorehene	1
amantaresa	1
deben	1
fufurufa	1
sodere	1
denoon	1
deean	1
bibisakuraa	1
maadwen	1
bredaa	1
obidimma	1
tirohia	1
baabakyerewaa	1
nyemmewero	1
simototo	1
kabanaa	1
odunkwaa	1
suhendi	1
berebera	1
asomdwekrom	1
mohonto	1
mfuitwe	1
trima	1
melason	1
edwaedi	1
naresum	1
ansakura	1
obiaboadikwu	1
fewufu	1
twaeaa	1
apuakoronaan	1
koronaan	1
owusuakyem	1
wankodu	1
wowosan	1
kokoromi	1
ankanom	1
amuture	1
mennwe	1
lutunyaa	1
nidaye	1
dubibi	1
wikimoon	1
amotuu	1
mfurankunda	1
dunnahoo	1
awakasa	1
aboadon	1
osenni	1
mapato	1
amekadi	1
karaakasua	1
payina	1
ntinua	1
kabaabiani	1
okokyo	1
aboderin	1
mehotoro	1
nwanedi	1
tennue	1
montanom	1
berehem	1
maansoo	1
atofua	1
afoako	1
maamanam	1
kunadomono	1
kentaa	1
sonneni	1
panita	1
ampoforo	1
wankya	1
kanamari	1
karadinne	1
panaana	1
pampapaa	1
kaabannkuru	1
mantewu	1
nikin	1
nsadi	1
pooran	1
sankari	1
mukundaa	1
saesom	1
nemuin	1
annato	1
tabeteru	1
kusafiri	1
asadwoa	1
honkakoto	1
danwui	1
mubende	1
tepowin	1
bururewa	1
nufam	1
numdi	1
sakaseru	1
shababaa	1
wutra	1
kakomare	1
yonnin	1
tenaye	1
sebu	1
porin	1
kratiam	1
haakan	1
nimfen	1
newesam	1
tamera	1
deewam	1
lufia	1
waano	1
naheran	1
babiako	1
asamaniwa	1
kureteru	1
yamayose	1
karenkane	1
fitafie	1
pokunso	1
ankyiase	1
benenati	1
bookwise	1
kakare	1
mandin	1
seesam	1
mafontano	1
nkoayi	1
sotra	1
nweride	1
amamda	1
abonae	1
wanwanemma	1
nnwuramu	1
aboyo	1
kasantease	1
abinabo	1
moasoro	1
benyia	1
botoho	1
parea	1
wanyiri	1
wakamon	1
annaakana	1
nnemia	1
naasu	1
ofoweti	1
prakasa	1
swasan	1
brakwaku	1
makwaha	1
atoribewu	1
fetenoti	1
shimawa	1
woroso	1
nakarelate	1
mekuruto	1
asotwara	1
kapuaa	1
afufare	1
nnamurato	1
biawanna	1
babame	1
kukoyi	1
betana	1
atababaa	1
afrikiko	1
sumeba	1
babeka	1
hamani	1
munnaadi	1
tuiwu	1
menaye	1
kukui	1
denabo	1
tuure	1
mutuanti	1
brikamo	1
mfowenu	1
baeteni	1
yahira	1
nkabea	1
danirose	1
antunnaa	1
batuku	1
wannabeheroo	1
bisutorodetorowa	1
ponti	1
meharabaa	1
homemediaa	1
sutemasu	1
anahono	1
mayoeru	1
akofua	1
wonsabu	1
sofrito	1
bimpomaa	1
narimani	1
nariman	1
mempena	1
wakisam	1
hanwaa	1
shoda	1
abetenim	1
sonke	1
fehia	1
nisafotofoto	1
tuenti	1
tannwin	1
asuhon	1
tarawarebito	1
atuare	1
lufipofi	1
banneka	1
atakwa	1
nehwon	1
osehie	1
shinabaa	1
ninaruno	1
ayadi	1
homekasam	1
asuke	1
tekerema	1
adwinwu	1
tutuku	1
adukadaya	1
maboea	1
antanne	1
mpapamu	1
amaranwosu	1
papandi	1
afepasa	1
kontoromfi	1
torae	1
binyame	1
osinya	1
osoru	1
abomaa	1
akadannu	1
nesim	1
kaamdaani	1
manehem	1
ahotaku	1
benie	1
kwasari	1
abayan	1
akasakamamoru	1
maekaan	1
huenka	1
kotokyikyi	1
aduboahene	1
akomiwu	1
tanson	1
brandowa	1
twinkye	1
yasahisa	1
amarekaa	1
narabeta	1
mmoria	1
yarara	1
abelam	1
moteason	1
wannabean	1
asafomaame	1
buren	1
asianso	1
awarea	1
dutum	1
afiabisa	1
anema	1
atikunnisa	1
demena	1
soyemi	1
sibaa	1
adweso	1
mankene	1
ogyan	1
annankra	1
aboanini	1
niketan	1
ogyapa	1
yokanya	1
kadakwa	1
taakwa	1
mufapufa	1
porowata	1
ayinwafi	1
wannianwom	1
komforan	1
dataforo	1
wafawi	1
daruba	1
monyabonya	1
nhabi	1
entita	1
shintaa	1
asokyi	1
medisa	1
nnode	1
nkwansuo	1
newara	1
afikomanafikoman	1
montiani	1
anyankwaa	1
awiahene	1
nnaaka	1
baafata	1
sumire	1
aduanehene	1
tebesa	1
trasom	1
wansome	1
newoman	1
suterusurodansu	1
anwanwade	1
ahonenoona	1
trufi	1
aneeba	1
koaamfi	1
nkumakuma	1
kumiawase	1
nadwa	1
braboo	1
homunkurusu	1
efebia	1
shankaa	1
dakarakoso	1
aduennafie	1
komeba	1
mannum	1
abuserea	1
yaanni	1
twuse	1
sonsa	1
finnan	1
annimari	1
binkosu	1
mfuti	1
dasonko	1
gyinapa	1
noyade	1
tuson	1
mfielani	1
lukaso	1
meaden	1
nuanua	1
mennimenni	1
taatam	1
asiedi	1
maroa	1
totoroo	1
seato	1
nikura	1
atomma	1
katwan	1
daemien	1
aniakwaa	1
duoduaa	1
nakatani	1
adedae	1
ponnaayi	1
moweta	1
nawoda	1
batien	1
tokoya	1
anayia	1
deram	1
ofarim	1
metelintie	1
sirimaa	1
serietotaa	1
patabea	1
abiento	1
katusin	1
nipepewu	1
fresiaa	1
sutetara	1
kateni	1
kumikoda	1
ayana	1
papanko	1
adwikanya	1
edinaabianka	1
bohem	1
kurabu	1
muaban	1
korinne	1
nadane	1
banneru	1
worawan	1
saenno	1
tayammum	1
nkomini	1
teresita	1
nadira	1
yaritomo	1
wumoe	1
anwanwadi	1
andika	1
yaato	1
kanuri	1
abatatase	1
hubaba	1
fiano	1
wipro	1
tamika	1
nkennanyerem	1
okonnafonino	1
abusuwa	1
nohohonko	1
nwiede	1
twima	1
sinema	1
nonoe	1
sikafoo	1
mamotuom	1
mananoya	1
kakodi	1
patiwua	1
matahene	1
korukunnaa	1
premae	1
nuinui	1
tofikru	1
sutori	1
merintonko	1
awunan	1
marakoko	1
sunsuu	1
antintie	1
nnonko	1
teaseanam	1
noria	1
hosuteru	1
kabitin	1
menyare	1
anukuraa	1
ntodiko	1
nuwemm	1
mfufutoma	1
nnmo	1
denyem	1
akaname	1
bedwuman	1
aminetie	1
motom	1
woramakuna	1
nyankoton	1
prenya	1
dataabase	1
batonse	1
amuwe	1
patua	1
poruba	1
kasafom	1
demmanawu	1
apaade	1
karinaamanwu	1
moerewa	1
kwanwu	1
sensuaa	1
yamam	1
lunawa	1
amnti	1
kaapen	1
kadoo	1
woabenya	1
sodomania	1
nnamandi	1
agyaku	1
timpoo	1
akwinasu	1
mehoyepaa	1
kabafi	1
wekwan	1
awanwafi	1
edewu	1
awakwakakaa	1
nyantakyiwan	1
mekati	1
samanate	1
koorasete	1
sironyanko	1
fidaawu	1
osemene	1
bibiane	1
yoneso	1
kamina	1
bannko	1
ahenkrono	1
neseti	1
nomoman	1
masomaso	1
tabokan	1
adwina	1
nokuu	1
yamera	1
nhose	1
nakutemo	1
sukuware	1
abatere	1
tinnikuru	1
bekede	1
yaboka	1
asianteen	1
nndueho	1
wunnoo	1
yoya	1
obieru	1
debae	1
mehema	1
abonoana	1
botwoo	1
memmebue	1
nikodem	1
daano	1
afoom	1
krea	1
konata	1
gosuke	1
okatan	1
moriri	1
anakwe	1
birame	1
bibiano	1
matowa	1
anabanua	1
monaforo	1
teroo	1
awesomehome	1
awuraabena	1
funtufunafu	1
mururu	1
batanua	1
deewaani	1
kwakoe	1
danim	1
antriko	1
kediri	1
tepam	1
ataana	1
nyankoman	1
barera	1
dubo	1
namonde	1
katreese	1
odoridasu	1
poraatam	1
nkose	1
adaraya	1
okue	1
benwahaba	1
neeri	1
haade	1
hwiba	1
semakin	1
mekatoro	1
sawade	1
ketentuan	1
komantan	1
boonsuwan	1
abunawasae	1
nsubi	1
manibabu	1
wotiam	1
abokuma	1
nusumidasu	1
sikadura	1
kaboonkum	1
abusia	1
paradaa	1
waketeta	1
nkonte	1
muui	1
nawu	1
masara	1
patadu	1
mareeaa	1
fukumimi	1
madukoro	1
nndui	1
homeadediwura	1
awonsa	1
sumiran	1
mahedi	1
wannabete	1
kunaedi	1
adisufi	1
akorekara	1
wawaawae	1
akasereba	1
nnaban	1
yohwan	1
mmonu	1
nnenaya	1
tebikae	1
mantuim	1
ahotare	1
homeku	1
nadwie	1
berepredi	1
wenyinyin	1
berie	1
gyidisom	1
detune	1
takwane	1
buona	1
afofaese	1
baeede	1
shomaa	1
seminare	1
wamnti	1
mmomapaam	1
ankaam	1
padani	1
pamekasan	1
adeninaa	1
kwiso	1
nhore	1
atotune	1
taatonka	1
odibi	1
efrim	1
amakrom	1
asuhyiae	1
mafora	1
sonuaa	1
afiare	1
kareese	1
hyien	1
nhommuasam	1
dannyansa	1
fruba	1
pafea	1
obiareri	1
dedini	1
asonansu	1
merewa	1
toapae	1
marewan	1
ahwanam	1
homahoma	1
homaman	1
kaaka	1
yosemitesam	1
babanini	1
makasere	1
takran	1
mendia	1
dabedaa	1
twansom	1
matarem	1
owuasu	1
nkolika	1
anamfam	1
metafore	1
sararibera	1
goae	1
nwudanaa	1
aniru	1
nasoni	1
edurui	1
okaasowa	1
furoen	1
makaampo	1
wakime	1
ayani	1
siannye	1
mamimoreno	1
andoke	1
fuwufu	1
adabiaa	1
moonu	1
mahatratra	1
aheeroo	1
adanodan	1
tanyaa	1
duapa	1
amuaa	1
wowin	1
debadaa	1
beretiaa	1
ahasen	1
fetia	1
beadwe	1
abannan	1
dekireba	1
kammie	1
baekyi	1
ahwahom	1
kwadwa	1
danidi	1
woweaa	1
atenmu	1
bawom	1
kamundi	1
munmane	1
nwabuani	1
satoriwoman	1
kumoko	1
yamnaa	1
okyereko	1
siabo	1
okrawa	1
kahwui	1
sahwan	1
depue	1
tebenae	1
andea	1
kwadwokesekurom	1
kutie	1
mawasare	1
adannataren	1
brintia	1
mokuromi	1
haadonaa	1
mfonmfon	1
wasuma	1
yonyon	1
ofirikyi	1
odowaa	1
potuto	1
hanabea	1
afotan	1
agyiriwa	1
wooku	1
hondi	1
sikomen	1
truwode	1
bimfi	1
waridasu	1
enkon	1
bintuni	1
awaresom	1
monnahan	1
lumma	1
memfia	1
wasimu	1
paadeda	1
agyatoyota	1
timmisoso	1
pome	1
wondwene	1
yakohene	1
animikwan	1
sarenna	1
koae	1
madinaa	1
nnamoo	1
simababuwe	1
adasaa	1
nnamuri	1
hyiani	1
kueba	1
abakomahemaa	1
akwoakwoa	1
timdi	1
nyankonyanko	1
naedaa	1
ntiwunka	1
ntoye	1
mensuram	1
meroa	1
nenenoro	1
ponanne	1
anokute	1
buaya	1
nisoku	1
nasaa	1
abofie	1
ofufufu	1
pahanaa	1
siriewa	1
adebusoye	1
afareen	1
ahebaa	1
komaban	1
terawi	1
wakasato	1
kuromaa	1
kereen	1
homerelatie	1
seabase	1
wahyo	1
medelin	1
wankatakata	1
godie	1
gyakuni	1
tribi	1
shaabani	1
owurum	1
sedonaa	1
pakuri	1
atawutua	1
ayaakaa	1
mannua	1
wannanaa	1
abisase	1
hoturoa	1
hannsikaa	1
annoe	1
nnemeka	1
aferese	1
patema	1
bohia	1
wuimmru	1
ntatenda	1
atridi	1
sahere	1
bonasawu	1
todua	1
winkie	1
wawutuka	1
aborowe	1
marikyan	1
amonya	1
nkoyaa	1
sosueme	1
yakase	1
barosa	1
bahiae	1
wimasannata	1
kaesen	1
bemmie	1
adekonyin	1
bitebitebite	1
nimfea	1
amayia	1
wanwaru	1
kwaseampanyin	1
nhomea	1
kromosom	1
obusumasua	1
ntoroko	1
kruma	1
paribi	1
huruwa	1
anayo	1
wakyame	1
mariame	1
anwuwi	1
kwanyan	1
awitan	1
memoto	1
shamon	1
adenden	1
kahanni	1
kwite	1
ntatowura	1
moraese	1
demehin	1
lukase	1
duanwusen	1
gyono	1
bannere	1
mekenna	1
boafa	1
abusan	1
yanitaa	1
amikae	1
saakura	1
lukoso	1
komiko	1
wonnkyia	1
mmiru	1
bekwe	1
shofie	1
tohonnie	1
anyannyam	1
baniti	1
wurukyaa	1
kosom	1
nononononom	1
nkoke	1
boonyawan	1
bitonti	1
ponsaa	1
edemu	1
muurama	1
adaerema	1
nnuna	1
nunna	1
mpataamu	1
nseka	1
mpakasa	1
seroa	1
feesam	1
nhofie	1
awumm	1
wudewan	1
adamon	1
dewaana	1
surubu	1
okukunda	1
mmabo	1
tonu	1
adehoma	1
wansuiba	1
sikatia	1
ayakode	1
ludwe	1
biworo	1
awayebusua	1
neapowitan	1
owusuohenewaa	1
awaasu	1
okwonko	1
afrima	1
nwokoa	1
modoo	1
nnaasia	1
kwakoko	1
karidi	1
brienne	1
edehwosa	1
sansome	1
adantonwi	1
adeha	1
krediti	1
atrie	1
entinu	1
montabone	1
katrika	1
aburoosiam	1
deemo	1
nwino	1
wimnae	1
awarapan	1
kabiri	1
nkukum	1
nonyaabi	1
danti	1
nyintim	1
moturayo	1
nwannunu	1
krante	1
hannafoto	1
nekome	1
abosida	1
abemunum	1
nkubu	1
sikafora	1
nawesam	1
ntoaduro	1
mamatayoe	1
kuduru	1
tibonka	1
nakyaa	1
kwadam	1
maseraa	1
dumpapa	1
wannafukwu	1
nemuremu	1
anunturi	1
awinda	1
sibuea	1
mmokwa	1
krisam	1
waata	1
nafoto	1
kasomanso	1
seamma	1
hawonkoo	1
boatumi	1
abannaa	1
mawinina	1
modaaraa	1
anmaten	1
binini	1
sibirian	1
sindu	1
ayaaye	1
nhoanmm	1
papababa	1
behema	1
weasome	1
safuraa	1
wufon	1
semero	1
abasoa	1
nammude	1
susanka	1
wenwunu	1
oboware	1
gorani	1
bonnka	1
bitaakwa	1
ntetare	1
abetensua	1
mmoroko	1
ofofon	1
buhyia	1
wanwufa	1
amarante	1
akyeami	1
baebeeboo	1
soonwoo	1
akasabu	1
akasakura	1
akasapo	1
wakinyan	1
sukaafu	1
srabonaa	1
eniwa	1
mapayi	1
yonimda	1
twenmu	1
aneem	1
noroware	1
mundurowaa	1
akisuru	1
kumasasa	1
sutana	1
ammfi	1
mamafoto	1
mafim	1
dedeende	1
nhammen	1
hanabako	1
finom	1
bewaho	1
twema	1
tehanasu	1
kantapaa	1
ahipua	1
nkukuro	1
ntiamuu	1
yankyi	1
adesona	1
homin	1
surubim	1
nnabaa	1
odorikuruu	1
nebari	1
bipa	1
ansuraa	1
kaasu	1
bakete	1
furoaa	1
ahonina	1
wonyiam	1
mpomaa	1
eniko	1
ahiamadu	1
sankomadom	1
torawarete	1
funakura	1
ansonkam	1
kwoakwoa	1
kasunson	1
ahiankui	1
wooton	1
baanti	1
britam	1
proda	1
feata	1
taate	1
betutunya	1
kotaerareru	1
soaron	1
hyonya	1
trani	1
nonononononono	1
afubi	1
nunuranoo	1
ahodaa	1
mowabi	1
akwida	1
kwaseahene	1
broman	1
haatika	1
banunewi	1
nantwininimma	1
ketete	1
harataku	1
akeaka	1
nonamon	1
nitaanne	1
enoma	1
amfaso	1
mfiwoo	1
pahaa	1
wansani	1
honadwoa	1
kwinten	1
bosese	1
suuraa	1
obidin	1
mmonsam	1
adamoama	1
nimokafrim	1
owuraka	1
adaatan	1
nononnaa	1
adakarina	1
makwama	1
ntintie	1
anonkrata	1
wonkooa	1
terakone	1
sawano	1
akwanti	1
dekonti	1
wasurerareta	1
dudoso	1
anmni	1
wasuretara	1
yafae	1
tamusua	1
yomikakete	1
podabaa	1
tweesehide	1
soasoae	1
prayi	1
yomotokan	1
musabore	1
nnabiko	1
bebin	1
edwoke	1
abonam	1
sansam	1
shayiri	1
bureaa	1
bonnde	1
narande	1
afemo	1
bufuae	1
abibimam	1
awaamfrebi	1
anintika	1
nyiara	1
mokubedi	1
meduka	1
hameru	1
antoakyire	1
bodwin	1
ayeni	1
kokofufufu	1
badanyin	1
enarae	1
kokumin	1
metimehoase	1
nsafue	1
nsufea	1
nsufae	1
hoomana	1
awoni	1
awesoman	1
adumea	1
nyarira	1
waawe	1
sempere	1
atwu	1
saborosa	1
bumie	1
suomi	1
nnami	1
wudon	1
tanuben	1
kwanwini	1
tofom	1
mewuu	1
owowu	1
kewura	1
ameerika	1
meriton	1
maninona	1
ammanie	1
kento	1
trakya	1
memoru	1
amankokwa	1
koraso	1
mfutumawa	1
wookam	1
desika	1
opuahaa	1
woahwete	1
hosike	1
ahadukum	1
tinnwe	1
niasa	1
odida	1
akasabina	1
ayaawaede	1
nyaani	1
makibi	1
nyati	1
abonaso	1
printie	1
sankofadwuma	1
asuban	1
semmemo	1
mansaya	1
anwara	1
nipode	1
anisaprue	1
yosufi	1
luewu	1
nteteda	1
wannum	1
apati	1
niewi	1
meawa	1
wakusen	1
ataeteru	1
narabu	1
finware	1
mfotie	1
efono	1
kwaadeede	1
tebiebi	1
kabahati	1
sempo	1
kasakosa	1
antitrinitarian	1
okyame	1
dunu	1
akoasu	1
adubiaa	1
kamda	1
nadiababin	1
okrani	1
mfufufu	1
nwinaa	1
adwonaa	1
mamanodi	1
mabamu	1
mabandenden	1
poweradani	1
nekonyanko	1
akwasia	1
kaayi	1
simonson	1
kurasini	1
kwiapae	1
nyime	1
wondesen	1
drusen	1
trenka	1
mensurandi	1
tetumi	1
berabo	1
bikase	1
botwoon	1
atinafu	1
dumasian	1
samehadaku	1
dapenda	1
wafam	1
nekoama	1
gosono	1
waraha	1
metotoo	1
wetase	1
atwode	1
atwemom	1
anyanwua	1
saadaanko	1
ankoana	1
enaana	1
mawarikuruu	1
edwandi	1
manuan	1
aboadua	1
yaburisutete	1
mediteran	1
tantua	1
habiti	1
osentaku	1
nkiso	1
toaae	1
kareaa	1
atanehene	1
kabari	1
abontine	1
wusafora	1
nsete	1
marien	1
tomeso	1
biriside	1
mmron	1
sabure	1
meditrade	1
fuwafuwafuka	1
okuruakwaban	1
anonkuru	1
ntiako	1
luuka	1
merewoman	1
ayiram	1
shinko	1
mmdia	1
parafia	1
kaadide	1
tuteaban	1
annamamaa	1
kaankaan	1
temui	1
monkoora	1
fibu	1
taahaa	1
hakisutete	1
meminaso	1
memimaso	1
wufua	1
takuso	1
homeakira	1
afrofuturo	1
namase	1
endesuwa	1
twamewa	1
beama	1
nheewin	1
adedoyinonwudin	1
sonatine	1
awaawahea	1
obisabisafoo	1
ensiesie	1
hanin	1
nonude	1
beanwise	1
mofrayi	1
wensaa	1
bennyi	1
honyaa	1
wuakra	1
sammaho	1
manua	1
asemota	1
motebua	1
ataduraa	1
fikyere	1
motoyasu	1
timosa	1
tudaako	1
ntonni	1
katoku	1
mminmm	1
kabansua	1
yakra	1
tomedonaku	1
yakare	1
belia	1
komero	1
neenu	1
woannte	1
berekea	1
bewubetua	1
payari	1
akohwe	1
seerane	1
shata	1
akyeem	1
pranonne	1
babarimisa	1
munafoa	1
konnyaku	1
abuabasa	1
kwaniae	1
wuwe	1
hayanome	1
hososa	1
nansea	1
ahonniementie	1
sedehana	1
monokuromu	1
kosarin	1
ahotuwia	1
annakyan	1
wanwanwanko	1
bunebaa	1
toronntorotoro	1
ammnamm	1
bendoe	1
kwasiankasa	1
okomayin	1
kanyanko	1
afetinan	1
lutea	1
afediba	1
adumaha	1
titien	1
sinwi	1
wipae	1
asayiri	1
semento	1
ahemadabi	1
akaateba	1
lunko	1
andinaa	1
tururura	1
tururua	1
motodwaa	1
sinemaa	1
dedimm	1
trimpon	1
mediawan	1
komputaa	1
neafie	1
asamese	1
horanin	1
owuwanne	1
konkruman	1
nikyaa	1
nyannkorori	1
kandidaatintie	1
praduan	1
edebi	1
abonkosu	1
nikea	1
mufum	1
kompasiana	1
afraho	1
binwani	1
denyamekye	1
hufufae	1
saranam	1
damasareru	1
hoero	1
oyeba	1
ayamohwene	1
daewu	1
funkyi	1
sonwabo	1
dakasa	1
ahirani	1
ankankwasa	1
nkrumani	1
abuubo	1
sawin	1
metumito	1
gomm	1
manyama	1
sweetekyi	1
sawae	1
adimabuno	1
felina	1
awiekyiri	1
bahiraa	1
borari	1
nummi	1
lukoye	1
kokokrokoo	1
pabisa	1
haanom	1
aduamani	1
shibui	1
luwame	1
asafumi	1
samote	1
benkaa	1
pabean	1
ababakan	1
kowiduakuwa	1
katofi	1
kotokoriri	1
ansata	1
monyamonya	1
brodewa	1
owasin	1
fronsua	1
toria	1
okwaduro	1
tomosu	1
wanwinon	1
awuoo	1
mmoease	1
nnta	1
prepon	1
amfibian	1
naanyinaa	1
weehere	1
nonyo	1
amoani	1
okyereakosua	1
sinawoa	1
simfi	1
wankuwan	1
asuaen	1
kwenna	1
mmanaa	1
anokyi	1
akyiamaka	1
kameko	1
mmekosa	1
asusena	1
soaan	1
dawose	1
sakana	1
awasonaa	1
fureemu	1
mundokodi	1
oyaye	1
mmoaninko	1
okosite	1
wonnkotwitwa	1
mofufufu	1
danae	1
barusu	1
woakafu	1
shehata	1
besana	1
kronman	1
abonesin	1
parase	1
maraba	1
sonunda	1
kwahoma	1
wafea	1
bookusu	1
bianyansu	1
yakwa	1
paawin	1
edwinyeso	1
beebom	1
shikyaku	1
tasonyanko	1
akokuma	1
adamfonom	1
howuma	1
fusonna	1
parayamo	1
bomodim	1
shirubaa	1
kwabana	1
mfino	1
abodenyi	1
woaaea	1
sowe	1
mediaani	1
kapase	1
kakyo	1
hakonde	1
fuhooase	1
buatin	1
abonoa	1
sahiba	1
birinti	1
shandi	1
mmukya	1
nurubaa	1
kanwasom	1
kanafasom	1
adian	1
yasare	1
kronka	1
akasafita	1
bidonia	1
drabin	1
wontin	1
daete	1
edae	1
wolansa	1
mesoe	1
afieroma	1
konin	1
worekanyan	1
timakonda	1
wanyinnyin	1
mowabu	1
satonohomare	1
modom	1
marusu	1
ofiara	1
fikria	1
afeedona	1
mootaa	1
saabon	1
aduame	1
nkasaam	1
tenkasa	1
adabaa	1
odaba	1
akomdimi	1
matebere	1
anyapro	1
sotamaa	1
pabua	1
karaaye	1
sirikiti	1
atisuwan	1
haedabi	1
aseebu	1
awamin	1
mesuasa	1
fimdi	1
mahom	1
neram	1
musolinni	1
mannyi	1
wanwansan	1
ahade	1
berantem	1
antowa	1
wonwokie	1
mariwana	1
obikuruwa	1
tutenti	1
nakikode	1
soasase	1
soasara	1
adelani	1
anisinaa	1
bereson	1
naasehon	1
hawima	1
kaemiri	1
kanuara	1
tabaneta	1
enoka	1
abandonaware	1
bisom	1
asabitwi	1
womansunaan	1
muede	1
amasaa	1
kantro	1
morie	1
afinnye	1
ninea	1
wokimi	1
tianu	1
nemira	1
nataan	1
tetom	1
adawua	1
wotwine	1
patam	1
buara	1
nkwawie	1
biamonte	1
ayebidin	1
babepedia	1
karinamfi	1
muramura	1
baakuru	1
teton	1
hatanaka	1
nunman	1
dewoman	1
wokoha	1
mmakoko	1
nonnonwan	1
adubu	1
waakyewaakye	1
awesomesofie	1
gofutaa	1
nnadedan	1
musawi	1
padamu	1
awuferu	1
sureransom	1
meekonam	1
shwi	1
karasoku	1
kontinue	1
honime	1
honimekimi	1
niae	1
kumpa	1
yosuwe	1
asapa	1
naafufu	1
woekye	1
adutan	1
mebotom	1
abonyata	1
suseno	1
hatarubi	1
asomadu	1
manusua	1
monsite	1
mekede	1
anitaasian	1
monkara	1
mmontime	1
okresie	1
traawaa	1
nnwenwen	1
asanware	1
naamane	1
bromamma	1
hoosere	1
afrekenen	1
okusa	1
ahetoa	1
waeasae	1
soeru	1
maposua	1
pooyi	1
sisuwan	1
komati	1
anaso	1
ahonaa	1
dranyam	1
nkunia	1
kadonya	1
adaese	1
kumamon	1
patro	1
shiaapa	1
buawu	1
yawamankwaa	1
wosureba	1
tonia	1
shaabu	1
tawofasa	1
kenanabi	1
ansura	1
wunahama	1
mantuaakewakoo	1
asubesutokan	1
maturu	1
karanime	1
krara	1
oyene	1
bediroo	1
nyaban	1
ahiame	1
asensoho	1
medinase	1
abuemna	1
baanya	1
fikrakoe	1
daworo	1
adaradenu	1
ahwoman	1
fromu	1
trebenka	1
kodeka	1
manamfasa	1
noridase	1
kapadokya	1
womankarima	1
asomama	1
maatin	1
mannaware	1
breadwoman	1
nyasaye	1
finnu	1
ankorohoro	1
wanwasa	1
karayi	1
ofodu	1
situma	1
eforie	1
woakanyan	1
krinke	1
birinwi	1
nimme	1
daehwibae	1
panino	1
homekenya	1
seekae	1
ntwatiaa	1
nabite	1
kapru	1
beanka	1
yonya	1
ensenada	1
amenaso	1
motaraseru	1
abawonse	1
kasereka	1
nhomae	1
sorayi	1
fumikomase	1
nkonkanya	1
kakurete	1
bonniewu	1
drano	1
nadeta	1
luntamo	1
yadamon	1
wimdu	1
kredite	1
akunuru	1
gyiru	1
nwokansu	1
wowonuan	1
padana	1
sribuo	1
hyakuen	1
mutukya	1
waduruma	1
annasoko	1
sukika	1
wanawisata	1
eteba	1
enomere	1
fumae	1
boafu	1
habaabi	1
serekyeakua	1
showakua	1
kakyereba	1
akwate	1
potae	1
meannyia	1
deroo	1
entindi	1
afetere	1
hamedi	1
wunipede	1
mofuu	1
nebese	1
neberebere	1
nebaye	1
teekaa	1
natirika	1
okuruwa	1
etikwa	1
wufaa	1
bebetoe	1
kanmuri	1
nyannkuru	1
adutrade	1
saamanya	1
konsutorikutaa	1
adaya	1
awinware	1
shante	1
bannom	1
wosorin	1
atakaa	1
wonnoonon	1
ayikura	1
funwaho	1
abawe	1
abasukuma	1
masanori	1
sabieem	1
betue	1
afunya	1
surunda	1
osayi	1
mfedenko	1
tiafore	1
napua	1
soaafi	1
sikabisa	1
monamodi	1
tadori	1
bibamemma	1
bebita	1
wokanda	1
obibea	1
lusom	1
medesimo	1
kenotri	1
huuko	1
abotia	1
mamitaa	1
bawoomam	1
ahonyi	1
koroaa	1
medikare	1
sansumaa	1
ensenya	1
abisinwin	1
dewerare	1
mewuto	1
horen	1
hodaamemi	1
luura	1
tetebi	1
nnabuikem	1
paseka	1
paaradeese	1
ntewase	1
koreaa	1
manasaa	1
montraye	1
srimammu	1
boakya	1
nntonnya	1
shotudede	1
tusoa	1
neafa	1
wannabeaboo	1
somemode	1
hasui	1
motohiko	1
mmariankaa	1
lutena	1
kuramasu	1
saea	1
apoyi	1
owena	1
wosasu	1
wasurerareru	1
wudidabi	1
kantaata	1
amuuma	1
kuremasu	1
abiwuto	1
kronoase	1
hyaye	1
braen	1
akori	1
husan	1
bediahene	1
aforoa	1
prenyaase	1
dannyem	1
mantaan	1
timotin	1
adati	1
afinin	1
afinnia	1
afenni	1
ofinni	1
twante	1
ankona	1
waradinne	1
nkabema	1
nkabeam	1
nkabaem	1
nkabame	1
bidom	1
karenwen	1
adofoa	1
showirene	1
okwuani	1
tisente	1
ahenkanaseda	1
hootan	1
papuma	1
nohea	1
yamamura	1
nnatra	1
betufi	1
burui	1
brikaa	1
koede	1
manmosu	1
tareaa	1
nnwabi	1
kwapa	1
manonye	1
serufi	1
noowu	1
surom	1
bahahaha	1
kuruwano	1
ntuan	1
mommature	1
mabuni	1
woeewie	1
kasasuabea	1
poturunu	1
twena	1
searaa	1
abanana	1
patrensa	1
trankye	1
woenon	1
nanonu	1
osuwowa	1
nnabie	1
biwonae	1
shakraa	1
badawi	1
terorisuto	1
aparayi	1
akabana	1
niafikra	1
taadeen	1
konyin	1
aworunse	1
shiranu	1
annemi	1
narum	1
kokubu	1
howaa	1
debin	1
bonuse	1
nyaaya	1
yarinya	1
prempumu	1
shatoru	1
odufoye	1
mmrafi	1
amaankwaa	1
berubi	1
okosuwe	1
muiroo	1
maserame	1
atarata	1
asiame	1
horowu	1
afiso	1
womansanaa	1
nateni	1
shiawa	1
ahyari	1
sataana	1
nummenmaa	1
ntenana	1
sabunu	1
karapawu	1
owowoe	1
bufonidi	1
anuri	1
adamaba	1
nnokoa	1
promano	1
yaanya	1
parani	1
nnidaa	1
karuforu	1
beemu	1
enyimpa	1
baaborua	1
museabuse	1
summamma	1
trase	1
adamdewe	1
twosu	1
bunda	1
satawa	1
asafofro	1
podisum	1
hamin	1
kwameantwi	1
maamekwaahowusu	1
aneedote	1
egyimi	1
akokokonin	1
butarebia	1
froa	1
hubero	1
adutum	1
mmadwaye	1
bahyirehyire	1
nnawuhie	1
abodoaa	1
aninom	1
semfeto	1
atuwa	1
densen	1
wakeru	1
baatien	1
anyidohoakosua	1
ampofoakosua	1
moatasem	1
anwena	1
wuuiaa	1
maatua	1
naapurin	1
dakini	1
okyemanmo	1
panwa	1
ofonye	1
kokokoti	1
nimasa	1
mpaekae	1
nanduri	1
asuradaa	1
wufika	1
hoaba	1
obidinma	1
aduboo	1
kwinaa	1
kummankaa	1
yamaba	1
sofiko	1
ankumadua	1
animani	1
obonti	1
twinsenwu	1
tawamu	1
kawarenakute	1
nonnennon	1
metru	1
yadori	1
edokwa	1
akyata	1
mawarumawaru	1
awesomatude	1
obikin	1
ogunade	1
yasuda	1
homafa	1
kabisote	1
darake	1
ahomaru	1
brawurowa	1
asorensen	1
tafie	1
sweno	1
papaso	1
batelite	1
woaahom	1
hamano	1
wowurui	1
posidi	1
ahemia	1
honokikite	1
nnuhwan	1
awanta	1
pawafuruwanndafuru	1
proo	1
musiake	1
owinyi	1
akrakomatia	1
senye	1
kasedwere	1
adetosin	1
meakyi	1
daridi	1
modim	1
pomposo	1
gyawaa	1
sumasetara	1
ayanasu	1
nimmano	1
amosu	1
sinsin	1
ampofu	1
kanahena	1
wummamm	1
buruundi	1
watano	1
adatui	1
odofin	1
adamfowam	1
biame	1
sapore	1
yamayama	1
susuapara	1
namen	1
moroa	1
sudadera	1
wideroe	1
ketien	1
kaeba	1
woomera	1
nnamen	1
motera	1
kanneere	1
mufete	1
kwankam	1
haamma	1
annaewurama	1
nyinawansu	1
wubiwubi	1
tentunya	1
anomamoa	1
wuem	1
nyarade	1
wukarami	1
amnomu	1
asookyi	1
demene	1
akyeamehemaa	1
maansuru	1
bemfaesea	1
kokin	1
tuote	1
woowaa	1
ntakam	1
nitumie	1
abudaa	1
fiewora	1
sayidan	1
wonnona	1
winyi	1
bukoye	1
sesiapa	1
pareri	1
mmunawuraana	1
okoda	1
netemaa	1
mututuu	1
woamawaa	1
deho	1
anietimfon	1
shonwu	1
abinin	1
anindito	1
twitwitwitwi	1
nukuarese	1
mfasiri	1
pawanwa	1
wedunaa	1
abaebi	1
kawusia	1
tonkawuu	1
agyiwa	1
mekonin	1
sarunya	1
baene	1
abanyamekye	1
bonkuwonku	1
ntiea	1
abofunu	1
nammaa	1
kakoo	1
tapani	1
kanokon	1
worawom	1
gomfi	1
pondaa	1
natine	1
anowade	1
hakasa	1
ayankoso	1
mawusie	1
wikipedi	1
masare	1
besase	1
naari	1
naadaaso	1
nkwasiafuo	1
adebeda	1
tandon	1
wontumikokofu	1
wannabeaafro	1
kantotin	1
hoasom	1
wadeaa	1
tarusu	1
adiaforesie	1
ponkuri	1
benkasa	1
prodom	1
fikoman	1
mpakyie	1
kehebatan	1
atotoarere	1
bunkyoku	1
wahawu	1
awotwum	1
twummarian	1
tebaabi	1
awomoyia	1
swomoyi	1
naada	1
samfoto	1
dennan	1
tenmu	1
konare	1
tatoe	1
santanaa	1
somerare	1
ammofosu	1
nsundabi	1
abensu	1
amankwaakim	1
wunom	1
warawase	1
ewoku	1
atokoni	1
norene	1
komea	1
nwokete	1
monasebian	1
mankitwu	1
hamoom	1
twomam	1
mmram	1
nwokan	1
nkonwoo	1
aboon	1
nandede	1
nnadedea	1
nnodede	1
mereha	1
akrase	1
barunya	1
koranti	1
hyidi	1
yamuna	1
lundin	1
asewom	1
yonason	1
wuema	1
momem	1
wabam	1
sarisin	1
anonsomania	1
konkodu	1
oduudu	1
antonyin	1
yabedaa	1
nahante	1
nutren	1
afeana	1
yoelin	1
kaakyi	1
sekwakwa	1
habian	1
ntutumu	1
fufufuu	1
furimuite	1
wuhowuho	1
betereem	1
neabani	1
kannababu	1
katakyiema	1
tokuma	1
menoaa	1
kurukutua	1
widim	1
nyareri	1
kumawa	1
teasom	1
titin	1
sammirae	1
komiaho	1
afedan	1
anetare	1
kamna	1
mofidiba	1
boabie	1
awewoho	1
hamatoku	1
nisie	1
mekwaaba	1
abonamente	1
dekya	1
lukata	1
soyinkan	1
moota	1
wububuka	1
dekanda	1
nesaan	1
lunam	1
adamano	1
anonimu	1
tewom	1
amdani	1
agyaatataa	1
agyatata	1
oguwike	1
bedea	1
gyehini	1
kwadendamme	1
suwannason	1
deaabae	1
osuke	1
mfidoa	1
atuasera	1
bootokan	1
mpaata	1
burora	1
enuru	1
ahomanamia	1
aframo	1
tomame	1
eguamma	1
temmi	1
marinkie	1
tuarae	1
tinsani	1
afaribea	1
naheem	1
gyanta	1
kanasa	1
bantante	1
kurudu	1
adukunu	1
pannayam	1
aferina	1
nanaakua	1
waduan	1
adeseha	1
waako	1
maresia	1
wakasayama	1
wontwe	1
nahote	1
baanea	1
gyabano	1
danum	1
samarokena	1
harimakuri	1
anisia	1
kurade	1
waraneko	1
bawena	1
niedere	1
bonapriso	1
tedoforo	1
suusuu	1
anokyewaba	1
ademaro	1
efitra	1
nyewom	1
sriro	1
patente	1
enyinam	1
bintumani	1
wonnaase	1
sekaria	1
fesubene	1
mamisoa	1
adikyaa	1
bidaaya	1
akinson	1
nnyensin	1
sunsu	1
meannaa	1
komde	1
mediataa	1
hutanda	1
ofafewuso	1
aduaben	1
asinini	1
modania	1
mmfrinniti	1
oweda	1
namakura	1
desensua	1
ankasan	1
odurowaa	1
koyon	1
soadaa	1
wabesiesie	1
anonnsa	1
mmni	1
oyantwi	1
obase	1
oween	1
shafira	1
kooaa	1
asikiwe	1
amoabaa	1
okomfohema	1
wakyiri	1
masuroa	1
okafi	1
saawuan	1
karadesu	1
kadesu	1
nipasuo	1
atraabaa	1
bodika	1
sonoru	1
nyaato	1
akosidaa	1
norenda	1
bitetime	1
wuukum	1
mamere	1
waakyewura	1
awansowa	1
wannaapa	1
dekosuke	1
simono	1
bakeman	1
oyindam	1
furikakete	1
aworotuka	1
kasuba	1
nnewiam	1
serufu	1
abusuapayin	1
awima	1
gyosaya	1
osaho	1
sankofi	1
awomimi	1
surudosa	1
maaninka	1
soforowa	1
aduaha	1
kokosom	1
bahataa	1
wolin	1
antwon	1
deamon	1
atresia	1
kuremasuka	1
kodwofodwokurom	1
noofie	1
siteba	1
aguata	1
baayebabi	1
kwakoaa	1
andikie	1
owaba	1
amankodi	1
fisayo	1
seewon	1
kanari	1
panuu	1
abebawu	1
biamemi	1
gyakwaa	1
fufufufufufufufu	1
tamanyasa	1
nokomanida	1
ofadi	1
adedamfikyi	1
nyankrom	1
gyamfiaba	1
afori	1
okasareru	1
apapam	1
adankam	1
biankadonkanim	1
sandiam	1
kenyahome	1
badanka	1
somero	1
nkokoako	1
mubaham	1
shime	1
twokan	1
bewua	1
wadaan	1
wakuran	1
gontakure	1
waakin	1
wantara	1
sibenya	1
agyim	1
toronko	1
aduebien	1
noaso	1
ahonon	1
atuti	1
hasen	1
asanoma	1
woyekwasea	1
durua	1
nkarani	1
adutawue	1
tonkasaba	1
duanwa	1
pansuto	1
asantin	1
akanaan	1
wakuu	1
yarede	1
showakosua	1
nokwoo	1
afiano	1
yosamu	1
nyataani	1
hutuma	1
nidoto	1
priewe	1
neamnaa	1
naamena	1
sutomo	1
asakurareenkan	1
asoronye	1
samom	1
timoforo	1
tokiko	1
brua	1
entendia	1
badwara	1
ntokura	1
nkosikona	1
nhokwara	1
luudi	1
dewadewa	1
kuroro	1
sarasamma	1
mannyin	1
yamusukuro	1
monyin	1
tawan	1
ahenasaa	1
yowisa	1
ankesenamon	1
kosena	1
mahanama	1
swona	1
lumitoro	1
aheho	1
aduhemaa	1
mamata	1
okoronkwa	1
akanebu	1
wodata	1
ahosania	1
nidoo	1
wimfi	1
meruere	1
tabanni	1
karennsama	1
burubae	1
anyarena	1
nusumimiru	1
waro	1
agyanoa	1
sanua	1
soliani	1
yotiro	1
nemmu	1
pawua	1
nahomi	1
abuku	1
akyeampo	1
koronkoron	1
firampon	1
fetua	1
yaakwae	1
awebia	1
nkwafu	1
sunnate	1
menkataa	1
gyarusaa	1
luwufu	1
nwaneri	1
anofa	1
sutere	1
nokrani	1
morisue	1
anindia	1
amadwoman	1
obasima	1
medemede	1
shisuta	1
kurutoraa	1
opebi	1
mankon	1
asiabookie	1
yahiro	1
antriannyaa	1
amannaa	1
muratore	1
bikyebikye	1
lutui	1
kankin	1
edisin	1
goade	1
nwinso	1
nwiniso	1
potiam	1
karakasa	1
bananaman	1
marienea	1
sikuani	1
asantwaa	1
troaa	1
adoratoroo	1
pannaan	1
mummoa	1
nipahiamoa	1
hunasa	1
nunuaa	1
amedama	1
ahorinteentie	1
mufui	1
wodebisa	1
basoaa	1
hofikaa	1
dannabonkura	1
nwanka	1
bankokasa	1
biete	1
nnamami	1
antennaware	1
hoaen	1
asomebeen	1
enitra	1
nwowam	1
nwiso	1
sareen	1
aninwene	1
ayemrawi	1
harowin	1
mansoona	1
enokoma	1
nkosohemaa	1
mueda	1
sewusen	1
entoro	1
nanumua	1
wandwa	1
tusom	1
bibirasete	1
adwoabosom	1
shankra	1
somfoye	1
ahiateatua	1
teewoman	1
sotewu	1
prendere	1
opedu	1
ahante	1
kadinmi	1
menkaru	1
naraya	1
maname	1
homere	1
montare	1
nsoanya	1
shannaa	1
toreedaabikusu	1
mmataa	1
duahon	1
anyensu	1
wanwade	1
kasunmu	1
nayemma	1
nitwitia	1
owim	1
meeden	1
baabaayi	1
poyinaa	1
abaare	1
mafum	1
mamisam	1
makasan	1
wamnyakye	1
wenken	1
warewase	1
moronkowa	1
titunibere	1
tebua	1
nuabo	1
nnoam	1
monan	1
mekwabi	1
adutre	1
mariaapa	1
sufam	1
batom	1
amanomi	1
abebetaye	1
mmfasowu	1
furedi	1
asosan	1
mebirim	1
samfura	1
samfuran	1
widodaren	1
yonkwae	1
waeria	1
tampereen	1
efemini	1
pabana	1
ayarabiasa	1
nnenan	1
nnenno	1
munmi	1
mamoroo	1
tansan	1
adeseke	1
kadansa	1
amaedi	1
kotomaa	1
nimfosam	1
kwantwiwaa	1
akiru	1
wuwaa	1
afidona	1
niakunu	1
aselia	1
yomede	1
wumipapa	1
akukin	1
amonwan	1
homedonna	1
wudidinewu	1
menwoohoo	1
mamibi	1
hononoon	1
sonoe	1
tuanmi	1
wukon	1
aneha	1
niroo	1
sukowati	1
tatuu	1
fuurae	1
maripuu	1
sutare	1
momanoa	1
awesomehotwomen	1
pahare	1
makanya	1
wosamari	1
bitayin	1
terete	1
wasoante	1
asomodwie	1
nkotaho	1
babadu	1
krone	1
wueaa	1
afroditan	1
saseteta	1
metehan	1
ahotam	1
mahasom	1
mamafoote	1
besutoseraa	1
tukurikata	1
karewe	1
bukasa	1
owusubanahene	1
amdae	1
paedu	1
tabisimmon	1
yaaram	1
abanan	1
waesa	1
weasa	1
wadakya	1
sommawan	1
homeside	1
beawum	1
norowarete	1
safaayi	1
trekwan	1
sinadari	1
kumawuese	1
mahawu	1
watanaba	1
karakusa	1
ofeni	1
simen	1
yonkarubi	1
mawunko	1
etoria	1
tonenya	1
akodekrom	1
binko	1
behem	1
masabumi	1
meridiam	1
bebeto	1
senehia	1
sorayim	1
baem	1
haaeen	1
bierebo	1
paamman	1
wanwia	1
atwanwan	1
wakibara	1
boowu	1
besonya	1
mawui	1
ogyantanaa	1
akaame	1
gorintaam	1
nafuu	1
manwom	1
akinnibo	1
komento	1
kantoku	1
sorokin	1
batayaa	1
aheaa	1
lutero	1
annanaa	1
trono	1
adesimri	1
afutua	1
sumasasete	1
kutaam	1
owin	1
momimom	1
boroa	1
ahooye	1
satayi	1
anantra	1
wubea	1
horodia	1
huida	1
fukafukano	1
tebitan	1
torofu	1
nkahiwa	1
nkahawi	1
nkahwia	1
nkaahwi	1
kasokri	1
moenyin	1
obiaara	1
kaheen	1
kaahin	1
bafikre	1
benkurom	1
brome	1
sommu	1
paakuraa	1
sasamori	1
adesirim	1
akoanyika	1
amantum	1
amanoo	1
priduu	1
tusase	1
sasanna	1
dekodi	1
wawabibi	1
adekode	1
tribune	1
korintotena	1
bohen	1
proano	1
baaroyin	1
okabaa	1
kodama	1
powere	1
awidinnata	1
yanawa	1
ameature	1
ayerede	1
neafoto	1
ahokoto	1
yokomakura	1
wanmen	1
yasuroaka	1
shitetan	1
abodwise	1
paramitaa	1
kwandu	1
daehwa	1
honnamma	1
shannonkyen	1
habisan	1
mahina	1
todaka	1
kufuu	1
bonkwari	1
anere	1
kurohyo	1
deesasu	1
wuhim	1
subintoro	1
honan	1
brum	1
akoonu	1
nokya	1
kareema	1
wudafa	1
krisasakura	1
tabontabon	1
saretara	1
beema	1
woakya	1
hwuwu	1
nkaware	1
winnim	1
wantinmike	1
duayin	1
makete	1
birenni	1
agyeme	1
pareben	1
nepean	1
ammukune	1
wonemeham	1
wonewonaa	1
edufi	1
hyae	1
manuri	1
paate	1
nehin	1
sinyi	1
mmusundi	1
satansoo	1
baahemaa	1
nkwankwaannuase	1
kokaforo	1
tiesa	1
bokuruwowu	1
hateno	1
mmamfati	1
sitasaa	1
nnuta	1
antaran	1
karewa	1
aboodabi	1
kawabata	1
ofisuawaa	1
koraremam	1
adaria	1
butate	1
gokusen	1
montura	1
kokrome	1
sindura	1
hamidi	1
wuena	1
mabenyane	1
ponkya	1
bonkya	1
atunsuso	1
atunso	1
atrama	1
kakasanaa	1
frona	1
koribi	1
nomanni	1
asuru	1
winta	1
mubeen	1
adaaen	1
oyekoya	1
yammerin	1
aniridia	1
operina	1
soromon	1
printofoto	1
fumoo	1
fiero	1
yawarakasa	1
mubin	1
daari	1
wotwui	1
madannuaa	1
sinda	1
afureteku	1
apepere	1
betide	1
nowasa	1
tieroase	1
honmo	1
nnaami	1
nnamia	1
mubami	1
aduae	1
taaedidi	1
temakura	1
motorowa	1
mentiroso	1
betram	1
padede	1
ninnanaa	1
aweasome	1
torowu	1
samera	1
obiribea	1
nuson	1
wadenkyi	1
atwarea	1
musubime	1
obiahia	1
srannan	1
sikatuna	1
sumon	1
atampoka	1
abosum	1
karusade	1
okaebea	1
kwamekurom	1
yarawa	1
hamadam	1
hoyie	1
akasara	1
huata	1
huimnnidade	1
paradon	1
wakantan	1
neesom	1
sanarae	1
nyanyanu	1
wanyare	1
muselim	1
fike	1
yaredi	1
adonkoo	1
twerenyame	1
odoron	1
dayiro	1
nieewurana	1
nsin	1
kwofu	1
semfira	1
yooam	1
nsanwam	1
nonwui	1
meeta	1
tenkarasu	1
momuna	1
anwiko	1
akea	1
nweka	1
enkato	1
hofurumono	1
futanari	1
kasetrene	1
memfisa	1
adewodu	1
kwantan	1
kranna	1
motawea	1
namane	1
nkookuku	1
amewuho	1
amanapa	1
baruku	1
nsanu	1
oyari	1
mamanne	1
hannunen	1
wokekoro	1
nebudu	1
munira	1
bretan	1
weneen	1
andowe	1
taaera	1
akaabiam	1
lukyem	1
osibo	1
nomre	1
ayemma	1
barinanim	1
wasama	1
yammam	1
atabaa	1
komata	1
korere	1
wahen	1
gyampontwea	1
naadani	1
nokyin	1
manibaa	1
warasoku	1
animatie	1
hakwa	1
deasen	1
akwanoo	1
binyamina	1
kwankoo	1
yookye	1
senkasa	1
ahoketo	1
adidam	1
torotororo	1
fufuin	1
hannahwanwan	1
toabia	1
yatikum	1
situan	1
kwakwaa	1
brammo	1
adweare	1
nuem	1
yamfam	1
tomfom	1
toaban	1
karaadi	1
aberu	1
simonkasa	1
moritabi	1
nyamuka	1
brandonwu	1
animdi	1
menen	1
funnyanko	1
nyenku	1
nense	1
kunomoto	1
okurase	1
okukudamoa	1
anamara	1
nurie	1
mawam	1
tatapanmu	1
kwamoae	1
bokusen	1
kubote	1
ntaka	1
wowuini	1
karayida	1
monawa	1
wenakota	1
mpataakoa	1
tomara	1
asenwareasenware	1
suiensaa	1
woenkom	1
watawunua	1
matabenua	1
tokoyami	1
meedom	1
prubea	1
amusini	1
ensenso	1
poronya	1
beaabea	1
kayafa	1
abuboa	1
gonsua	1
tufuwan	1
kaduruwana	1
binyade	1
barimae	1
betweem	1
kannyabo	1
hosomeru	1
sonkra	1
kasutaato	1
wareesuwan	1
weabae	1
suibi	1
waremewa	1
wahyono	1
firindena	1
bamam	1
yameten	1
bibiaabi	1
meroni	1
afradi	1
afrekoma	1
aminaa	1
danese	1
nanimono	1
luhanko	1
bosam	1
homekaa	1
akomaso	1
adanam	1
bresaa	1
sekyani	1
furufuruu	1
meetaye	1
teboko	1
atunde	1
sasoware	1
kummedi	1
mademo	1
papeete	1
kwatiri	1
sanitiri	1
toronaa	1
mommano	1
deewanon	1
okahia	1
nnononono	1
animeawu	1
ninnin	1
ntidi	1
mamanka	1
notenyaa	1
enanaa	1
akinduro	1
nieto	1
duanwan	1
posuta	1
nonaba	1
koraraan	1
monkaaba	1
kanonan	1
adankon	1
subam	1
wadanne	1
bueen	1
adwoakum	1
mankatoaa	1
asafiati	1
anwiaa	1
akwano	1
bitosum	1
derintuna	1
webeseenya	1
atawe	1
munkodi	1
adebisiade	1
nenana	1
nimmakuru	1
kenkyaku	1
adamaden	1
nikuonaho	1
abeesa	1
nanafosu	1
mfumowa	1
asesu	1
adamfia	1
odamfi	1
tititaa	1
medwedwe	1
freakware	1
mfime	1
metakoye	1
neasaa	1
temuka	1
akisakye	1
ntwete	1
saanko	1
marusua	1
kankiraan	1
taabedari	1
dameda	1
mesase	1
kwansuru	1
bumui	1
katimma	1
kaamakya	1
adenaru	1
nenkaa	1
noosoo	1
abime	1
moraemasennka	1
kanten	1
kunten	1
kenwan	1
nufikram	1
antiwaa	1
atarimaesa	1
ansofi	1
tebiaa	1
kennason	1
duaawan	1
afiwa	1
sadaruwan	1
soramni	1
teankum	1
amoron	1
adibaa	1
owesa	1
awena	1
pahempaa	1
nesoman	1
mmusan	1
brue	1
babenkaa	1
muton	1
kasaneaeba	1
sitayi	1
fesasen	1
edwinyin	1
abedoyin	1
hamaayan	1
amaesasete	1
tamani	1
komfoo	1
braam	1
nhyiba	1
katarina	1
prenimfi	1
mebiaaka	1
adeedwie	1
wuwiae	1
afirikara	1
wantia	1
ntabeni	1
nwomea	1
gyimda	1
wondie	1
komera	1
mmrosa	1
hosoku	1
aduboahen	1
yabesera	1
babukusu	1
abedaa	1
mmamodi	1
bawoo	1
betafoam	1
nahon	1
agyemfi	1
kaminua	1
korubo	1
wonotoro	1
newan	1
suwonwise	1
abuenu	1
efunndaka	1
ankawa	1
maabiara	1
apenen	1
winke	1
mmoni	1
kaketemiro	1
biwako	1
dufon	1
anieben	1
akarara	1
ayebaemi	1
behyan	1
mfunuka	1
nnkitahodi	1
sunwufan	1
boonsom	1
nikom	1
ananditaa	1
mehona	1
finanse	1
natanso	1
wenyaa	1
wendaa	1
amaani	1
woodie	1
porera	1
kumanto	1
adwon	1
annasa	1
nnari	1
akwunwa	1
wawawawawawawawa	1
akunabaebu	1
obinwa	1
akwafota	1
teterenko	1
entoron	1
sasin	1
saworo	1
ofimo	1
weerawan	1
mokannu	1
melikaa	1
krasoanya	1
duwowu	1
nufunam	1
anonnya	1
tarumoto	1
hyoton	1
sabere	1
adesabere	1
sukune	1
mmanso	1
wapadam	1
wintadewa	1
wuirie	1
aseada	1
funtoo	1
ammawi	1
kayanya	1
aguamaa	1
bitwi	1
nseraa	1
mawuerade	1
bahaaron	1
efepasa	1
anikie	1
adetoyi	1
agyemansintim	1
woakeka	1
asamoha	1
merewia	1
bunatate	1
predia	1
edesapam	1
hamdabi	1
baehiraa	1
ameban	1
mafiaman	1
hommade	1
baruban	1
sinnse	1
kamisia	1
sabidura	1
kankuruwa	1
firuta	1
tamanu	1
deboaa	1
nontie	1
botuka	1
odesa	1
adikyin	1
makwani	1
nwohia	1
dutebo	1
baadi	1
desipapa	1
hodenya	1
amarae	1
porasa	1
dedem	1
kowi	1
anitasaam	1
kakonko	1
ayekoto	1
etebia	1
asomuha	1
bomansonintie	1
kakaeteru	1
kofea	1
subani	1
nameko	1
nankuko	1
nwenem	1
mariareese	1
namawia	1
akwuebu	1
mfitaa	1
pronko	1
nyatakan	1
nyetoro	1
nabaasa	1
shisa	1
luwum	1
luwandaa	1
wotirim	1
sawareaa	1
siriaa	1
fuam	1
nwedene	1
wuwudi	1
tantummo	1
naboka	1
akuntaa	1
bebibon	1
mempekasa	1
dawia	1
sibete	1
makudi	1
worawi	1
obumma	1
ntetaata	1
nasare	1
etonno	1
kuumin	1
okronkronni	1
shantoyia	1
osomea	1
monadia	1
hwiban	1
hweremuase	1
bruuto	1
mereboro	1
meretoto	1
anisahoni	1
hankaa	1
kwaninaa	1
hubae	1
kokodia	1
yanti	1
samaan	1
bakaka	1
okyekyerekro	1
batisemma	1
tankyam	1
wawufumi	1
kadurina	1
sanidapa	1
sworo	1
wuwenya	1
anyimunyam	1
abeabeaba	1
atumitumam	1
kumawani	1
tankaa	1
sikreto	1
anyannko	1
wafita	1
tomita	1
firum	1
pamina	1
asentwaa	1
nabosohan	1
mekosam	1
bawafaa	1
wunedon	1
edonini	1
asakasu	1
kuwaesaseta	1
nabira	1
fesima	1
hannaanka	1
suimokusan	1
sipae	1
susanda	1
wisewoman	1
nsiakyiri	1
gyiti	1
yotaka	1
okotowari	1
entien	1
ahonena	1
kannaana	1
mfiram	1
tuaare	1
ofoso	1
suiso	1
muiere	1
katuunko	1
monkanu	1
paakutuu	1
nanwuwu	1
sukuuru	1
afasoro	1
meatoro	1
kontwi	1
trimite	1
tatarikon	1
nureba	1
ahokari	1
paannini	1
kaworo	1
enkano	1
aponkyenana	1
weasasa	1
nooke	1
ntoasa	1
proraso	1
tariana	1
yasuraka	1
mpoka	1
nannya	1
sammatintie	1
sonsannin	1
nyarinnko	1
poode	1
mamare	1
kantenya	1
saebom	1
taara	1
harikae	1
deawinta	1
yonadeawintaa	1
tibira	1
nekare	1
simonaa	1
kedasu	1
kamforowa	1
surum	1
saariaho	1
mepoma	1
tayese	1
bonyem	1
afasaanaa	1
nsumankwa	1
obaakase	1
muedesa	1
kennedi	1
todapaa	1
ahitanara	1
adusure	1
danimmapanduro	1
yakua	1
wennsodennso	1
paarama	1
obenkyo	1
akadesu	1
neseseri	1
danyin	1
fremden	1
amesoma	1
waremoko	1
adandindin	1
nyada	1
danisanni	1
oyeka	1
mmaeen	1
maadum	1
sirirene	1
odaawaa	1
paasonaru	1
pasokon	1
naea	1
afaea	1
kammom	1
sikika	1
nurikaerareta	1
weewaa	1
amebea	1
akrania	1
amaneaa	1
abantiaden	1
homeemu	1
karikomu	1
makoho	1
abaabua	1
mookie	1
sabaan	1
nwanyanmu	1
sumru	1
muhyin	1
konoka	1
sendoo	1
hadaa	1
medeson	1
afrakomaa	1
ateteni	1
abenson	1
tapaware	1
saraseti	1
gyoram	1
proawu	1
neban	1
prankese	1
obediko	1
nehide	1
simmu	1
animekon	1
somanonsoma	1
atinaakosua	1
ntaawa	1
hotoso	1
enakam	1
kwakyebea	1
akintune	1
akyebi	1
lunuho	1
adufosu	1
nyantakyia	1
tukudede	1
gyaeen	1
masoo	1
nwaen	1
akwanwosaen	1
akinaa	1
akaahan	1
wabari	1
daawuma	1
toosan	1
adentwi	1
merande	1
nidakasa	1
ennebi	1
monotarin	1
mmiko	1
wufuwa	1
owita	1
woofu	1
afiewura	1
dansumman	1
serenkaserenka	1
denuwan	1
gyekyewa	1
nyadwe	1
danwanwan	1
kodikoae	1
aboyomi	1
adonwomase	1
drowu	1
howidaa	1
womantea	1
nhate	1
aboaku	1
hasani	1
serebere	1
waniakwaaba	1
porum	1
burinya	1
mmoru	1
sumuna	1
daraare	1
nkori	1
kumadu	1
aniwarenma	1
kumikaeru	1
oyina	1
mmfiam	1
trease	1
teketa	1
broome	1
presan	1
adira	1
nkubi	1
koromen	1
hoosoku	1
edudaa	1
amakusa	1
wunkyo	1
aposoro	1
drahem	1
teepannu	1
hoeatan	1
merunyaa	1
nyie	1
metiti	1
mammedabua	1
hadidi	1
fiwom	1
taranko	1
ewaba	1
adoyani	1
mamri	1
obapaa	1
kokonya	1
abinda	1
nannia	1
natra	1
afanso	1
ankomaba	1
kamimura	1
mankera	1
momokoo	1
troya	1
kwakwakwakwakwa	1
mantoani	1
beawesome	1
owosu	1
anaata	1
kwamnkwu	1
kahae	1
baawan	1
wuruma	1
hoasen	1
takuti	1
kommode	1
sabasafi	1
neamani	1
furadasu	1
wiadom	1
anaanawim	1
dumde	1
darika	1
twari	1
webowe	1
hapam	1
musubuko	1
sentiende	1
kasoronakasoro	1
biaforo	1
edinme	1
mmaanka	1
anaanyame	1
kremma	1
bunuba	1
biridu	1
nabofoo	1
kurodani	1
nsenya	1
wufuro	1
safikra	1
owumaro	1
kabasan	1
namam	1
sofre	1
womansarea	1
nantum	1
efekutoro	1
owatunde	1
shinda	1
krusen	1
nedumi	1
daseba	1
haadonim	1
abinae	1
tofebi	1
ayeso	1
bikesoro	1
abayo	1
nipanya	1
mannate	1
kadububo	1
koaare	1
titiribititiribi	1
aboanno	1
daruin	1
saamnae	1
fitaye	1
nkudede	1
korosono	1
yonnu	1
ahwaan	1
polinya	1
paanwen	1
awuwuowuwuo	1
briede	1
karunaa	1
nnedinma	1
wakahawa	1
kakya	1
hohia	1
tinsae	1
braaebea	1
tokami	1
debiro	1
bantuu	1
ahoae	1
nnutiaa	1
sonofa	1
oyato	1
openyin	1
afueteen	1
ahesan	1
namami	1
nadesam	1
anwanwakwan	1
nakapa	1
apapuba	1
taarene	1
masuaku	1
pookum	1
mmawom	1
mesame	1
kumamakura	1
furueteta	1
tewewi	1
biewan	1
betri	1
sikitari	1
nohosu	1
behenase	1
akyeremade	1
motooreba	1
meamoro	1
asumdwi	1
bikum	1
wuunaa	1
akripaa	1
akripa	1
tabeni	1
anatakasa	1
adareaa	1
wowataru	1
adawomase	1
anadwaa	1
akwin	1
atwetwa	1
kolami	1
akwaaboa	1
karaduman	1
detoro	1
boohemaa	1
asuanaka	1
paakuru	1
makamisama	1
awidinno	1
mufahote	1
nsomam	1
gyaen	1
kankoku	1
wedin	1
sutetekoso	1
maansu	1
medikom	1
kasonko	1
konkae	1
masari	1
sarafi	1
denkano	1
ntafam	1
bidada	1
okureba	1
binsen	1
nekohime	1
buatan	1
medwennwene	1
mmabota	1
fiakye	1
ankrahofosu	1
ansuan	1
nkume	1
sapanaa	1
naresasu	1
sanwoman	1
yoselin	1
bradutan	1
abufadu	1
mosammam	1
natoo	1
menyapaa	1
benyapa	1
nnyanya	1
agyia	1
hyata	1
ahannam	1
konyam	1
nedia	1
paneenka	1
waabanda	1
waara	1
mamariaa	1
awodibo	1
nwaka	1
preasure	1
nsensen	1
homenduka	1
oyan	1
mmemoria	1
adusua	1
paaeaa	1
damarikonda	1
netoo	1
firise	1
mmuaye	1
nyoom	1
ntoelite	1
atuino	1
mediaman	1
moraru	1
netwon	1
hamri	1
huba	1
shofi	1
akokodem	1
mamanonni	1
okutum	1
asiebu	1
papete	1
atwuo	1
adoto	1
anawehoma	1
makaseten	1
weruwam	1
nuanwu	1
nononnini	1
someteku	1
babon	1
yaredoo	1
kenia	1
morayo	1
gomadare	1
bannsu	1
kubui	1
amisu	1
dafu	1
baratetro	1
wonkwan	1
sanoman	1
mahoka	1
yasuhiko	1
okudera	1
eniaa	1
yakusuko	1
okubi	1
biamu	1
okankwu	1
wunninna	1
shekem	1
huuka	1
owunya	1
manako	1
atwuma	1
sikapeadwuma	1
sonsonie	1
yatwere	1
paduwan	1
musan	1
nanuru	1
temmennawa	1
owusuowusu	1
bamisaye	1
okyeami	1
sukuuba	1
toowa	1
nowinaa	1
mentohofofoho	1
manimoyam	1
tuwaraya	1
sinaabenya	1
etwetwere	1
musitano	1
asomasam	1
kofofoto	1
yakara	1
atradumi	1
somuketeru	1
saradwadi	1
mannen	1
atatamori	1
akero	1
papasito	1
okyinkyim	1
kaarana	1
nnahemaa	1
afaako	1
sunne	1
okumafi	1
bisosodi	1
yonekura	1
bisataa	1
fetede	1
titwi	1
atufaa	1
sikoku	1
pandi	1
sammelan	1
yonan	1
kokyesam	1
biaapae	1
behiahia	1
mundotia	1
fintam	1
nwaram	1
abafata	1
medisim	1
anokorowaha	1
mapea	1
tweben	1
abeaa	1
ahotea	1
awofisan	1
efiari	1
masooma	1
bansom	1
yameken	1
bonwea	1
nwidaa	1
shawano	1
daahonwa	1
aneta	1
daham	1
nepra	1
pawani	1
sananunmu	1
danuaa	1
sidekum	1
odwennwen	1
pamona	1
kotomno	1
senatori	1
twano	1
meneen	1
nasenkyerene	1
nteete	1
abarabone	1
sadomaso	1
dedesua	1
temon	1
bawakan	1
kemmom	1
moene	1
bintan	1
akwaako	1
nkyeta	1
nnkia	1
nnikaa	1
aparato	1
gompa	1
afeae	1
kommo	1
mabiaa	1
nukunonu	1
afafu	1
dusa	1
morepa	1
apeafa	1
kokie	1
adonisamfam	1
teentinaa	1
luenkan	1
yarendi	1
pontim	1
nhafisa	1
nhafie	1
nhafia	1
kannika	1
owusuaahemma	1
derome	1
mearim	1
akohonwe	1
wansenka	1
afunubisa	1
wankui	1
adenike	1
keruan	1
aguini	1
akotunikara	1
amunimi	1
ayero	1
nneenyare	1
mototoro	1
premdanu	1
tatakareru	1
karehome	1
adipa	1
benam	1
kease	1
shiwa	1
bufoneara	1
mofidi	1
pariparipari	1
akafuku	1
nkinda	1
tumorintune	1
samri	1
huumi	1
nurahadi	1
yaamasonka	1
fetuaba	1
murafitiru	1
yaaye	1
sinnyaa	1
kariban	1
harayome	1
berada	1
wewewe	1
mamuro	1
anitre	1
bindim	1
ofumaa	1
nkwoaasom	1
atuna	1
boliam	1
akasata	1
nikodimu	1
medeeaho	1
wieni	1
suaae	1
mohonkoroman	1
noono	1
sandum	1
abayemi	1
kabiraa	1
osamede	1
nkire	1
eguahoro	1
akuam	1
binde	1
biafora	1
nokutan	1
amankom	1
sakakibara	1
waakyenie	1
boram	1
tebene	1
sunsuwan	1
amoye	1
kebi	1
tuada	1
ayabo	1
lumennko	1
awukuui	1
nworisara	1
hotwe	1
aduka	1
nkyeri	1
nwabie	1
yonwaba	1
kadeebi	1
abenaanimasante	1
boatemma	1
akinwotua	1
dannini	1
nkotwe	1
aberaman	1
wemu	1
akwonse	1
adannafrari	1
nomewu	1
babeamma	1
haanwi	1
adimdan	1
kwakuto	1
amdwumakuo	1
yamna	1
adotam	1
wunarimori	1
duawuo	1
somekuru	1
ahonne	1
awanomanabu	1
twomaho	1
tweho	1
wakraa	1
ananason	1
awisinaa	1
akekere	1
lumpaa	1
badanam	1
oyetan	1
futafuri	1
gyantia	1
ntede	1
anuanu	1
haponi	1
entiere	1
branon	1
nkuankua	1
medankua	1
kotonaru	1
mfadwen	1
bontrase	1
kanaru	1
moorooka	1
nnandia	1
haakuu	1
wuimo	1
mowuimo	1
gyeho	1
ayiro	1
mowummnoo	1
ankanyi	1
bibare	1
surabari	1
ahyere	1
mmiwi	1
aduaaya	1
finnkare	1
ahesoro	1
biarue	1
neemia	1
krokunukunum	1
mewese	1
medasin	1
kubua	1
borowiaka	1
akasenya	1
manton	1
adebomi	1
oyedunni	1
amfri	1
wasuae	1
bansura	1
mammosu	1
soem	1
manitasaebea	1
akiwuim	1
akiwumia	1
owusuwusu	1
nanko	1
efurae	1
nonkoro	1
annkabi	1
nwomana	1
haruiro	1
hayato	1
shanyae	1
abenine	1
bayena	1
asaha	1
wutwensa	1
afisufi	1
preaanu	1
krasaesom	1
nkatira	1
ananselisa	1
owusukwaku	1
andiam	1
twebiseho	1
tapasam	1
nakuma	1
annyin	1
konoha	1
nyinnimu	1
wanono	1
maarui	1
mmawum	1
samim	1
belaa	1
anadwoahye	1
wayewa	1
kabana	1
fukidasu	1
woanne	1
kotona	1
moraeru	1
wowemu	1
yammu	1
keduse	1
afiahia	1
nnamaria	1
nyansaboakwa	1
timonan	1
momentumfoto	1
shitanona	1
anindita	1
akukutoru	1
afuriko	1
makrana	1
adwoda	1
nonnyarie	1
nwinyi	1
akesakrom	1
akentenkyieso	1
akekrom	1
akasua	1
yaapapabi	1
fumoto	1
koyama	1
nyerem	1
mokofi	1
nhyiramma	1
kwaten	1
adwuirente	1
agyara	1
mahiro	1
muneeba	1
serebea	1
sehyo	1
siradanim	1
medikodu	1
sooe	1
akubui	1
amofoeru	1
memmona	1
akorewa	1
ayitohwinu	1
nebesen	1
woanwi	1
seneme	1
mmfaso	1
nnadani	1
tunnin	1
kakosua	1
husu	1
antwonware	1
tidona	1
awutuman	1
demoni	1
kunanon	1
hotan	1
abusum	1
kanaenakute	1
ensete	1
biwonka	1
feha	1
hatare	1
afuna	1
gyaruu	1
komakino	1
neekoa	1
ofufu	1
waare	1
akohia	1
duana	1
trota	1
makosia	1
wiare	1
mpeninsem	1
srapoe	1
anusurika	1
nisoa	1
yanamin	1
mommuum	1
mmontedia	1
nheaa	1
bawuti	1
melayerabi	1
paatam	1
okeru	1
basude	1
owusuboakye	1
eduin	1
konafa	1
shabanam	1
humam	1
shatra	1
afroditi	1
ademafia	1
efisoe	1
ataetete	1
naakoa	1
tewuko	1
mankwin	1
luusuantie	1
duwu	1
bahori	1
tarian	1
timoneda	1
ponua	1
nkadem	1
mfanie	1
amirumi	1
kennamore	1
awunyo	1
beenaa	1
yamankaa	1
mmiti	1
atenyara	1
atenyen	1
atenyan	1
temamfua	1
sikuruwa	1
hunnaa	1
ahinakwa	1
bantayanon	1
fukinukete	1
besura	1
aduaan	1
wapatoo	1
adwonku	1
operatie	1
wenwin	1
triboo	1
swami	1
mannati	1
akyirem	1
owufotim	1
enimfa	1
karekusa	1
abuae	1
ankrana	1
biribu	1
brante	1
monnae	1
kaneen	1
sorekasa	1
momakooto	1
memewaa	1
atenyare	1
namaa	1
turunkan	1
bubia	1
kadia	1
akasamitra	1
monkare	1
sikaria	1
katoayano	1
naanware	1
adaare	1
shawantamanaa	1
manwan	1
okarin	1
wedasom	1
babinda	1
trami	1
okonne	1
winsen	1
nafubi	1
watin	1
kaako	1
nnibano	1
nniboan	1
nnibona	1
nninabo	1
tabakowosuu	1
durotoye	1
sonyamumma	1
atunoa	1
gohwi	1
adandira	1
wotoso	1
anyandera	1
wadakamari	1
toraboara	1
trowuia	1
nisim	1
anuatite	1
adidote	1
fidieso	1
payera	1
awiren	1
kakureteru	1
horidase	1
kemumakimanmosu	1
kosore	1
mayimotewum	1
winnkoko	1
manonom	1
hohote	1
framebeam	1
kadam	1
katoho	1
kokuaa	1
buunni	1
matapa	1
ntaare	1
bonnyamon	1
nehonam	1
anyitan	1
asati	1
dankwama	1
yoedu	1
bebekyan	1
bempomaa	1
wakyo	1
woasim	1
odusia	1
nhonorato	1
tomaha	1
yosen	1
namako	1
shwere	1
kwakyiwaa	1
bokwua	1
gohonsen	1
woaakofi	1
enyinda	1
yahiasemmadi	1
semmadi	1
adonne	1
ennemi	1
ampabane	1
poterie	1
broderie	1
tenue	1
nomme	1
torotorotorotoro	1
enduire	1
tuera	1
dento	1
tienne	1
ntrubo	1
nanuni	1
koawia	1
kannaada	1
tunni	1
oyankapan	1
firinwoma	1
birituo	1
ayekyere	1
benaba	1
merebekyere	1
mmeensem	1
tikoro	1
woafre	1
ahaye	1
tufuo	1
frite	1
brise	1
timide	1
aprukusu	1
akwasini	1
trawa	1
afada	1
osiro	1
ketekye	1
adamen	1
adaduokron	1
adaduowotwe	1
adaduoson	1
manwotwe	1
nnamien	1
nnamienu	1
aduukron	1
atandoe	1
atofoa	1
afabuo	1
bereden	1
anwumriere	1
nhyianu	1
benkuin	1
kwanta	1
polisin	1
showi	1
adidisekan	1
nkufuwa	1
baawotwe	1
baasori	1
gonie	1
mutwen	1
droo	1
aduonti	1
mprehwotwe	1
obekurae	1
maato	1
oboohen	1
enwaada	1
anoasem	1
okasae	1
ameedidi	1
ameeba	1
deebi	1
ayonkoye	1
wansini	1
kutukye	1
nofiri	1
dapre	1
pofra	1
nhonson	1
hwaenom	1
akafae	1
nteri	1
dakae	1
enari	1
meprae	1
meperae	1
ayanko	1
meresore	1
okena	1
osurooye	1
osurooe	1
mpakari	1
opatui	1
obetwe	1
obetwi	1
yarepa	1
asendi	1
brehata	1
brehoro	1
brekye	1
bretwa	1
breba	1
potoro	1
sonsom	1
kwura	1
sokwe	1
bukye	1
brebisa	1
brebete	1
mutin	1
nteateaa	1
dandandan	1
soresoresore	1
mememememene	1
memememenmemen	1
memememene	1
dunnudunnu	1
dunnudunnum	1
dundudundumdundum	1
monkyemonkyem	1
kusekusa	1
soosore	1
kaayie	1
abodiri	1
atetenkrona	1
akyirinye	1
asennu	1
samanwi	1
nkuronwi	1
nkuranwi	1
oframo	1
afrumu	1
kronnye	1
futre	1
ofinsoo	1
sabeduru	1
meekote	1
kekakekakeka	1
hyerehyeren	1
tontofonton	1
twitwe	1
danedanedane	1
daadaadane	1
melanesian	1
andean	1
osiande	1
nibere	1
babebi	1
mebedae	1
mebeda	1
babisa	1
brebeto	1
merebeto	1
brenom	1
woanda	1
nkoton	1
wondae	1
abakon	1
mamfehene	1
atanofuo	1
adekyem	1
oyokohene	1
nerebehin	1
buabasa	1
nkuroansa	1
awuhene	1
nwanmase	1
nkawiepanin	1
dufokyie	1
bosie	1
antewaa	1
asantenehene	1
akankade	1
kwadwoan	1
owarean	1
muhamma	1
dawude	1
wafare	1
bapure	1
basare	1
dabari	1
montenaro	1
sienkyem	1
nkumuhene	1
tanotwere	1
pamaakrom	1
kusawodie	1
komfohene	1
bayeredie	1
asuehyia	1
nyeresua	1
twisa	1
nsamaku	1
atabubu	1
dadiase	1
bekawe	1
kommenda	1
atitodie	1
brodie	1
nsafohene	1
atutue	1
anyinaase	1
annona	1
tribu	1
paabi	1
nataka	1
obaro	1
kakabo	1
sohene	1
mponu	1
asuben	1
kwamani	1
mfuturomu	1
saabuso	1
saabumu	1
saaberewa	1
kaedabi	1
adonso	1
abomirekuaa	1
kankruka	1
sabuso	1
amuowi	1
denyaase	1
mfona	1
asitiri	1
nyinasie	1
ahinkru	1
poase	1
nyamekrome	1
goron	1
kolanin	1
tahire	1
mumim	1
shayatin	1
nkondwasoa	1
nusantara	1
apoko	1
akwasease	1
sumankwaahene	1
ennkum	1
funaafu	1
opaninin	1
ankofa	1
funntumireku	1
funtumfuna	1
bohannam	1
oyokom	1
nkyemfere	1
nnwatoa	1
mpuakron	1
kotwere	1
nkyemfre	1
ntabon	1
atweremansa	1
oyokommaa	1
shakiria	1
sarakunan	1
kankamia	1
makaranta	1
sawaba	1
akuremu	1
tuuba	1
apokoo	1
duranti	1
sesease	1
kofiase	1
gyamaan	1
brafrahemmaa	1
ammosoansan	1
tunsuam	1
ofakan	1
nankwaasedan	1
mmommire	1
aduse	1
okyerekuaa	1
tomdi	1
akukome	1
bokoso	1
mamdani	1
dumontian	1
dundi	1
kromanteen	1
wasiade	1
wendandu	1
edwiani	1
kromantine	1
koromanteen	1
okasafa	1
nnubonenom	1
edwumapa	1
totoano	1
obusufoo	1
kuron	1
tuafoo	1
kekawoho	1
bubem	1
birekyi	1
ntwasoo	1
ntwaso	1
baratua	1
wawayo	1
asoreadanaasofoone	1
nankumae	1
obufuo	1
ayanye	1
aforetime	1
owosika	1
nyaahotosoo	1
tonturaa	1
enenam	1
susukyere	1
bodawuro	1
hwebere	1
apanin	1
nkokode	1
nkorokoro	1
osafoheneku	1
tahoo	1
tuhyeda	1
enyeho	1
ahemmofoo	1
abeneduro	1
sorokoro	1
adannam	1
aforepono	1
osonkoran	1
mforaforamu	1
nkatosoo	1
teaamu	1
neaabasoo	1
wonsaawodeasoso	1
babasoweremfoo	1
nteamuu	1
hyenmufoo	1
owoho	1
agyafanu	1
kotwine	1
anteroom	1
antedate	1
nnkomu	1
nehoadi	1
adentemu	1
annotate	1
atenko	1
ofon	1
odofa	1
anaabone	1
oyepapa	1
ayenkoye	1
bredum	1
asemawoka	1
nnsore	1
efurumu	1
asinine	1
osorokoro	1
torohwe	1
anotorohwe	1
kurafoo	1
taabuo	1
agyantofoo	1
tonkonton	1
nhweanimu	1
tekyerematorofoo	1
oduton	1
nkonkonsasem	1
etooano	1
atwerofoo	1
somato	1
prekonam	1
santoo	1
nsekufoo	1
beretiawa	1
nwowasoo	1
nkunimdeboo	1
adedantamu	1
nakumaa	1
osewaa	1
taabufoo	1
asoyo	1
kowiem	1
mmoafoa	1
hyemuden	1
paamuka	1
gyinabere	1
anikra	1
berate	1
bemuse	1
obaabere	1
ammantem	1
wodamu	1
nsonkronsuo	1
okofi	1
efunuadaka	1
kwaemuni	1
kabofoo	1
okwadu	1
mprampuro	1
apremoo	1
kwaboo	1
gyatanaa	1
awowam	1
egyon	1
agyane	1
mmofoo	1
mpum	1
osunso	1
ntwantam	1
nwinnwin	1
nwununwu	1
osekamfua	1
okomfufuo	1
sorekye	1
sorokye	1
tonsafre	1
atedie	1
afitia	1
nkataboo	1
nhyesofoo	1
koraboo	1
nyimpasu	1
wohonyeha	1
mfafrae	1
hanahan	1
adaaboo	1
enumfu	1
paduan	1
ahyensoo	1
agyerae	1
awoakokwaa	1
nnaponna	1
burukuu	1
ntufokuo	1
adetofoo	1
okoroo	1
woyenno	1
mfoninye	1
twiba	1
apekyi	1
amanyofokuo	1
semoda	1
franta	1
butre	1
nankwase	1
nankwaa	1
nankwaasini	1
opeseme	1
afurumuu	1
nkukunwen	1
nkukuwene	1
ewowa	1
nkwamoaa	1
kraba	1
wenkyere	1
asennodoo	1
nsakraeeba	1
teteade	1
adakatra	1
adakaba	1
sikakorafoo	1
ntonin	1
abofoma	1
paabode	1
nantebea	1
manmunyi	1
woretre	1
hokwon	1
atwapuduo	1
odiaboa	1
asonnan	1
mmerebuo	1
tweretoho	1
odepua	1
odufrafoo	1
kabasoroto	1
ennyepapa	1
damdam	1
nkomma	1
mpowotwa	1
tennwa	1
pateremutafoo	1
woserekaa	1
weserekaa	1
nkuuku	1
abokonkuku	1
aserede	1
ntenso	1
suwu	1
duadan	1
nkatom	1
mmonkum	1
bimuakuakuo	1
asuafookuo	1
abentoa	1
okankane	1
okankan	1
tahodie	1
papahwekwa	1
apamfoo	1
duadua	1
asetenasem	1
nsorommatua	1
kotompo	1
sramo	1
sramm	1
kuuntoasoo	1
nohoayekoo	1
ayamukeka	1
fundaka	1
koeboa	1
nkokono	1
okyerebene	1
mmarakyekyere	1
sotan	1
osofie	1
oberimaboha	1
brehoa	1
baakoyo	1
srem	1
odanema	1
okwanma	1
awaye	1
afororo	1
akekaho	1
abotayam	1
kompase	1
anyenkofa	1
twakadie	1
nkosoohene	1
pankra	1
wonoamu	1
soodofoo	1
aduannoafoo	1
ntufoo	1
fekue	1
nnaneho	1
abotirim	1
munte	1
notwemansoo	1
obotoo	1
koronatuo	1
atiriso	1
amanede	1
nhyirasoo	1
twereduro	1
kesenka	1
totofoo	1
ahenkowaa	1
atenyie	1
pawora	1
ofoa	1
aberandaa	1
atweretwere	1
denetene	1
ofutufoo	1
ntenesoo	1
tweatiboo	1
gyafra	1
nhasuo	1
yooyoo	1
tuatuamu	1
senseene	1
abowana	1
asenkaadwa	1
nsaawodekabokoo	1
abonsamu	1
awokrabahotoo	1
watoso	1
edafam	1
asetenakwan	1
ofoo	1
obowa	1
obubuafoo	1
busem	1
seramfa	1
bedom	1
nsasabon	1
brease	1
akadan	1
etone	1
wananmu	1
ayehoyaa	1
nsanakyire	1
demna	1
tuhye	1
neawoahye	1
mmaradu	1
mmaratofoo	1
deaden	1
sofokakraba	1
osofoku	1
obayin	1
sredu	1
konkwane	1
konwan	1
kokoromo	1
enntim	1
okokoneho	1
ositi	1
okwanawofaso	1
detonate	1
amanamanatumfoo	1
siatwetwe	1
watware	1
ayeduru	1
yapempem	1
nkasadwaa	1
buaba	1
kasaante	1
ntuasoo	1
ansafoo	1
buabam	1
ntonkron	1
hyebasabasa	1
pasabasa	1
ntwareano	1
twaano	1
asinsam	1
wantwiwan	1
bubuafoo	1
kwankyerenyi	1
osadweam	1
amansen	1
mmentanne	1
dadebin	1
annone	1
ntomaton	1
oyekyerede	1
agyensuo	1
adwarekwaa	1
odwumafoo	1
krukruwaa	1
worewura	1
okyerekye	1
worekyea	1
nsonnoe	1
ahoha	1
edanso	1
nhwehwemmu	1
asesabofoo	1
ntomma	1
batwe	1
tenemm	1
edunwotwe	1
obuneho	1
mmeremmere	1
borokoo	1
abereku	1
nwomoa	1
ntutuie	1
efamnsonsono	1
booraman	1
kokwaa	1
serenene	1
osabofoo	1
asuwu	1
enwomo	1
poomuka	1
kotoatoa	1
kofrafra	1
nhenmu	1
hyiansemden	1
kotim	1
ewere	1
adwumfoo	1
endue	1
kahyemu	1
buenokese	1
nkramafoo	1
odenimfoo	1
ntweroemu	1
krukye	1
atwantuo	1
amanonne	1
tukofoo	1
maahooden	1
ogyedie	1
taforakye	1
ntutoo	1
huanyan	1
anease	1
nnanehoo	1
tebere	1
kokoamunsem	1
huwom	1
ayekese	1
adeeaesoo	1
asenibea	1
okoturukubofoo	1
wonnyoo	1
aduanehyehyeea	1
powafa	1
wonnuaa	1
akoromaprebuo	1
daasem	1
nyansakyere	1
nsooresem	1
asetore	1
asetue	1
etoam	1
adwadeeawodeko	1
okokotako	1
kosohwe	1
mpusua	1
sasaawa	1
tekyeremakyene	1
namnyinam	1
gyaten	1
woanwene	1
munam	1
nnkoka	1
borodoma	1
odomma	1
kofaba	1
tumetume	1
nnokwaa	1
akatuo	1
federate	1
obawofoo	1
ntakro	1
twewoho	1
ntaadehye	1
oberimaa	1
nansibere	1
nnuone	1
sankohwe	1
nketentete	1
tusoo	1
mmutuso	1
enuro	1
tufutufu	1
kukuwen	1
abontensofoo	1
dawura	1
twereboo	1
ogyennyentwie	1
eduannan	1
ofabafoo	1
osiade	1
mpofiremu	1
ahohyesoo	1
notase	1
wamammo	1
tantim	1
ntantensoo	1
tonsuom	1
hyenkom	1
odekoro	1
twaesu	1
twoasuo	1
twaasu	1
ahoyisoo	1
ammommo	1
nkomu	1
gyade	1
mframahyen	1
toawa	1
bonwen	1
bodam	1
furore	1
bosabasaye	1
osesaboni	1
manoyekwa	1
nyenkofa	1
asukokyeaa	1
nnompehoaka	1
apondua	1
etubowa	1
osekufoo	1
edete	1
afofoto	1
ahyehyedeebi	1
setwere	1
kontenten	1
ntomo	1
nwewene	1
worehwease	1
nankroma	1
hyeremmoo	1
hyeremo	1
nnoomo	1
dedam	1
ntentantam	1
wawene	1
asukotweaa	1
sekandua	1
bofodua	1
buronyi	1
enkayan	1
habituate	1
mmarotofoo	1
wemfoo	1
priko	1
ntokontromo	1
biribiahyewoso	1
nyinyanenyim	1
obonsamfoo	1
abofoye	1
nkuruku	1
kwanmmone	1
odena	1
nkutaden	1
yammo	1
mframfrae	1
fekubo	1
adwotwafoo	1
kukurudoo	1
aprayie	1
akwanmukafoo	1
tekoteko	1
matwofoo	1
koronoo	1
okuturukubofoo	1
ahemanmu	1
kusukuukui	1
homankaa	1
adeaehohiakese	1
butubu	1
nnkoye	1
tumfora	1
werewuo	1
nuadewa	1
oponkokafoo	1
kotokuradu	1
nkonkon	1
osapani	1
akatotire	1
akatati	1
tweta	1
nhwehwunu	1
wokoye	1
nnapontui	1
atrimuo	1
tamfuranyi	1
atomaforafoo	1
fratamni	1
oyore	1
pahwekwaa	1
borosoo	1
ateetene	1
hyaena	1
mmoabuo	1
obinnennyede	1
obommofoo	1
ayamfoo	1
ayemfoo	1
sokese	1
woteeteem	1
wowonnsesoo	1
honawaye	1
sremfiri	1
mpaema	1
atonta	1
nwenehosem	1
busofoo	1
anipapasem	1
yayane	1
frenkyem	1
nkoanimu	1
nnadowa	1
hoafoo	1
seselara	1
ntramu	1
osuasuafoo	1
asorokaa	1
ennsusu	1
nnkyekye	1
wodeahwe	1
netenten	1
oyemmere	1
wonnsesoo	1
nenesaa	1
enyedenese	1
wafram	1
hokasatiafoo	1
munsusuie	1
boadwaman	1
kenyane	1
worewowon	1
wowomansaana	1
buburu	1
ahohofie	1
gyadeenya	1
bonyiaye	1
horabo	1
nyenea	1
bonnoo	1
mmorokammoroka	1
nnkyekyemu	1
kootrekoo	1
ennsese	1
entwetwe	1
asaboro	1
baakofoo	1
enntwam	1
asoneka	1
huen	1
afiasena	1
mfumuso	1
akwammabere	1
atoatoamu	1
ayenkofa	1
sankubofoo	1
mmenta	1
nkaatede	1
nananse	1
beretiaamu	1
ntewani	1
nsemuu	1
nwewemmoa	1
nkentensooanaa	1
aprehen	1
bondodwuma	1
wowoso	1
awensen	1
enwira	1
seresem	1
krankran	1
kosum	1
akosaso	1
adose	1
adwaae	1
ahafoo	1
wotone	1
ennsu	1
wotoatoa	1
atorodie	1
gyeena	1
hweahwea	1
oyantam	1
fiwuraba	1
asoremma	1
nkasasuu	1
kwankoraa	1
wanwenwene	1
sekamma	1
nnankoromma	1
bowaba	1
kontokontono	1
ofononoo	1
atemmufoo	1
homumo	1
ayewohomumo	1
trosa	1
konsonkonson	1
nsemmu	1
matorofoo	1
nsensa	1
etera	1
demora	1
ennkyekyere	1
oyomafoo	1
gyantera	1
denyemnyin	1
mmoteka	1
nimfoo	1
oyaane	1
odwamantoo	1
atatanto	1
nipapa	1
behweadeni	1
wodekata	1
besakrano	1
asomuu	1
adwennen	1
soronsoron	1
oyarehwe	1
enntre	1
etowa	1
okotere	1
awoyen	1
patubea	1
mabutuo	1
anofamfa	1
anotafa	1
gyatabaa	1
hweboo	1
odetoo	1
hodwuma	1
kotokure	1
mansem	1
teapo	1
edaso	1
ahodeewom	1
ahyemuma	1
naatoo	1
wotafere	1
asasoa	1
akatasoo	1
ayerade	1
kasammre	1
biribiaebesintem	1
krakrabotoni	1
nkekoa	1
kwantufoo	1
friteteete	1
wohoadi	1
mandolin	1
wonnto	1
bodwaabea	1
anooyea	1
okyeakyea	1
nsonsonne	1
nkrataaboto	1
mmabaaben	1
kwabohoro	1
anokese	1
hwebo	1
sereserenyi	1
wohohia	1
efuntum	1
ennuro	1
nsusuo	1
akontokontono	1
twenenoo	1
etrasoo	1
okontabufoo	1
tabuo	1
nkontabu	1
nyenko	1
mpenan	1
anaamu	1
krakaa	1
aprehyen	1
suosua	1
wonnsuaa	1
agusoo	1
finimfi	1
odasu	1
gyinafoo	1
masomfoo	1
asiafamfoo	1
oyosuo	1
etwero	1
tuadua	1
adanea	1
maamewata	1
paanyi	1
mantratom	1
obusu	1
okwansea	1
nkaeedum	1
ofotufoo	1
asofofi	1
ntemasem	1
hwanyon	1
kwasampafoo	1
nyankonnoro	1
nyankonnuro	1
asempamutre	1
nsemmonedie	1
atakye	1
kumaforo	1
kumaforote	1
nkuron	1
nkrontufoo	1
aponkyebaa	1
nakea	1
nyaatenka	1
amanahodoo	1
tiboo	1
nsaboha	1
hwenoro	1
anohohoro	1
anwemmoo	1
awemmo	1
edasoo	1
ennkeka	1
susese	1
samare	1
kontomoa	1
toroma	1
detodwa	1
amaneebofoo	1
tofenetawa	1
nadako	1
obento	1
nsason	1
sansono	1
anomaaba	1
awofase	1
apomato	1
odepomfoo	1
abesaso	1
wantuo	1
tonuma	1
obedwene	1
wokotoa	1
bukuua	1
opone	1
anaade	1
etoaso	1
nonsente	1
akwanmu	1
nimuo	1
duakron	1
nsaduaa	1
wokonom	1
kokra	1
mmeranne	1
mmeron	1
wonsaaka	1
twerodade	1
nnomfonom	1
nyaayisem	1
wonyem	1
abawooho	1
dawurabo	1
kotosore	1
nyentwie	1
trokaa	1
wotuo	1
kuofoo	1
akontaabufoo	1
numerate	1
nketensoo	1
pokowa	1
mmaada	1
mmeeda	1
adehohoo	1
abedooso	1
awokotenahokakra	1
nohwaa	1
nantem	1
basabasayebere	1
mponkodan	1
wadum	1
edaadaakra	1
okorewa	1
nyameson	1
nokosoo	1
okurukuruwa	1
nhyesotraso	1
senkyeren	1
odiawerehoo	1
ennon	1
adafofa	1
paean	1
osotoo	1
asose	1
nkwodaa	1
abaduabo	1
nesusono	1
atotoro	1
ayonkoto	1
beretra	1
wafum	1
akyireaetoa	1
duraho	1
wotre	1
ofofoo	1
amumo	1
akekam	1
ennsooe	1
ennwie	1
mmenewa	1
opaho	1
totorotoo	1
mmantannua	1
edidwuma	1
tesoo	1
ahomekabea	1
nnahaa	1
oyokyere	1
kraabusuamu	1
wodebo	1
nsayem	1
nsayamu	1
seenam	1
hooden	1
duanum	1
ofrankawa	1
sekanmaa	1
nkapre	1
tweredade	1
mmarammakwan	1
aproo	1
seahabanmmono	1
edekyere	1
oketewa	1
asenya	1
aboaseto	1
awerohoo	1
todwe	1
wampae	1
akoratea	1
dufuaa	1
edeko	1
kwantunyi	1
nnyinasoo	1
edwonso	1
afuomnuane	1
kasatomme	1
torofoo	1
edufora	1
mammofoo	1
asotuo	1
enyera	1
mmeaeahodoo	1
sanyi	1
asoowa	1
amnyosem	1
amanyekuo	1
mpaninsem	1
kummo	1
kruwaba	1
kodibone	1
gyetwom	1
hokwam	1
wonnsane	1
tiaawa	1
edwaso	1
okyinso	1
akrokro	1
nyinnasoo	1
odwontofoo	1
nnuunum	1
amenamena	1
sakasakayo	1
aborodwommaa	1
nneemo	1
odepo	1
positron	1
beaho	1
odwomfoo	1
atantoo	1
okonno	1
prekonom	1
potoyowa	1
amomfoo	1
mutoo	1
ogyo	1
ogyennye	1
egyese	1
aniammoho	1
amonon	1
tofeewa	1
ayerehwe	1
nnsoe	1
prelate	1
tesene	1
preen	1
predate	1
worebenya	1
saremu	1
ntekyerebowa	1
nkukuwen	1
okukunwonofoo	1
wumaye	1
yansa	1
okasanyansa	1
trem	1
nyiwa	1
kuraboo	1
adwade	1
bodue	1
hutro	1
atumfro	1
abandea	1
obaakofro	1
nsatoa	1
habasenyi	1
kankankyerekyere	1
konkankyere	1
nwowono	1
obesesa	1
akodoo	1
sowoso	1
honeho	1
ahenannan	1
gyino	1
adehwam	1
kokwaboo	1
yamfeko	1
osenka	1
kuturukubofoo	1
futuo	1
nsaadwaase	1
odemafoo	1
kawafa	1
ntweroeanaa	1
oduaduafoo	1
panturudu	1
kwaeberentuo	1
odaban	1
ntuafoo	1
nhwiremufa	1
sekyerenne	1
okwanteaa	1
wentwie	1
koteeto	1
nkwaawa	1
kwasam	1
kwasampani	1
sampani	1
konkofi	1
nhohoo	1
wommra	1
anibian	1
patwere	1
wansosem	1
madibea	1
kradoyo	1
adwenawode	1
saafoo	1
ketrema	1
sesafoo	1
nnannam	1
nwensa	1
abinim	1
tweeba	1
atrimuodensem	1
afunyaam	1
asasetro	1
osuane	1
dadepo	1
mmatwematwe	1
sewawu	1
kohyen	1
muisem	1
wohyam	1
wohare	1
nwatosoo	1
woyawoyaa	1
wotwebasoro	1
animuonyamfoo	1
akuturukubo	1
apofofoo	1
edwaa	1
ntweho	1
hyiabea	1
afienom	1
dadaam	1
nkotowa	1
kohwam	1
odebisa	1
akapre	1
kumfoo	1
ntintimman	1
ogyinama	1
nhyemu	1
ahonufoo	1
kronsuo	1
bodwaafoo	1
tuetue	1
hwirehwire	1
bafane	1
berebonam	1
mabamma	1
benkoroo	1
ennkoda	1
nsekwae	1
mammono	1
atuateem	1
owerotofoo	1
nsaboro	1
sadweamfoo	1
nsaniakyire	1
ennse	1
muhye	1
ofowe	1
ntokwam	1
krukruba	1
krukuruwaa	1
porowe	1
wannsua	1
natwe	1
koromfoo	1
kunsum	1
ntokwako	1
nokontono	1
wonnkenkan	1
ntotoamu	1
ntoatoomu	1
ntoatoamu	1
ntoku	1
tekofam	1
sowere	1
wokohwe	1
owerehofoo	1
menade	1
atweatam	1
dedamu	1
apowapo	1
kankro	1
ayenmmoa	1
masohwe	1
mmirikatufoo	1
frimu	1
odantuo	1
kwaberane	1
patapaanyi	1
hohorosapo	1
nkwantere	1
nwomanimfoo	1
mubo	1
hyeehye	1
damara	1
enyitosem	1
nnaanam	1
sekanmmaa	1
satiate	1
biasore	1
wodwidwa	1
twuwu	1
atento	1
seweenyi	1
atedua	1
asofodie	1
okyeresua	1
krukruwaafa	1
kaawafa	1
menkomenya	1
komenya	1
wokame	1
ahohoahoafoo	1
ennta	1
nnaada	1
broniwaawu	1
adufoode	1
seaside	1
beresem	1
sootwerofoo	1
mpesem	1
nkatako	1
ofona	1
oboodeda	1
odapaanyi	1
odapaa	1
eforoforo	1
awowoo	1
adwamansan	1
anyonkofa	1
duesu	1
edunson	1
koahaye	1
saaden	1
waasom	1
atetem	1
anwonwasem	1
sonkyire	1
obufuoso	1
dekum	1
fiatiaa	1
nwoowonowono	1
annkyere	1
atwerotwero	1
wokototo	1
nsemden	1
amenamu	1
nnwoso	1
atadesoro	1
daafoo	1
anasoo	1
aworaba	1
nkramofoohene	1
woham	1
waredie	1
wafon	1
edunsia	1
mmonten	1
nkakran	1
etaadesoro	1
komapafoo	1
akaatia	1
simian	1
akwaratufoo	1
nuamaa	1
wafuru	1
duapono	1
asetwe	1
kwaaba	1
worebenom	1
osonsono	1
anaasoo	1
anntua	1
kwadwofoo	1
tream	1
kowuro	1
wowuro	1
ahohoohare	1
nkakron	1
kronkakra	1
atonkomada	1
sukyen	1
nnankwaase	1
hwamm	1
tuntem	1
obomfiaa	1
akosum	1
nsukyen	1
sewaye	1
wokoka	1
okote	1
nneemamu	1
abodwoo	1
mperehoo	1
wamansem	1
nnukuro	1
fekoo	1
nkataanimu	1
pampaa	1
womene	1
asikasem	1
wennwen	1
ananafoo	1
meaenyinaa	1
wakontono	1
anwaene	1
suduo	1
pofam	1
mmoreka	1
adwoo	1
mfumpaa	1
mpoaka	1
obaakofoo	1
hyeemmabi	1
mmaranimfoo	1
obanindwaman	1
bonoo	1
atonten	1
agyinaho	1
nhorododoo	1
kekaho	1
wotoma	1
mayofoo	1
apekye	1
bereamporosuo	1
wasoso	1
okwanserafoo	1
ntwahonam	1
akatuaa	1
bakyere	1
tretre	1
akokoo	1
sunsummone	1
aduanennuro	1
oyade	1
obanoma	1
ankasaba	1
nnammon	1
wohyeda	1
aporiko	1
aweabo	1
dadeeno	1
ataadeeso	1
wusuhyen	1
anammu	1
nsensae	1
tebeaa	1
ennea	1
egyinafaako	1
ansesem	1
trudu	1
tohye	1
sukonkon	1
korabaa	1
toantuanoo	1
wokuam	1
asemdenden	1
adeto	1
nkwanyan	1
ayammo	1
ayamonwene	1
nwowoe	1
mpaboo	1
wantufoo	1
nhemma	1
taabusini	1
amandodoo	1
nneemani	1
mprekodan	1
woabufu	1
amanyofoo	1
afuamnnuane	1
wakaho	1
twakae	1
akentenwaa	1
wotwetwe	1
wodasoo	1
menawa	1
taeakyire	1
teteaa	1
wohyen	1
aboomuu	1
munafoo	1
ntotosere	1
mmeduane	1
ntasoo	1
mfroma	1
sunken	1
amanoawoo	1
amunomuna	1
mpeno	1
akwantudaka	1
mfatasoo	1
osanten	1
kwanehye	1
ahyeananmu	1
wodano	1
botabota	1
mpesempese	1
atwentwen	1
subanmone	1
okanyan	1
tandoori	1
aburonnwa	1
twokuroro	1
pamfoo	1
hunyi	1
odande	1
asehono	1
akonkosem	1
ewora	1
swora	1
nseneho	1
nnenkyense	1
duebaasa	1
wonnkae	1
mpaeboni	1
bamuu	1
mmonkyemmonka	1
atrapoo	1
kokonyin	1
ensoo	1
nteritim	1
katiri	1
abutoo	1
nufoono	1
numfuano	1
krafi	1
nnwuue	1
kraataasin	1
atadesini	1
asikyi	1
totofewa	1
sukyerem	1
ntotosoo	1
mmoawammowa	1
sabofoo	1
asosonnooma	1
asosonneema	1
trete	1
tayaa	1
osenaman	1
apradaa	1
opronnaa	1
oprannoo	1
asesaso	1
neaba	1
krafawa	1
owuduro	1
munum	1
munumunu	1
tommemu	1
etwasin	1
nsuwansuwaa	1
ayemmere	1
nsuoase	1
nnufu	1
woretwero	1
akarateboo	1
matose	1
tomatese	1
mpaepeemu	1
osohwe	1
mmankyere	1
koaporo	1
bemuu	1
ofomfafoo	1
ofirisumfoo	1
kasaase	1
asekyen	1
nsakroe	1
neboafuo	1
ahosakyera	1
adetowosoo	1
adetowoso	1
osesoto	1
kokroka	1
etoatoasoo	1
awosoo	1
pahema	1
tomposem	1
sadehye	1
atamram	1
tureen	1
mmutosoo	1
mmutoso	1
trofoo	1
abomfiea	1
aproko	1
trimaran	1
nkyesem	1
akontonkye	1
enketewa	1
asemmo	1
wonnkasa	1
wonnsesaa	1
ensakyera	1
namfunu	1
wonnkuta	1
torodoo	1
adwumapapaye	1
nsesaae	1
sesekwasom	1
nnwuu	1
ennto	1
ennwooe	1
mmuui	1
nnwuui	1
senkyere	1
nnkaae	1
amamfoo	1
enwura	1
wonnsusuu	1
ntensoo	1
wonnkaa	1
mmuue	1
wonnoaae	1
nnaaye	1
abusoo	1
hyetoo	1
wonnkataa	1
ntemuu	1
woram	1
oyamuo	1
oyamuonwonofoo	1
nnoara	1
wanyeho	1
wonntuaa	1
annsore	1
wonnsankaa	1
wonnsoo	1
wonnsua	1
wanmu	1
amansanten	1
wontwentwen	1
worepa	1
mfumuu	1
ahodwa	1
akwadwofoo	1
wonnoaa	1
ahodwoo	1
wontweroe	1
konnte	1
kepemde	1
nwowonae	1
wonnso	1
wonseeno	1
wonkaano	1
ntwentware	1
hwehwebea	1
mpotrimu	1
aboton	1
wosanne	1
wokasatia	1
tweroe	1
adwenmmone	1
sosem	1
muonyamfoo	1
okwanmmone	1
kosae	1
nsoremma	1
haherabahaa	1
edanedane	1
ntran	1
nnasoose	1
nsakraea	1
nyansasem	1
adusesa	1
gyennya	1
gyennyan	1
akosene	1
nkososem	1
ayebone	1
tratrawa	1
kokyeakokyea	1
enyerae	1
motokye	1
nserahwe	1
obaabunu	1
akakabensem	1
nsakraebere	1
mmoahwe	1
ayaresafoo	1
kosesa	1
egyinaho	1
wokyerekyere	1
akekaben	1
efrise	1
desease	1
okwaberane	1
ataadeemu	1
kuada	1
ahoommere	1
okwantufoo	1
akontonokontono	1
kuruku	1
odabo	1
ansadon	1
mmahokwan	1
sadon	1
obufufafoo	1
kohyehye	1
akofere	1
okwati	1
wokotena	1
amanmusem	1
anikyibuo	1
atwafrede	1
ahototoo	1
tromoo	1
atromoo	1
abuntwere	1
atirimuoden	1
tuunyi	1
okoton	1
asontem	1
atwafre	1
buafoo	1
nabere	1
afonabaa	1
womdi	1
duroku	1
atintin	1
woresere	1
akatako	1
bowendua	1
awonwene	1
adwinan	1
okohye	1
abetaa	1
enyeadwuma	1
habodom	1
pafaku	1
afaafaafa	1
ewosowoso	1
kwaayie	1
bayisem	1
mandani	1
maharubi	1
deburi	1
kutani	1
winde	1
saadani	1
toten	1
kandidate	1
bosomda	1
asiene	1
huie	1
nwatwe	1
afriri	1
anamabo	1
hwimi	1
atwaeem	1
adesuakrataa	1
woretotom	1
triton	1
kasamafoa	1
solamen	1
kwesum	1
dunsian	1
awodan	1
awokyem	1
duada	1
paton	1
boamponsem	1
bunta	1
matondoni	1
sendeni	1
shamiani	1
nekwansesaawa	1
dawawa	1
andwene	1
kakaduro	1
nsosuaa	1
nsasanten	1
nneminua	1
sinikandie	1
afutoma	1
ankran	1
asafonwom	1
sudane	1
wuramunam	1
ahanso	1
adwumasu	1
nkanyandwuma	1
apronti	1
anadwosetena	1
aguane	1
nterantera	1
nhwini	1
akakuo	1
briribiara	1
amiedi	1
obenetietien	1
nwama	1
nnuanenuru	1
adannani	1
nimdeebuuku	1
satelite	1
mmotuo	1
fekoko	1
konmuade	1
mmprenu	1
hwediem	1
adunson	1
hamakyem	1
kruwi	1
atoaatoa	1
nsaasawa	1
botuku	1
hwiremoase	1
adiemra	1
sakan	1
buame	1
aheno	1
adaakoye	1
adaakoya	1
kofiedu	1
semanu	1
asetene	1
gyanaesie	1
adawaman	1
godwinson	1
akasakasaa	1
adwammo	1
bakuo	1
sisodua	1
oprehane	1
asikwan	1
wanmpa	1
akwaakoa	1
wosuasuae	1
twenekuo	1
poakwantuo	1
apatamu	1
afuofi	1
abibimanmu	1
mpataase	1
pranaaso	1
afieafiemu	1
amamaman	1
saharawi	1
kasamfonyin	1
awakwadare	1
abibaman	1
oforosuo	1
katamanson	1
nkanie	1
egyaso	1
atewae	1
amaniense	1
nteantea	1
woanyam	1
aduommienu	1
nwisea	1
afrikaani	1
dunnkron	1
ayoku	1
ayorinde	1
sommienu	1
amuneke	1
aduoasa	1
mabaawa	1
kasano	1
mademeho	1
noedin	1
mmoaden	1
woretiti	1
ahodidie	1
nhyenda	1
abadwakua	1
firui	1
nnyanko	1
papasita	1
nkutuo	1
ayieta	1
kenete	1
ahyiadi	1
amomum	1
pruinosum	1
korima	1
asensode	1
anyema	1
aperade	1
ntutumerim	1
asawaase	1
ewisa	1
akoroso	1
akrofum	1
ammanmere	1
mmerahye	1
okuaraa	1
adwuku	1
gyaatoa	1
komoe	1
amuniru	1
apasara	1
obiria	1
wookeka	1
mepamo	1
adidem	1
tinkon	1
kwamoso	1
amankrom	1
moyoni	1
nyabisawa	1
adabie	1
demme	1
beento	1
adwinnibea	1
adwumakuon	1
wotintin	1
nsusukwan	1
ntedade	1
atentenman	1
bandama	1
kasafide	1
menepapanodaa	1
menennahodokita	1
hofadie	1
mmaranto	1
kuenyahia	1
aguero	1
wadue	1
bomaye	1
odaakuo	1
obirisuo	1
nkaawa	1
nwewennween	1
sasuu	1
banyen	1
makati	1
kwapon	1
papafi	1
bawadwani	1
abiniman	1
gyawara	1
mmapanin	1
watwamu	1
enyiresiman	1
apomoden	1
paakoso	1
duabiean	1
abiean	1
kuntunase	1
husunu	1
afedume	1
nkranman	1
somoo	1
akudeka	1
krakyi	1
nnwoasua	1
shakan	1
mfrawura	1
bankwa	1
trontrontrom	1
tamiru	1
nkontamu	1
aberibire	1
nyamesomnyi	1
kabawunu	1
okanya	1
wakatama	1
abasema	1
sinitwamu	1
nkaboom	1
nesina	1
adikwu	1
wabapa	1
hamdia	1
sintimmedia	1
ankoarankoro	1
ahenkronaduokron	1
mmensa	1
adimi	1
tunisian	1
awoame	1
asaresabea	1
mandata	1
natakamani	1
amanitare	1
amanitere	1
amnirense	1
amanirena	1
makehanye	1
madekan	1
napatan	1
amanitenmemide	1
akasedae	1
adaekese	1
desimone	1
akrofie	1
kwasafoma	1
kameroonni	1
beninese	1
masana	1
muhimman	1
adwumayani	1
nkene	1
sampon	1
menera	1
nyaremoawa	1
parana	1
mmirimma	1
bepuie	1
nntotoho	1
obisia	1
gyawia	1
gyetuan	1
braawoso	1
amanamanmu	1
edwenu	1
amanyonsem	1
nnuanewa	1
afrosanne	1
tipaenini	1
nnipaduam	1
nwotwi	1
hwensie	1
denkoraa	1
habanera	1
abibibirem	1
afepem	1
mokran	1
ammansan	1
afrikyiwa	1
anunkuro	1
mememu	1
nsude	1
wantwitwi	1
abusuaakuo	1
nanamma	1
kramannam	1
kekakekaae	1
nenum	1
amosima	1
ankonwa	1
aninkora	1
afuto	1
aburokyie	1
paaku	1
nubiani	1
pannotia	1
gyamframa	1
wasone	1
kwaninaabaka	1
manidae	1
frim	1
abusuokuo	1
nannsoa	1
mponmponya	1
nanntam	1
ahenennwa	1
bonohene	1
aponkosu	1
nnusintuo	1
mmarantewaa	1
senkondi	1
metodiseni	1
hyeran	1
adanennie	1
nkitabodie	1
aberano	1
abamutuo	1
mpasuasu	1
antam	1
nsubonten	1
tayaresabea	1
nnuanwene	1
patakro	1
nkyenkyem	1
ahomenakye	1
tufiam	1
mmenua	1
nkontrofi	1
nasubonten	1
taakora	1
nsutware	1
ammienu	1
mpesuua	1
niamina	1
mawonya	1
asiriben	1
mmoaawa	1
nsukankan	1
asofiti	1
mummienu	1
atuoto	1
afotumakuo	1
metehara	1
shewa	1
nkenkaasu	1
haron	1
nubuke	1
ayokoe	1
atokyema	1
mpresa	1
gyita	1
printin	1
sekerin	1
agyanam	1
dummiensa	1
woansa	1
nsuosuo	1
ahinanehane	1
tomatoma	1
afron	1
batuure	1
asumdu	1
abuure	1
kusase	1
nsuomnuane	1
nsuonam	1
anmen	1
nsorom	1
watenetene	1
kafeene	1
ntetemudie	1
nnyisaa	1
nansonea	1
mpaane	1
mankronkron	1
bunaea	1
bedena	1
nusumnam	1
nwomato	1
betwi	1
wawadadakwa	1
nnwuro	1
babasonini	1
nsaasaa	1
nnwatwe	1
meeme	1
tenere	1
tiekasu	1
woretwi	1
patenti	1
nyinaana	1
oforinsuo	1
hafatra	1
abadiakyirie	1
akufena	1
asantie	1
wotuae	1
kufrin	1
ampre	1
melayia	1
kunduma	1
tiaban	1
sisaka	1
draamani	1
wansuku	1
golide	1
nhwehwumu	1
karibia	1
afuanan	1
anumoyam	1
asutare	1
amanyakuo	1
nwomma	1
nnipaduamu	1
wuduro	1
tokradi	1
honoe	1
brenan	1
adwuuma	1
protea	1
parinari	1
asasan	1
nadwumakuo	1
nkurotoa	1
yarone	1
sankubarima	1
nkonna	1
brapue	1
brawu	1
mfinin	1
ntwan	1
adurubire	1
ahohono	1
aduonnan	1
fese	1
nkwankwaduam	1
amnyokuo	1
owuare	1
nankani	1
kadema	1
birimian	1
asibelika	1
asentena	1
nwomano	1
abibini	1
nkokoa	1
odeanta	1
nwabudinke	1
ntooso	1
suminakese	1
bokuruwa	1
bodome	1
nkoraba	1
mfinimfine	1
medoma	1
adinkae	1
mmireka	1
kabimamenka	1
nsetena	1
dawubokuo	1
akantome	1
bisease	1
sindia	1
papaaya	1
wotoe	1
ankrampa	1
nyiana	1
efiboa	1
mmerikatuo	1
asaseso	1
kutama	1
krekete	1
numde	1
nonanso	1
kronmu	1
agudietubea	1
kritoni	1
dunkwahene	1
badiakyire	1
binipon	1
sodikuo	1
amerikana	1
manteno	1
shian	1
asempanaye	1
adonu	1
gyinyase	1
bosomno	1
maheme	1
nwumasu	1
nsaanoadwuma	1
owutin	1
fuseni	1
sahanona	1
tampena	1
abedwakuo	1
kokonmono	1
nitrate	1
aburoni	1
nwomasa	1
nkonimdimu	1
adehyemam	1
ahyeam	1
asuosuo	1
tokrom	1
sommoa	1
buhen	1
kasafiedie	1
nkyikye	1
sukuusem	1
adafienu	1
aduanna	1
ahennum	1
sikapuduo	1
amanmra	1
anuru	1
adansidi	1
tisane	1
akorankora	1
ammammuo	1
hakanto	1
akotre	1
mpasoaso	1
mpaapaemune	1
edoro	1
wasafiri	1
nwomani	1
musaemura	1
konkomnam	1
boyayi	1
munkuri	1
nkramasom	1
kwaebeberem	1
abaraham	1
afutuni	1
anufuo	1
adwenini	1
adweni	1
adansim	1
breten	1
datura	1
marikiti	1
nwomatim	1
sayoade	1
kansewa	1
modakeke	1
osunyomi	1
yorubani	1
duose	1
kamawu	1
banini	1
desinkra	1
ahenmaa	1
takamaka	1
makoana	1
batiria	1
nhwesodie	1
mofini	1
adoekuo	1
niekuu	1
binabiba	1
sanana	1
pasera	1
ayindenaba	1
adesaman	1
adwininie	1
wiasekubaatan	1
nnokoroo	1
dramini	1
efriri	1
mfitiasea	1
ahenekro	1
abirekyere	1
nnubae	1
nnwono	1
dumentorum	1
belan	1
saamon	1
woanunum	1
nsesawa	1
damoda	1
nwonwon	1
nuabaanom	1
nkitahodue	1
adwonso	1
worekoa	1
woremoa	1
gyedin	1
aduruo	1
korantenmaa	1
masimanyane	1
mprepre	1
kaatam	1
osanna	1
danyi	1
beberem	1
yaapuo	1
komoram	1
modisa	1
nnwumako	1
aduwuma	1
odasane	1
asadan	1
nhomaso	1
awine	1
annase	1
eneama	1
adibiara	1
hadera	1
ntikahodi	1
mpraku	1
adusia	1
ahyehyem	1
amamuie	1
koradi	1
nwomasu	1
tineni	1
semmarahye	1
mmrahyebadwa	1
atenabea	1
shonibare	1
dansini	1
mpepem	1
awidu	1
mmarabadwani	1
abudua	1
mpentoa	1
honamani	1
nipaduano	1
anwumanyi	1
yadewuo	1
pamporo	1
awenaakye	1
muetuo	1
enantate	1
badwamni	1
kumasie	1
busunya	1
bomini	1
winnenden	1
odikanni	1
tenete	1
afrimma	1
nnapono	1
toaaso	1
ananmontuo	1
kuradan	1
anyima	1
akorabea	1
mfonitwabea	1
afrikasom	1
ahinine	1
apotre	1
numidian	1
nkoasum	1
gondwana	1
ahankrom	1
nkenkete	1
mfomfode	1
tidore	1
makian	1
nkwanomam	1
papuasia	1
wuatwa	1
nketepa	1
suomen	1
nkuawu	1
kradibia	1
nyankyerene	1
akoyem	1
abuontem	1
okokoroko	1
kwasinyi	1
afakuo	1
senkyire	1
belinyi	1
mpriensa	1
abukasim	1
mmarahyebedwani	1
oduntonaware	1
sorafam	1
nkyiremu	1
atintimman	1
agyinamude	1
afipam	1
gohoho	1
odwaadini	1
kaawasan	1
egyidi	1
nyasafuo	1
basanite	1
akyinakrom	1
ogunyemi	1
abandwuma	1
abiabo	1
mfidedwuma	1
mfiridie	1
mmrikatuo	1
ofruntum	1
proten	1
mmerem	1
yafra	1
tamaka	1
amankokrom	1
frankaatumi	1
ayewohomommo	1
abaamoa	1
oforisuoda	1
akotoku	1
wintam	1
mempeasem	1
metodisini	1
mpatuam	1
kraakyeni	1
wuuda	1
mmrannim	1
oyoe	1
aduanuan	1
bonakye	1
breweniase	1
beeme	1
adawa	1
nhabanmono	1
kwena	1
mmanaana	1
nyiraa	1
nsakyibea	1
oguadinni	1
tubani	1
krakro	1
kokoyam	1
yakayake	1
wotukwan	1
adehyekasa	1
nnoea	1
lukeman	1
sikafutuo	1
nwentaso	1
amanuo	1
pannyin	1
frisia	1
amansankubaatan	1
akwanyia	1
gomoaman	1
kutuku	1
agyinakuo	1
krodadaamu	1
bosomfie	1
deaso	1
kuom	1
atuaten	1
abadea	1
nnwumasem	1
wakoadare	1
sukuua	1
nsaem	1
bafana	1
asuanse	1
antoakrom	1
timori	1
antaateka	1
abosim	1
biaraso	1
daadom	1
anansankuo	1
nkontabuni	1
akenkanakenkan	1
wabene	1
asarekrom	1
atenato	1
seewu	1
mempea	1
akereko	1
mmirimita	1
hwentia	1
duunyin	1
monetuo	1
sukemani	1
nnipakua	1
tweretwereni	1
bukum	1
temana	1
afiria	1
nnuabarima	1
adununnan	1
aduoko	1
nwetwe	1
mmirituo	1
nkrona	1
nyenya	1
nsakubo	1
mmuasuko	1
nsuommoa	1
bokaro	1
bayika	1
godenu	1
abehenase	1
wonnibi	1
adoyekuo	1
kekea	1
okoyo	1
ntawantadie	1
notoso	1
trakwa	1
kataso	1
nufusua	1
mariba	1
ahennkuro	1
bonera	1
amorebieta	1
binda	1
yakini	1
nsotreman	1
gyeda	1
nkramonyi	1
mmusuapanin	1
trotorootoro	1
aduanyam	1
yafonu	1
nnuom	1
nkenkyene	1
hwenemmusie	1
newuo	1
anawi	1
sontim	1
obubo	1
nensia	1
abadwa	1
bakyera	1
atemmukuo	1
sepreme	1
mmeranimfokuo	1
akyekum	1
mammuo	1
sakuri	1
adwukuo	1
adibo	1
krasina	1
prosu	1
nwomada	1
hosiane	1
nketewanketewa	1
bueman	1
katamon	1
enukomeko	1
kwasibuokrom	1
korankyem	1
mmrahyebedwani	1
afofieda	1
kwamankesekuro	1
nahyease	1
edikae	1
manwe	1
ankwondwa	1
amoahene	1
dusia	1
monomotapa	1
afeapem	1
badwanie	1
aneda	1
atentrene	1
mfonikorabea	1
nkoaso	1
baabade	1
nkatankanta	1
baabede	1
nkantakanta	1
asakae	1
tehyi	1
akenkankuo	1
nkoraman	1
adwamanso	1
seketia	1
boafri	1
mmoofuo	1
mmarahyabadwani	1
biadoo	1
fudu	1
aduaprokye	1
nsiakyiban	1
amantan	1
mmarahyebadwafie	1
brofoyeduru	1
mmerahyebadwamfie	1
mmerahyebadwamni	1
asankra	1
nyamenipa	1
nsanoadwuma	1
ntoasoa	1
frafrani	1
akwonnwa	1
wiredua	1
ntroso	1
adwumu	1
asiesiebea	1
nkatedua	1
nkremo	1
mankroso	1
bodum	1
asorekuo	1
amansankuo	1
edwakofi	1
kasamfonini	1
nwewa	1
dromankese	1
nnwoomasua	1
amammuni	1
anemana	1
andema	1
kotonimmaa	1
adehyehyie	1
nuapanin	1
daanonin	1
akensisem	1
demaa	1
amanmusini	1
sendema	1
adosu	1
manmmara	1
temufoo	1
anneline	1
akyiere	1
agudeetuo	1
wuaku	1
mmuenu	1
mmarahyabadwafie	1
adanta	1
pomponi	1
nwomasuani	1
yatete	1
yammin	1
kwadoso	1
bandanaa	1
mframapa	1
barawi	1
amoanimaa	1
nyianaa	1
hamaria	1
amnu	1
akwahonsan	1
adansekrataa	1
agyeatomu	1
sankana	1
woono	1
mmatafowa	1
nkrom	1
gyinatuo	1
proso	1
kofikrom	1
nkomasua	1
kwadubunu	1
abiriren	1
wodaada	1
hyita	1
adokron	1
atenankonya	1
natahodie	1
bomose	1
abansem	1
nsonsuansoo	1
okohyia	1
obukaba	1
muteesa	1
fibae	1
kaseena	1
mmusukuo	1
krakyeni	1
nnyinso	1
nsuia	1
asumfua	1
tetekuro	1
kateke	1
atewaa	1
protabase	1
baabinsuo	1
trahere	1
ayiease	1
kwantekoro	1
mmpesoaso	1
mfuomdwuma	1
sasiaa	1
nnwumasom	1
aguadini	1
apaawaa	1
adesuaho	1
nhomamu	1
nokono	1
nnwaso	1
nanammarima	1
mantamma	1
adeapena	1
teteman	1
akokware	1
amammue	1
atemukuo	1
hurutenten	1
panyindie	1
amnmui	1
woahata	1
twitwam	1
abitie	1
nkakeho	1
amedaka	1
osesaa	1
anodiekuo	1
wofriri	1
merene	1
kruman	1
brasenose	1
aduosiane	1
kanwoma	1
kwawoma	1
nkuroa	1
gyakiti	1
nhwehweanim	1
mmerebi	1
tumikrataa	1
asafohenenom	1
amanketewa	1
abankuro	1
amanketewaa	1
asaasewura	1
okereman	1
akuapeman	1
wapom	1
efiriri	1
nsusanso	1
wonnyin	1
nyinaane	1
aguso	1
afiaye	1
awiemuhyen	1
nwomakrabea	1
nhahannuro	1
ntentene	1
aduanannum	1
woretena	1
obennem	1
prempensua	1
kwawunsusua	1
biaye	1
sunom	1
mmawammoawa	1
ntentem	1
kuomuni	1
nsesea	1
amanano	1
aduno	1
nyinamon	1
woferi	1
abibirimfa	1
swietenia	1
damaturu	1
dufuna	1
kanawa	1
opuani	1
wondua	1
kudoto	1
hyensibea	1
anatolia	1
nkrawa	1
maarima	1
asiakwan	1
okukurodurufuo	1
nuamnom	1
kampan	1
boadan	1
nabita	1
botoom	1
edunu	1
owusaduomi	1
anototoni	1
mukwabena	1
ahinnime	1
koyabenada	1
ahohomfi	1
botea	1
ammerea	1
annsan	1
mpontuhare	1
mfantae	1
nsankubo	1
abiberemu	1
kwanin	1
kanntata	1
ketawonsa	1
atuapoma	1
abeawaa	1
mmaranikuo	1
akekrehemaa	1
amankwokwa	1
nkyekyemamu	1
sintin	1
akyirekyire	1
anyenam	1
adwennwenemu	1
nhyiamde	1
yakora	1
bonsome	1
kasum	1
awenare	1
nsumunam	1
shinkaafa	1
sowura	1
memenenda	1
mannsini	1
nafuru	1
anananmusini	1
gyantua	1
enonmise	1
mutuku	1
ntuboaso	1
akentene	1
wakuru	1
babina	1
akika	1
afiesenna	1
nimpaduamu	1
boyoyo	1
panwum	1
baanodini	1
nhwam	1
kaapeke	1
aduoaduomu	1
namoade	1
akwanyaa	1
kontwa	1
narosura	1
babati	1
nsempaka	1
nsempakanin	1
nkontabunin	1
ankoantia	1
sompahemaa	1
nyohini	1
nkomi	1
buumi	1
maroso	1
obenwaa	1
wiehyen	1
adaniadane	1
murinae	1
marieta	1
wakuraa	1
wowae	1
abuasuakuo	1
odenke	1
manoni	1
nienu	1
amamam	1
dumisa	1
senyaka	1
aguuda	1
kundima	1
barewa	1
ankrakra	1
fidani	1
nemom	1
mpontunnuma	1
barikese	1
kuadwoma	1
mponto	1
welafare	1
nimdea	1
afeamenyo	1
ponada	1
aseteram	1
botani	1
ofoti	1
titiman	1
atrensu	1
ayeasu	1
aworowa	1
aduman	1
basutolandi	1
mosanyane	1
mantatise	1
abaayewaa	1
afurusane	1
somenya	1
benoni	1
nomasua	1
nebaabi	1
aduanenuru	1
kwaminaabaka	1
adwumamu	1
adarem	1
menenemu	1
kramofuo	1
friri	1
feretia	1
ahenkurom	1
nnwomanimni	1
afrosane	1
nkunime	1
nwansin	1
friesian	1
antiserum	1
nedakye	1
abeawakode	1
ahemmaanom	1
akyennye	1
namusini	1
woretietie	1
nsusudua	1
bakoena	1
senesene	1
wahyiamu	1
mmoronoso	1
kadian	1
worenunum	1
hwenteaa	1
asaamu	1
beadom	1
mondora	1
awerewa	1
naetra	1
bunuka	1
akutene	1
nsakyirae	1
setaria	1
tinnsea	1
nisirine	1
asesesa	1
telin	1
hamenoo	1
bubakari	1
musanda	1
akuturoku	1
merian	1
kommuna	1
nnuannuro	1
mahawan	1
melatonin	1
furosemide	1
mpareso	1
makani	1
watwitwam	1
gyankroma	1
gyinasibea	1
ahankrono	1
akondi	1
oparabea	1
kromani	1
kwansima	1
nkosodwuma	1
feeri	1
bepui	1
nakoe	1
deneenen	1
bonoebara	1
bataanie	1
ankoranoro	1
aduonunsia	1
amanoni	1
motam	1
nnuanepa	1
mmakuo	1
amfano	1
srani	1
konanadu	1
britian	1
kunutunkununku	1
asiakwahene	1
barekeseso	1
hyinaa	1
akensie	1
basiako	1
asetemu	1
dukua	1
egyine	1
mapanyin	1
akwanyan	1
saafi	1
akansiemu	1
mmiemnu	1
sikasesa	1
nkrataano	1
andoni	1
suadanese	1
nusia	1
sunnoma	1
tepaso	1
abusuako	1
edubaako	1
ahyiase	1
kurukuruwaa	1
wedea	1
ahenenie	1
manaya	1
wanyena	1
yafuanu	1
abewiewia	1
nyisia	1
betenaa	1
sekanma	1
nukwase	1
setuni	1
kosiba	1
obuadum	1
nniaanim	1
kwantekron	1
basufan	1
kaniana	1
kramodan	1
agyinapem	1
natenka	1
kominsan	1
nkompo	1
sianti	1
pantrawa	1
asikyiresam	1
nitrofuran	1
samonsa	1
odiakyire	1
badwua	1
manadi	1
sahelia	1
ntakramoa	1
ahohyie	1
afrusane	1
ahokika	1
betasamosake	1
aduanenuro	1
abienu	1
adwoe	1
hwentie	1
ahemaakye	1
antonie	1
kwammoaa	1
porosome	1
mankwammoa	1
nsakare	1
shinan	1
paakyi	1
amutuam	1
anemusini	1
adoakyeri	1
yaakubu	1
afofofro	1
duori	1
amansunu	1
ananmuini	1
mmfirinwuma	1
dayino	1
nikiema	1
sidwaya	1
nyota	1
nipaduamu	1
yareboa	1
nkwana	1
asenemu	1
gyease	1
nsoena	1
nonea	1
nonkesua	1
mmrada	1
operesan	1
susutwe	1
afiasetena	1
baarima	1
subianto	1
andwen	1
nnaduani	1
turian	1
asikyirekuro	1
nemmoa	1
nsutade	1
materia	1
asikire	1
odamea	1
nhiren	1
demakese	1
kunudiri	1
efirin	1
sasaborim	1
totrowa	1
mmirekatuo	1
nkuntabuo	1
meposo	1
abofora	1
ahabannuru	1
freere	1
premire	1
afitaa	1
nneam	1
nkanya	1
nnuaden	1
nhammama	1
nhwehemu	1
boayekuo	1
nankyi	1
nepoko	1
abakrapa	1
dunkua	1
asemdibia	1
abinom	1
nkuromu	1
konsekrehyin	1
sikasie	1
awotuu	1
nnufaribea	1
kofiridua	1
suronko	1
drummie	1
brema	1
badwaa	1
nsonosono	1
sikomu	1
anumu	1
nipadia	1
denenden	1
ntuom	1
mmodin	1
betadine	1
nyafunu	1
sunnana	1
nyaredom	1
mmfirinnwuma	1
sasema	1
nkabakabu	1
wiwiri	1
sundanese	1
solanidine	1
solanine	1
nwiseaa	1
anwuntokuo	1
ametowofa	1
meperidine	1
tooa	1
mpantan	1
mmenyaa	1
ahyese	1
nabadiekyire	1
mfidiwuma	1
afroma	1
tafiri	1
nkabokuo	1
wokoraa	1
prennu	1
bondaye	1
presea	1
lumine	1
tonyi	1
enyirisiman	1
asantemantem	1
ammirato	1
adwakuo	1
hammi	1
ennafati	1
siboni	1
nkakrankara	1
nkotaabuo	1
aduonunson	1
ahenimi	1
anwonaman	1
adwadiekuo	1
ntininkyiri	1
nuapanyin	1
akomu	1
munaba	1
lunaba	1
adenine	1
nnunenuro	1
adudwan	1
okukudwinni	1
nsayare	1
abokyiman	1
fietena	1
terema	1
kabukie	1
nkodwadin	1
adamanmu	1
motafowa	1
mmpem	1
ananmusin	1
anohoyaa	1
morabito	1
agueda	1
modibodi	1
keabena	1
nkutahodieni	1
adumua	1
akutrukubo	1
mmabadwani	1
adurokuo	1
gyetum	1
kukuruwa	1
bofeko	1
agyemfre	1
nsiaa	1
ahasonne	1
anannu	1
nkwannwa	1
sumere	1
mutasim	1
patria	1
maamansan	1
antonin	1
ensase	1
enise	1
adantamo	1
anyimon	1
wontuaa	1
nsowine	1
solanderi	1
feminino	1
twaae	1
amide	1
kasafonyin	1
anaafoepue	1
mmrantiehene	1
kakyerenyansa	1
nkurasienkurasie	1
bonte	1
aduko	1
nnanwaan	1
nkwonnwa	1
tenadu	1
panera	1
adonum	1
amakwa	1
nnosoate	1
sammini	1
shoniwa	1
sumra	1
wonworam	1
nnwonku	1
agyinatuni	1
kurosawa	1
moerenuma	1
shimin	1
hayasaka	1
nipakan	1
toyohira	1
anwimere	1
nyankofa	1
ahenkuo	1
wikimedian	1
sabaean	1
hamdani	1
mmontene	1
namandiru	1
sunuu	1
nyanama	1
mansoani	1
sindose	1
friedelin	1
wokofaa	1
surudu	1
ayinamoa	1
yanam	1
huberi	1
asawamu	1
nyaremmoawa	1
endu	1
boresa	1
afrofu	1
bamiri	1
awinaba	1
adwumadinin	1
agyenamu	1
dasoman	1
ntetan	1
nnwontuni	1
sharana	1
asomuade	1
sibituane	1
shaaba	1
nnuadeba	1
mmoawamu	1
wontwitwi	1
duabiesa	1
sennoside	1
neerukayi	1
barayi	1
mfumnwuma	1
fiakuna	1
darison	1
oguatenani	1
badinyaa	1
annyini	1
makemake	1
nketenketewa	1
nitrite	1
takenda	1
kebabi	1
nyankafie	1
wiemna	1
nkatabuo	1
surate	1
nikitahodie	1
sunuani	1
adesuamu	1
nnumadie	1
ahinemi	1
nhomakora	1
berase	1
ampratwu	1
gyinde	1
boahin	1
ahenakrom	1
asesewaa	1
kronum	1
pasadi	1
poomaram	1
nkitohodie	1
montanaso	1
mantamananmu	1
daramanu	1
asantehema	1
mmponkye	1
abuie	1
ahomie	1
dendera	1
taami	1
awennie	1
atetene	1
munnipa	1
setampo	1
mpreho	1
gyankorama	1
protin	1
tetani	1
framire	1
kamani	1
mandoline	1
kasafonyini	1
nkumidie	1
tafahye	1
twedaase	1
adwenie	1
mahean	1
mmpontuo	1
mfirinnwumabea	1
mpataayibea	1
anntom	1
akwame	1
awuara	1
takoradie	1
tepadina	1
nakansie	1
anodanyi	1
adenosine	1
mokaya	1
bosomeman	1
brikama	1
serekunda	1
nsononoe	1
potatoria	1
masuiana	1
triana	1
edentata	1
daemeliana	1
adwontokuo	1
kotomina	1
anabato	1
todie	1
densaa	1
tirimukeka	1
woentum	1
wetum	1
nsosoe	1
britani	1
mukono	1
mumasaba	1
nnwomasuani	1
kabara	1
tresadem	1
mpemnkron	1
asaasin	1
nnkrataa	1
amanekuo	1
nkranmanatam	1
tampuri	1
yannte	1
sanyade	1
wuruduwurudu	1
nnaduafie	1
amanmmuo	1
mmrasuabea	1
nhomakroabea	1
atetekwan	1
tomentosa	1
ahabannuro	1
osesea	1
damaa	1
nkratasem	1
nkokuo	1
ntawatadie	1
nieman	1
abofraa	1
asodwoe	1
awodin	1
nkunimfuo	1
ntima	1
denkyirahene	1
antolia	1
tunesia	1
woadikan	1
gyentom	1
akwanmisani	1
mondadori	1
damiano	1
nananmu	1
ewuro	1
ntorontoron	1
etipae	1
wankari	1
agyadin	1
tutera	1
bampuori	1
konkuu	1
kuoro	1
praeminentia	1
oyeeman	1
nnkorabata	1
sasakawa	1
gyituum	1
amanmofuo	1
adwinie	1
nhyini	1
mahayana	1
nnadua	1
akuase	1
badwanin	1
obibinin	1
santimaria	1
ahansua	1
ahankon	1
mansinimu	1
mfitiasie	1
kununi	1
baritone	1
soninke	1
katiana	1
ntotonturowa	1
ofum	1
ntotorowa	1
nonmelanoma	1
abibiduruo	1
mufiri	1
ntintimma	1
ahabamma	1
polandi	1
nasona	1
nasuan	1
mampaya	1
karibean	1
awaakye	1
akwahosanso	1
nnuroye	1
fiawonu	1
abaedakyire	1
abediakyiere	1
apaya	1
enten	1
kwasipanin	1
kwasipani	1
ntonkabuo	1
nkarankara	1
kontinente	1
tempani	1
kasenna	1
nsukwan	1
kanem	1
nhinna	1
akyebiakyerehene	1
swia	1
hwentea	1
bekui	1
woyiram	1
akinwande	1
mpoatam	1
bibiman	1
afaredwuma	1
mframma	1
tipasa	1
ankrankora	1
nyehye	1
dabunso	1
aboduam	1
amantitire	1
akondwadin	1
mpemadu	1
nkurankura	1
mpemdunsia	1
opereba	1
nkitinikiti	1
ahwerawa	1
nsusuano	1
ntotom	1
ahyeahye	1
bososome	1
nninimu	1
nodosa	1
akokuoduru	1
okuanni	1
anamo	1
kataaha	1
frelimo	1
mpororo	1
kokundeka	1
takeharu	1
babarim	1
kronkuron	1
mokoena	1
mperen	1
nnyentom	1
gyitom	1
atenmuo	1
nkuroabata	1
ateneho	1
nkonnim	1
simenti	1
sarafina	1
aduanannan	1
sedetani	1
asaatam	1
suum	1
nematode	1
abuua	1
sredine	1
swaen	1
behohoro	1
nsusuanso	1
kanadani	1
asaawadwuma	1
gowoman	1
nwommasua	1
sumoo	1
mmabunuakuo	1
nnwumakuwotitiri	1
odinson	1
danton	1
kubaba	1
sorononko	1
krowehyiani	1
nkumimdie	1
mediterana	1
akanasie	1
kuntundawura	1
komaduro	1
asarum	1
nhabanduro	1
nkatewa	1
ntatawa	1
makwayiba	1
mayende	1
bakunin	1
weeden	1
adwemu	1
nsosoanso	1
ntaabo	1
sikafam	1
felidae	1
bososo	1
nuaberima	1
akooduru	1
sheraton	1
muwenda	1
matooke	1
annuro	1
tititre	1
munkaase	1
krotiri	1
anintini	1
timan	1
nsemon	1
semdie	1
enkaka	1
finkyem	1
atennie	1
notaari	1
pawusa	1
osusuu	1
wonsusu	1
nasisom	1
amonsem	1
akwanna	1
asemdie	1
awusiaa	1
afunsebea	1
afirisia	1
mfikyireko	1
nkwadaabirem	1
manuum	1
ntutumoa	1
worenma	1
apotoyewa	1
kaake	1
samfro	1
woatentene	1
aduanansia	1
nsosomu	1
mfididwomfuo	1
mawerehene	1
kataasese	1
bekenkan	1
nkratuo	1
adehwehwe	1
mfimfem	1
tiasienam	1
adwontofuo	1
nnonnsia	1
abommofuo	1
ntutumme	1
ntaafuo	1
mpotoro	1
aninam	1
nwomanimfuo	1
atikyafuo	1
akoromfuo	1
koromfuo	1
ofipamfuo	1
asawoni	1
odofuo	1
obafan	1
naadewa	1
nteseewa	1
nnankafie	1
nkranti	1
nkommodi	1
bonsie	1
shemu	1
mpumpunna	1
matwam	1
amenemene	1
woammoa	1
owemede	1
adwenesakyera	1
kuame	1
moatia	1
senseaba	1
ahwia	1
anansisem	1
twimamintwi	1
atromo	1
toton	1
osomafuo	1
apro	1
hamdu	1
nnomaabuo	1
nnomaakorabea	1
nsaanodwumani	1
adwumasuani	1
sakram	1
mansoo	1
hudwuma	1
amfoa	1
mayanka	1
kukurubini	1
awonani	1
dubae	1
motentam	1
wotentam	1
metentam	1
woreteatea	1
mmarabuo	1
nsahwam	1
adwumampanin	1
gyafunuma	1
mprakonini	1
nwonwoonwono	1
awonya	1
nsamanya	1
buronyanoma	1
mpantwea	1
apantwea	1
woadware	1
duabena	1
mframatoa	1
tikwabokwabo	1
nnomaafie	1
aburodua	1
oprammire	1
daframa	1
wisidua	1
nnwontokuo	1
nhyiamudan	1
nnyinammoa	1
mansotweni	1
odiamono	1
kamfa	1
nnwera	1
nkotabuo	1
sikapoma	1
apuo	1
nkaboa	1
sikasese	1
mpuwesa	1
sisireba	1
mfurofurowa	1
furofuro	1
nkwadaankwadaa	1
opomade	1
nantwibaa	1
temammuni	1
nsatire	1
kwaseabuo	1
abomfeabuo	1
abomfea	1
tibua	1
nwunwuunwunu	1
nwunwunu	1
efunnaka	1
afeduro	1
sikawia	1
konkurowaa	1
asesawura	1
daseta	1
mpennowa	1
ntesimu	1
firikyie	1
abomfeaabuo	1
adetuo	1
nnuanedie	1
adamadwa	1
ntwahohyia	1
mfirimu	1
deeti	1
sekantia	1
afomfam	1
adammuo	1
frankaasie	1
nsunoma	1
ntwahohyiafa	1
asommurofi	1
haahae	1
ahaahae	1
nnuanne	1
nniano	1
nnankwaasere	1
adwinnidan	1
mfididwumabea	1
bemmuo	1
nnyaemu	1
nnyinano	1
nyansakasa	1
okunukoro	1
nkankabi	1
nsorommatuadua	1
matrase	1
maamekum	1
nnokommoa	1
ankwaa	1
adetafere	1
akankaa	1
nkyesie	1
apempemapempem	1
funsie	1
nsabo	1
nkradwuma	1
weserewesere	1
sowata	1
kayaye	1
dadeteaa	1
funtumfidie	1
ayensini	1
etusini	1
oboyaa	1
papakum	1
mfamu	1
akototwua	1
adwarepan	1
ntiamu	1
nomenome	1
kwaasansam	1
anisoyie	1
amamman	1
hwetehwete	1
kokoyere	1
samforo	1
nsanakyiri	1
konkosie	1
mfrofrowa	1
ahoakyiripa	1
akyiripa	1
nhyiamubea	1
deduane	1
nnarekahoma	1
mpatasika	1
nnwannini	1
adweadwe	1
ntantadwene	1
ahenanan	1
asasesusu	1
adesusu	1
okyitaani	1
menesie	1
hwinti	1
mmuromu	1
adetwa	1
mmoakum	1
nantinitwitwa	1
nsaanodin	1
aboateaa	1
adesuafie	1
adwumapanin	1
ntimano	1
nkoronsankoronsa	1
ntwitwaananmu	1
nkyekyereho	1
abirekyinwi	1
agyankari	1
abayinoma	1
haahaa	1
mfofoo	1
kurokurokoko	1
tunkumm	1
nsesadie	1
towuro	1
atitiatiti	1
anunuanunu	1
hwowa	1
selaboso	1
ademene	1
nkwanya	1
moapamo	1
funuu	1
ewewe	1
meretuo	1
mennwane	1
woasere	1
ampaneampa	1
anyininyini	1
fienipa	1
haseson	1
anamim	1
ludim	1
merennome	1
akontorokontoro	1
samannwoma	1
ntomasini	1
moremfiri	1
panea	1
mentia	1
hyehwam	1
moantwitwa	1
monware	1
worensiane	1
merensiane	1
ntokon	1
nyenyem	1
odwammire	1
mesomm	1
mehwere	1
kentene	1
mawowa	1
watwintwane	1
mapata	1
nworahwam	1
aneneduro	1
nsenawa	1
nkoamu	1
antankoraa	1
ankoraa	1
nsapare	1
akyiresua	1
deduadan	1
nsuroo	1
sitri	1
moanwie	1
woampen	1
kandie	1
mfram	1
nsakyerae	1
nsunsuane	1
patubiaa	1
monkyire	1
mompata	1
huroe	1
nkyekyeewa	1
asomurofi	1
kusumdie	1
ntwinini	1
duapuo	1
aduhwa	1
nkuduo	1
krakyere	1
nkataan	1
mammene	1
woampempane	1
mpempane	1
moreboa	1
mohim	1
nnwoa	1
hwento	1
adekarie	1
adesusuo	1
monnkurukyire	1
motabota	1
monnkonton	1
nsasaawa	1
woansoa	1
nantwininiburuwa	1
anwumme	1
nimono	1
anwanne	1
nofa	1
haabarim	1
atarim	1
worennie	1
nahibi	1
woankura	1
nwaduro	1
anantwin	1
adwirade	1
amaam	1
nnesoasoa	1
moaboaboa	1
moadwane	1
nnkoto	1
monntete	1
asapasa	1
meremmane	1
motintim	1
dabaako	1
semue	1
nkonton	1
moampamo	1
mompamo	1
sofan	1
moamia	1
kenisini	1
sebam	1
wammara	1
suham	1
mmokiti	1
nhyenoa	1
mfetema	1
duabuni	1
woremmoa	1
kasabebuo	1
mmfira	1
ntuaban	1
efuro	1
wayie	1
woreku	1
moyie	1
momane	1
moabata	1
monnsene	1
monnwiridwiri	1
mosuroo	1
woretwam	1
hadata	1
sikron	1
betonim	1
makedahene	1
woaku	1
hoham	1
modaadaa	1
woaha	1
mmammarim	1
sebarim	1
mamuni	1
moasuro	1
nyameso	1
apedu	1
awiekyire	1
woannwene	1
nankorom	1
awiporebea	1
abirekyieba	1
woronnworan	1
monenam	1
merempamo	1
moampa	1
mehaa	1
nnwiraa	1
horem	1
sahasima	1
hanaton	1
saruhen	1
mmammarimanom	1
sekaka	1
kabon	1
moansom	1
ammarima	1
atokokuo	1
mentase	1
atenayie	1
asatuo	1
kwantenni	1
busuakuo	1
mentwere	1
wanwono	1
timnani	1
amfuntum	1
keramim	1
mpemdunum	1
serera	1
woasiane	1
woasianka	1
woreti	1
medodoo	1
ahime	1
tuateni	1
atakyie	1
owuoyea	1
mamfra	1
mampra	1
mommuni	1
mmfire	1
soodoni	1
osoodoni	1
mfunum	1
samue	1
kuntusini	1
tekoan	1
worepamo	1
etewa	1
boroe	1
woansiane	1
ansiane	1
nnonno	1
awianna	1
hasurim	1
worenku	1
moasim	1
bankwaa	1
ahwam	1
woresum	1
meremfoa	1
nhwire	1
nnakatire	1
katire	1
nkukuduuduu	1
aponta	1
merenkame	1
wahyiahyia	1
maakati	1
harodini	1
takemoni	1
metiatiaa	1
akuntunu	1
ntoman	1
moahyira	1
wamfoa	1
nsuno	1
ahito	1
asima	1
woapaepae	1
merennware	1
nantwikuo	1
monnsoma	1
ansini	1
worekum	1
merepra	1
oboam	1
ahemmaadie	1
woasakyera	1
motuo	1
serua	1
merente	1
batadie	1
dammoto	1
naham	1
tiria	1
harasim	1
tehina	1
worehyira	1
temeni	1
husa	1
hasadia	1
hasuba	1
nedabia	1
hosama	1
abita	1
haroe	1
hamran	1
semarini	1
abansorodan	1
yosawia	1
tisini	1
hasem	1
harorini	1
seharia	1
antotia	1
sakia	1
mpemdunson	1
yaroa	1
safam	1
yosibia	1
susim	1
yasubi	1
efiewuranom	1
koseba	1
yokim	1
woantwere	1
mpemahanum	1
braka	1
mpemaduosia	1
moretuo	1
anyansa	1
nsemayie	1
ntomada	1
akoransa	1
semakia	1
akyeduane	1
koha	1
ntwenedu	1
beeliada	1
nawuro	1
wammoa	1
wakom	1
wawedare	1
tetetete	1
moantoto	1
siaha	1
konania	1
morensoa	1
nsuniwa	1
annwira	1
monnsensene	1
moadwira	1
kotokotoe	1
firafiraa	1
brafunu	1
annyam	1
woannante	1
beninu	1
asania	1
kenani	1
kusukusuu	1
hodewa	1
nahamani	1
asasetatraa	1
hanum	1
amiaa	1
sebina	1
yaasu	1
yahasia	1
nnannu	1
masunsuane	1
amampanin	1
adonika	1
ankuta	1
makyea	1
mantammantam	1
kontonkonton	1
woatenetene	1
amfonom	1
woahwanyan	1
akukum	1
dapadie	1
nnuabakan	1
medwiraa	1
morekum	1
odwiratwa	1
moadia	1
maadia	1
mekona	1
ntiatiaa	1
nkommena	1
manyera	1
mammane	1
woakame	1
atweneka	1
awoyie	1
mfite	1
wahotiri	1
mensene	1
nnuaban	1
nkraadua	1
nnkuta	1
kasammebuo	1
momua	1
watirie	1
worentwe	1
amemmem	1
wafunu	1
mpemdunan	1
merentia	1
prakaateni	1
owiakwanmu	1
hununa	1
merebua	1
nsaniakwanmu	1
menkari	1
menane	1
kamisaa	1
bakomadie	1
obuba	1
gyatabire	1
nnsum	1
nkyewankyewa	1
torotorotoro	1
mmuruwa	1
annwan	1
teeni	1
mekusaa	1
mebata	1
manwatiri	1
wankyiri	1
wansere	1
hahyeehahye	1
osuhweam	1
nhwiesa	1
nhoran	1
ahoran	1
anantwininikuo	1
bubuanwea	1
woanane	1
woakari	1
ankuo	1
ahafi	1
nsaniam	1
aburuwa	1
mekyini	1
woabubuo	1
mataataa	1
merense	1
ntakrabo	1
sikatam	1
memmue	1
ahyehyekuro	1
tumidibea	1
woawoso	1
nkyinkyini	1
merempene	1
sankuhan	1
susuansuo	1
merensakyera	1
nsakyirinsayam	1
mfumpaabuo	1
dakorodie	1
anyansapam	1
sonannim	1
nunkum	1
wosowosoe	1
mmasantene	1
mammem	1
mmfono	1
kasakye	1
mokame	1
adwabirem	1
ankuhan	1
nntintim	1
mentane	1
meremforo	1
ayemfi	1
dadebini	1
abebare	1
woateatea	1
mennkyini	1
memmfiri	1
nkonsia	1
mehodwoe	1
hatuha	1
ahyehyewonsa	1
asetim	1
wabisabisa	1
gyinamu	1
potwaa	1
akyirinna	1
wasea	1
kwatie	1
nyansanya	1
ntwianimu	1
akyinkyi	1
duapapo	1
paanoosini	1
woampenepene	1
abadoma	1
abunabunu	1
kompuo	1
mebiri	1
odufrani	1
turituri	1
merekame	1
teneneebea	1
wuwuo	1
mmommo	1
nsekammoa	1
mensuaa	1
meredie	1
eneeni	1
abufunimu	1
afirikyie	1
asabaa	1
birikabirika	1
nsasabonsam	1
atutenani	1
asutuo	1
morennyina	1
akuntunkuntunu	1
ogyaframfram	1
nsafra	1
mmansere	1
apapahwekwaa	1
mahana	1
meretete	1
banon	1
duhwam	1
ntweremu	1
makyini	1
kronkro	1
monkwae	1
wamuamua	1
afurofuro	1
osudwareni	1
abansini	1
etewaa	1
menwoo	1
menkyemm	1
wahwim	1
menetwa	1
ayitomafira	1
dedanim	1
nnemmire	1
haahare	1
woresiane	1
sennuro	1
afomfom	1
manwono	1
awiapuebea	1
ansuwa	1
woapore	1
mentwene	1
oboano	1
ntabono	1
ntannaa	1
babababa	1
afrafraduane	1
nsabutam	1
worensu	1
frankaadua	1
akurum	1
nantiabea	1
abusudwuma	1
woankeka	1
animuon	1
ahotiri	1
abuadadi	1
woaprapra	1
abosompem	1
ayitotoni	1
merenteatea	1
amuamua	1
makurukyire	1
mompue	1
medwoo	1
gyawurusie	1
mompaepae	1
butubutuo	1
mompempane	1
wofira	1
ahyirahyira	1
morensane	1
woakyini	1
efienipa	1
montwam	1
merekanyan	1
mennwonoo	1
merekoa	1
moanum	1
wosunsuane	1
metiati	1
menkyekyere	1
woanum	1
merendwiri	1
moapansam	1
abutubutuo	1
wasunsum	1
worensane	1
nsuosa	1
aporepore	1
makyiri	1
ntwintwam	1
monnsua	1
mporepore	1
metue	1
sikatwa	1
fipamni	1
oduhwamfufuo	1
atirimu	1
meredwiri	1
hofra	1
wafira	1
merennwiri	1
sekim	1
metiaa	1
habasinia	1
amema	1
mesunsumm	1
nsasewa	1
mesakyerae	1
ampore	1
woantwi	1
monwareware	1
nnwanini	1
mommunimuni	1
wampono	1
nebusara	1
nsapono	1
nebuka	1
mamunimuni	1
nsuwisie	1
mommema	1
ahantanni	1
mokuntunu	1
mosuu	1
moduabo	1
okyirisanni	1
monkyinkyini	1
wowosowoso	1
ayantam	1
monnwanedwane	1
woatane	1
woafam	1
merehyiahyia	1
wonnam	1
wokunkumm	1
nsaasaawa	1
madaadaa	1
mesunsum	1
soteni	1
akusukusuu	1
moannante	1
ntekamu	1
torodotorodoo	1
ahaahaa	1
tasuo	1
wakyeakyea	1
mframatoma	1
butubea	1
morensu	1
morenkata	1
matwi	1
ahwanyan	1
aduhwan	1
akurukyire	1
moanane	1
framframfram	1
mesiankaa	1
mowuo	1
atemm	1
duamono	1
wammuo	1
atenteneatentene	1
mporibaa	1
mawurawura	1
mebuebue	1
merebuebue	1
hyiahyiae	1
mepansamm	1
worensoa	1
woantane	1
morewuwuo	1
ayidwom	1
botoe	1
wapenepene	1
anyamedwa	1
sianesiane	1
aneneduhwam	1
nnenkyenema	1
anyinnyam	1
maboto	1
meweaweaa	1
ennini	1
mpansam	1
mompore	1
benyami	1
hatikon	1
berota	1
ntutuma	1
atuntuma	1
moasusuo	1
mmannwa	1
mmukamu	1
hyekwan	1
hamona	1
merenyane	1
porebea	1
nyaanyane	1
nsoromm	1
sinsiam	1
turiturie	1
aduanetwa	1
moafuntum	1
nkonyabi	1
awommawuo	1
afurofa	1
anomayini	1
waboapa	1
monnkeka	1
mmosomfenaa	1
duafufuo	1
morenyi	1
monyantam	1
mfirafira	1
koransan	1
mapempam	1
madanedane	1
wiratwa	1
mohiahia	1
monntwam	1
adekyehema	1
mekunkumm	1
monyema	1
asokoraa	1
fidiem	1
taduakurani	1
ahempomakurani	1
tokotokoo	1
makanyan	1
afunumuburuwa	1
mehwanyan	1
modidie	1
nkuraankuraa	1
mofirafira	1
meretena	1
kuntudan	1
moatwam	1
motoatoam	1
mokyiri	1
asinsiam	1
moatwitwa	1
modwa	1
mabom	1
moannu	1
enare	1
moantiatia	1
nsasini	1
moredwendwene	1
bosonsonni	1
korokuma	1
wamfufuo	1
asiwayere	1
anantwiburuwa	1
mensakyera	1
anikankyi	1
agyaadwotware	1
wapaepae	1
meretue	1
mensumm	1
butubutui	1
moreda	1
moannwene	1
owunyane	1
gyeni	1
nkorokuma	1
monsusuo	1
nnamena	1
montiatia	1
fiepanin	1
sunsumm	1
yorim	1
basasini	1
hoteeni	1
sradehwan	1
fekuni	1
sirakuse	1
agyinayie	1
mantwe	1
meredwira	1
nnammienu	1
worekyinkyim	1
abutuo	1
ansono	1
mosum	1
manaen	1
huroo	1
anwonanwonammoa	1
hwimm	1
asuafokuo	1
tikwankoraabea	1
worehohoro	1
dentre	1
profeta	1
merekoto	1
momfra	1
taamudie	1
asiasia	1
abusudin	1
afirafira	1
aniduro	1
merempepa	1
woawuo	1
morewie	1
somafosom	1
metaataa	1
mommfata	1
antuo	1
wansakyera	1
ntipa	1
marato	1
monnyini	1
moamfiri	1
kukurududu	1
damfofa	1
mohwe	1
mamane	1
nnkyinkyini	1
antere	1
pomatire	1
nntwene	1
mosomm	1
wanwae	1
firatam	1
